{"auroc": 0.8849431818181818, "aupr": 0.8675905483902431, "y": [0, 0, 0, 1, 1, 1, 0, 1, 0, 0, 1, 0, 0, 1, 0, 0, 1, 1, 1, 1, 1, 0, 1, 0, 1, 0, 0, 0, 0, 0, 0, 0, 1, 1, 1, 0, 0, 0, 1, 0, 0, 1, 0, 0, 1, 0, 0, 1, 1, 0, 0, 1, 1, 0, 0, 0, 0, 1, 1, 1, 0, 1, 1, 0, 0, 0, 0, 1, 0, 0, 1, 0, 1, 0, 0, 1, 0, 0, 1, 1, 1, 0, 0, 1, 1, 0, 1, 1, 0, 0, 1, 0, 1, 1, 0, 0, 0, 1, 1, 0], "y-hat": [0.49, 0.32, 0.146, 0.61, 0.726, 0.62, 0.09, 0.61, 0.048, 0.31, 0.336, 0.088, 0.266, 0.778, 0.434, 0.384, 0.448, 0.678, 0.522, 0.438, 0.516, 0.14, 0.712, 0.21, 0.738, 0.508, 0.206, 0.614, 0.284, 0.162, 0.214, 0.144, 0.378, 0.538, 0.408, 0.226, 0.534, 0.57, 0.788, 0.244, 0.404, 0.504, 0.096, 0.528, 0.71, 0.178, 0.602, 0.526, 0.756, 0.112, 0.486, 0.212, 0.848, 0.262, 0.23, 0.13, 0.104, 0.656, 0.514, 0.808, 0.16, 0.708, 0.42, 0.332, 0.176, 0.442, 0.066, 0.668, 0.244, 0.6, 0.752, 0.614, 0.66, 0.312, 0.286, 0.334, 0.586, 0.146, 0.406, 0.562, 0.718, 0.104, 0.576, 0.598, 0.666, 0.174, 0.78, 0.702, 0.464, 0.16, 0.648, 0.216, 0.484, 0.818, 0.686, 0.206, 0.236, 0.486, 0.786, 0.474], "computation-time": 22.48866105079651, "max-memory-usage": 32271683}