{"auroc": 0.8975243506493508, "aupr": 0.8777386766891535, "y": [0, 0, 0, 1, 1, 1, 0, 1, 0, 0, 1, 0, 0, 1, 0, 0, 1, 1, 1, 1, 1, 0, 1, 0, 1, 0, 0, 0, 0, 0, 0, 0, 1, 1, 1, 0, 0, 0, 1, 0, 0, 1, 0, 0, 1, 0, 0, 1, 1, 0, 0, 1, 1, 0, 0, 0, 0, 1, 1, 1, 0, 1, 1, 0, 0, 0, 0, 1, 0, 0, 1, 0, 1, 0, 0, 1, 0, 0, 1, 1, 1, 0, 0, 1, 1, 0, 1, 1, 0, 0, 1, 0, 1, 1, 0, 0, 0, 1, 1, 0], "y-hat": [0.468, 0.334, 0.13, 0.588, 0.734, 0.574, 0.106, 0.568, 0.084, 0.304, 0.314, 0.08, 0.28, 0.742, 0.454, 0.332, 0.428, 0.682, 0.502, 0.448, 0.47, 0.144, 0.66, 0.2, 0.7, 0.496, 0.228, 0.6, 0.282, 0.192, 0.184, 0.176, 0.418, 0.554, 0.416, 0.248, 0.502, 0.554, 0.692, 0.278, 0.438, 0.518, 0.114, 0.548, 0.746, 0.216, 0.552, 0.564, 0.738, 0.138, 0.484, 0.292, 0.802, 0.286, 0.278, 0.178, 0.126, 0.686, 0.574, 0.782, 0.196, 0.68, 0.422, 0.344, 0.178, 0.402, 0.1, 0.674, 0.262, 0.568, 0.738, 0.558, 0.664, 0.298, 0.314, 0.352, 0.534, 0.2, 0.432, 0.544, 0.658, 0.11, 0.556, 0.612, 0.64, 0.234, 0.784, 0.696, 0.42, 0.19, 0.638, 0.24, 0.474, 0.766, 0.686, 0.17, 0.194, 0.446, 0.782, 0.466], "computation-time": 0.005864858627319336, "max-memory-usage": 9589563}