{"auroc": 0.9064529220779222, "aupr": 0.8923458232177433, "y": [0, 0, 0, 1, 1, 1, 0, 1, 0, 0, 1, 0, 0, 1, 0, 0, 1, 1, 1, 1, 1, 0, 1, 0, 1, 0, 0, 0, 0, 0, 0, 0, 1, 1, 1, 0, 0, 0, 1, 0, 0, 1, 0, 0, 1, 0, 0, 1, 1, 0, 0, 1, 1, 0, 0, 0, 0, 1, 1, 1, 0, 1, 1, 0, 0, 0, 0, 1, 0, 0, 1, 0, 1, 0, 0, 1, 0, 0, 1, 1, 1, 0, 0, 1, 1, 0, 1, 1, 0, 0, 1, 0, 1, 1, 0, 0, 0, 1, 1, 0], "y-hat": [0.436, 0.348, 0.132, 0.598, 0.71, 0.576, 0.12, 0.566, 0.072, 0.288, 0.314, 0.076, 0.282, 0.738, 0.454, 0.34, 0.426, 0.692, 0.522, 0.456, 0.516, 0.186, 0.668, 0.232, 0.752, 0.454, 0.21, 0.576, 0.222, 0.158, 0.168, 0.14, 0.424, 0.578, 0.42, 0.304, 0.504, 0.542, 0.744, 0.298, 0.38, 0.506, 0.078, 0.53, 0.708, 0.216, 0.56, 0.538, 0.756, 0.12, 0.44, 0.27, 0.808, 0.242, 0.26, 0.128, 0.146, 0.68, 0.532, 0.814, 0.172, 0.702, 0.376, 0.326, 0.168, 0.45, 0.088, 0.612, 0.264, 0.552, 0.73, 0.546, 0.656, 0.284, 0.296, 0.382, 0.514, 0.218, 0.408, 0.582, 0.656, 0.084, 0.522, 0.624, 0.688, 0.202, 0.81, 0.706, 0.454, 0.2, 0.614, 0.212, 0.494, 0.796, 0.68, 0.214, 0.234, 0.464, 0.774, 0.44], "computation-time": 2.823552131652832, "max-memory-usage": 81582926}