{"auroc": 0.8871753246753248, "aupr": 0.8660488734321798, "y": [0, 0, 0, 1, 1, 1, 0, 1, 0, 0, 1, 0, 0, 1, 0, 0, 1, 1, 1, 1, 1, 0, 1, 0, 1, 0, 0, 0, 0, 0, 0, 0, 1, 1, 1, 0, 0, 0, 1, 0, 0, 1, 0, 0, 1, 0, 0, 1, 1, 0, 0, 1, 1, 0, 0, 0, 0, 1, 1, 1, 0, 1, 1, 0, 0, 0, 0, 1, 0, 0, 1, 0, 1, 0, 0, 1, 0, 0, 1, 1, 1, 0, 0, 1, 1, 0, 1, 1, 0, 0, 1, 0, 1, 1, 0, 0, 0, 1, 1, 0], "y-hat": [0.492, 0.296, 0.168, 0.56, 0.732, 0.558, 0.114, 0.554, 0.106, 0.29, 0.358, 0.084, 0.276, 0.752, 0.436, 0.38, 0.44, 0.654, 0.518, 0.47, 0.516, 0.15, 0.694, 0.202, 0.682, 0.516, 0.192, 0.61, 0.272, 0.202, 0.172, 0.142, 0.386, 0.554, 0.45, 0.26, 0.546, 0.572, 0.71, 0.252, 0.44, 0.506, 0.124, 0.564, 0.714, 0.206, 0.548, 0.47, 0.73, 0.132, 0.496, 0.252, 0.79, 0.224, 0.258, 0.186, 0.128, 0.66, 0.592, 0.776, 0.172, 0.674, 0.436, 0.342, 0.214, 0.474, 0.106, 0.6, 0.23, 0.546, 0.736, 0.574, 0.672, 0.308, 0.252, 0.382, 0.532, 0.224, 0.412, 0.546, 0.632, 0.106, 0.528, 0.618, 0.69, 0.222, 0.79, 0.672, 0.44, 0.172, 0.634, 0.234, 0.48, 0.75, 0.678, 0.18, 0.184, 0.456, 0.792, 0.476], "computation-time": 0.04318428039550781, "max-memory-usage": 9900371}