{"auroc": 0.8839285714285715, "aupr": 0.8628867525267225, "y": [0, 0, 0, 1, 1, 1, 0, 1, 0, 0, 1, 0, 0, 1, 0, 0, 1, 1, 1, 1, 1, 0, 1, 0, 1, 0, 0, 0, 0, 0, 0, 0, 1, 1, 1, 0, 0, 0, 1, 0, 0, 1, 0, 0, 1, 0, 0, 1, 1, 0, 0, 1, 1, 0, 0, 0, 0, 1, 1, 1, 0, 1, 1, 0, 0, 0, 0, 1, 0, 0, 1, 0, 1, 0, 0, 1, 0, 0, 1, 1, 1, 0, 0, 1, 1, 0, 1, 1, 0, 0, 1, 0, 1, 1, 0, 0, 0, 1, 1, 0], "y-hat": [0.49, 0.344, 0.134, 0.614, 0.694, 0.584, 0.124, 0.506, 0.076, 0.326, 0.348, 0.12, 0.292, 0.754, 0.524, 0.334, 0.39, 0.726, 0.578, 0.408, 0.556, 0.19, 0.738, 0.212, 0.664, 0.54, 0.206, 0.638, 0.28, 0.19, 0.156, 0.192, 0.446, 0.538, 0.386, 0.268, 0.512, 0.554, 0.7, 0.29, 0.346, 0.486, 0.126, 0.498, 0.684, 0.266, 0.574, 0.492, 0.76, 0.126, 0.5, 0.262, 0.774, 0.252, 0.29, 0.186, 0.106, 0.714, 0.486, 0.792, 0.148, 0.704, 0.364, 0.32, 0.208, 0.506, 0.122, 0.672, 0.244, 0.538, 0.716, 0.566, 0.602, 0.29, 0.286, 0.376, 0.556, 0.178, 0.43, 0.582, 0.676, 0.1, 0.522, 0.628, 0.662, 0.228, 0.736, 0.716, 0.476, 0.186, 0.574, 0.208, 0.486, 0.73, 0.712, 0.214, 0.282, 0.46, 0.77, 0.426], "computation-time": 13197.53857755661, "max-memory-usage": 2412534730}