{"auroc": 0.8861607142857143, "aupr": 0.8671104106430891, "y": [0, 0, 0, 1, 1, 1, 0, 1, 0, 0, 1, 0, 0, 1, 0, 0, 1, 1, 1, 1, 1, 0, 1, 0, 1, 0, 0, 0, 0, 0, 0, 0, 1, 1, 1, 0, 0, 0, 1, 0, 0, 1, 0, 0, 1, 0, 0, 1, 1, 0, 0, 1, 1, 0, 0, 0, 0, 1, 1, 1, 0, 1, 1, 0, 0, 0, 0, 1, 0, 0, 1, 0, 1, 0, 0, 1, 0, 0, 1, 1, 1, 0, 0, 1, 1, 0, 1, 1, 0, 0, 1, 0, 1, 1, 0, 0, 0, 1, 1, 0], "y-hat": [0.484, 0.34, 0.144, 0.582, 0.738, 0.56, 0.112, 0.562, 0.072, 0.306, 0.334, 0.09, 0.282, 0.732, 0.46, 0.366, 0.42, 0.668, 0.482, 0.444, 0.51, 0.164, 0.654, 0.216, 0.716, 0.496, 0.214, 0.582, 0.26, 0.182, 0.188, 0.154, 0.382, 0.532, 0.47, 0.272, 0.538, 0.564, 0.774, 0.288, 0.392, 0.504, 0.102, 0.54, 0.732, 0.224, 0.574, 0.518, 0.688, 0.13, 0.486, 0.254, 0.8, 0.224, 0.29, 0.156, 0.142, 0.664, 0.52, 0.756, 0.176, 0.654, 0.424, 0.318, 0.198, 0.406, 0.092, 0.614, 0.248, 0.618, 0.716, 0.534, 0.648, 0.292, 0.278, 0.312, 0.558, 0.152, 0.434, 0.472, 0.672, 0.076, 0.562, 0.596, 0.628, 0.242, 0.788, 0.69, 0.434, 0.174, 0.632, 0.186, 0.504, 0.772, 0.64, 0.17, 0.232, 0.462, 0.77, 0.43], "computation-time": 51.28418302536011, "max-memory-usage": 15458781}