{"auroc": 0.8778409090909091, "aupr": 0.8550974622797729, "y": [0, 0, 0, 1, 1, 1, 0, 1, 0, 0, 1, 0, 0, 1, 0, 0, 1, 1, 1, 1, 1, 0, 1, 0, 1, 0, 0, 0, 0, 0, 0, 0, 1, 1, 1, 0, 0, 0, 1, 0, 0, 1, 0, 0, 1, 0, 0, 1, 1, 0, 0, 1, 1, 0, 0, 0, 0, 1, 1, 1, 0, 1, 1, 0, 0, 0, 0, 1, 0, 0, 1, 0, 1, 0, 0, 1, 0, 0, 1, 1, 1, 0, 0, 1, 1, 0, 1, 1, 0, 0, 1, 0, 1, 1, 0, 0, 0, 1, 1, 0], "y-hat": [0.508, 0.338, 0.138, 0.57, 0.756, 0.55, 0.128, 0.548, 0.09, 0.304, 0.32, 0.088, 0.31, 0.758, 0.434, 0.378, 0.426, 0.726, 0.532, 0.4, 0.5, 0.164, 0.684, 0.222, 0.722, 0.518, 0.186, 0.594, 0.26, 0.162, 0.202, 0.162, 0.36, 0.552, 0.416, 0.246, 0.512, 0.54, 0.694, 0.272, 0.424, 0.516, 0.092, 0.49, 0.692, 0.214, 0.55, 0.472, 0.704, 0.148, 0.512, 0.212, 0.796, 0.232, 0.274, 0.172, 0.15, 0.688, 0.504, 0.788, 0.166, 0.696, 0.4, 0.314, 0.208, 0.432, 0.106, 0.628, 0.27, 0.578, 0.734, 0.574, 0.672, 0.308, 0.296, 0.33, 0.552, 0.202, 0.416, 0.548, 0.694, 0.102, 0.494, 0.582, 0.652, 0.218, 0.78, 0.696, 0.444, 0.172, 0.618, 0.22, 0.504, 0.77, 0.706, 0.22, 0.234, 0.436, 0.756, 0.446], "computation-time": 1073.4254202842712, "max-memory-usage": 650920495}