{"auroc": 0.8900162337662338, "aupr": 0.8677881341200343, "y": [0, 0, 0, 1, 1, 1, 0, 1, 0, 0, 1, 0, 0, 1, 0, 0, 1, 1, 1, 1, 1, 0, 1, 0, 1, 0, 0, 0, 0, 0, 0, 0, 1, 1, 1, 0, 0, 0, 1, 0, 0, 1, 0, 0, 1, 0, 0, 1, 1, 0, 0, 1, 1, 0, 0, 0, 0, 1, 1, 1, 0, 1, 1, 0, 0, 0, 0, 1, 0, 0, 1, 0, 1, 0, 0, 1, 0, 0, 1, 1, 1, 0, 0, 1, 1, 0, 1, 1, 0, 0, 1, 0, 1, 1, 0, 0, 0, 1, 1, 0], "y-hat": [0.454, 0.352, 0.158, 0.578, 0.754, 0.6, 0.112, 0.556, 0.092, 0.282, 0.328, 0.072, 0.268, 0.742, 0.434, 0.39, 0.424, 0.67, 0.488, 0.438, 0.522, 0.174, 0.674, 0.214, 0.744, 0.458, 0.196, 0.574, 0.254, 0.192, 0.16, 0.15, 0.396, 0.574, 0.412, 0.236, 0.474, 0.568, 0.75, 0.244, 0.416, 0.526, 0.098, 0.494, 0.708, 0.242, 0.572, 0.512, 0.738, 0.13, 0.49, 0.232, 0.806, 0.216, 0.318, 0.16, 0.134, 0.656, 0.516, 0.79, 0.146, 0.692, 0.374, 0.316, 0.228, 0.416, 0.08, 0.646, 0.24, 0.592, 0.72, 0.564, 0.666, 0.294, 0.298, 0.338, 0.542, 0.162, 0.432, 0.504, 0.666, 0.09, 0.536, 0.592, 0.564, 0.238, 0.79, 0.664, 0.434, 0.156, 0.626, 0.178, 0.466, 0.764, 0.7, 0.166, 0.216, 0.494, 0.776, 0.482], "computation-time": 128.31682896614075, "max-memory-usage": 8097419}