{"auroc": 0.8975243506493507, "aupr": 0.8797541451531374, "y": [0, 0, 0, 1, 1, 1, 0, 1, 0, 0, 1, 0, 0, 1, 0, 0, 1, 1, 1, 1, 1, 0, 1, 0, 1, 0, 0, 0, 0, 0, 0, 0, 1, 1, 1, 0, 0, 0, 1, 0, 0, 1, 0, 0, 1, 0, 0, 1, 1, 0, 0, 1, 1, 0, 0, 0, 0, 1, 1, 1, 0, 1, 1, 0, 0, 0, 0, 1, 0, 0, 1, 0, 1, 0, 0, 1, 0, 0, 1, 1, 1, 0, 0, 1, 1, 0, 1, 1, 0, 0, 1, 0, 1, 1, 0, 0, 0, 1, 1, 0], "y-hat": [0.472, 0.4, 0.144, 0.61, 0.742, 0.586, 0.096, 0.528, 0.094, 0.32, 0.27, 0.094, 0.248, 0.75, 0.45, 0.356, 0.466, 0.674, 0.504, 0.52, 0.476, 0.204, 0.67, 0.192, 0.74, 0.446, 0.218, 0.586, 0.286, 0.214, 0.202, 0.118, 0.424, 0.59, 0.48, 0.2, 0.476, 0.604, 0.758, 0.236, 0.408, 0.49, 0.084, 0.524, 0.74, 0.196, 0.584, 0.494, 0.718, 0.102, 0.492, 0.31, 0.806, 0.306, 0.262, 0.156, 0.134, 0.654, 0.61, 0.77, 0.164, 0.716, 0.4, 0.3, 0.196, 0.496, 0.114, 0.646, 0.252, 0.616, 0.712, 0.65, 0.7, 0.312, 0.302, 0.344, 0.552, 0.176, 0.418, 0.6, 0.648, 0.106, 0.56, 0.628, 0.68, 0.19, 0.79, 0.72, 0.376, 0.162, 0.672, 0.242, 0.544, 0.768, 0.656, 0.254, 0.226, 0.474, 0.792, 0.512], "computation-time": 10137.119462013245, "max-memory-usage": 100241436}