{"auroc": 0.8908279220779222, "aupr": 0.8713423043042638, "y": [0, 0, 0, 1, 1, 1, 0, 1, 0, 0, 1, 0, 0, 1, 0, 0, 1, 1, 1, 1, 1, 0, 1, 0, 1, 0, 0, 0, 0, 0, 0, 0, 1, 1, 1, 0, 0, 0, 1, 0, 0, 1, 0, 0, 1, 0, 0, 1, 1, 0, 0, 1, 1, 0, 0, 0, 0, 1, 1, 1, 0, 1, 1, 0, 0, 0, 0, 1, 0, 0, 1, 0, 1, 0, 0, 1, 0, 0, 1, 1, 1, 0, 0, 1, 1, 0, 1, 1, 0, 0, 1, 0, 1, 1, 0, 0, 0, 1, 1, 0], "y-hat": [0.474, 0.332, 0.142, 0.538, 0.74, 0.57, 0.122, 0.564, 0.072, 0.326, 0.374, 0.108, 0.282, 0.728, 0.464, 0.362, 0.414, 0.672, 0.546, 0.472, 0.502, 0.184, 0.638, 0.212, 0.728, 0.468, 0.194, 0.592, 0.218, 0.138, 0.178, 0.164, 0.398, 0.546, 0.4, 0.268, 0.472, 0.586, 0.722, 0.272, 0.412, 0.462, 0.082, 0.54, 0.714, 0.2, 0.558, 0.518, 0.722, 0.142, 0.49, 0.278, 0.786, 0.214, 0.252, 0.16, 0.154, 0.646, 0.534, 0.776, 0.17, 0.694, 0.43, 0.338, 0.208, 0.412, 0.104, 0.628, 0.256, 0.574, 0.754, 0.576, 0.676, 0.29, 0.234, 0.374, 0.506, 0.216, 0.386, 0.532, 0.66, 0.104, 0.536, 0.648, 0.632, 0.222, 0.786, 0.68, 0.414, 0.196, 0.61, 0.206, 0.46, 0.784, 0.652, 0.194, 0.248, 0.444, 0.774, 0.47], "computation-time": 47.22451066970825, "max-memory-usage": 15458781}