{"auroc": 0.8944805194805195, "aupr": 0.8759495345789974, "y": [0, 0, 0, 1, 1, 1, 0, 1, 0, 0, 1, 0, 0, 1, 0, 0, 1, 1, 1, 1, 1, 0, 1, 0, 1, 0, 0, 0, 0, 0, 0, 0, 1, 1, 1, 0, 0, 0, 1, 0, 0, 1, 0, 0, 1, 0, 0, 1, 1, 0, 0, 1, 1, 0, 0, 0, 0, 1, 1, 1, 0, 1, 1, 0, 0, 0, 0, 1, 0, 0, 1, 0, 1, 0, 0, 1, 0, 0, 1, 1, 1, 0, 0, 1, 1, 0, 1, 1, 0, 0, 1, 0, 1, 1, 0, 0, 0, 1, 1, 0], "y-hat": [0.47, 0.346, 0.144, 0.602, 0.74, 0.54, 0.092, 0.548, 0.086, 0.314, 0.358, 0.102, 0.296, 0.744, 0.45, 0.39, 0.416, 0.72, 0.5, 0.432, 0.504, 0.204, 0.698, 0.226, 0.716, 0.472, 0.19, 0.608, 0.272, 0.194, 0.174, 0.154, 0.394, 0.578, 0.424, 0.238, 0.492, 0.588, 0.722, 0.276, 0.426, 0.484, 0.11, 0.49, 0.69, 0.214, 0.52, 0.514, 0.73, 0.136, 0.48, 0.248, 0.74, 0.214, 0.294, 0.148, 0.142, 0.676, 0.518, 0.776, 0.196, 0.704, 0.402, 0.31, 0.216, 0.426, 0.088, 0.636, 0.23, 0.57, 0.734, 0.58, 0.65, 0.332, 0.276, 0.358, 0.556, 0.234, 0.432, 0.566, 0.618, 0.116, 0.53, 0.626, 0.66, 0.232, 0.78, 0.712, 0.426, 0.18, 0.632, 0.198, 0.496, 0.804, 0.694, 0.168, 0.2, 0.462, 0.796, 0.426], "computation-time": 0.48448967933654785, "max-memory-usage": 9833019}