{"auroc": 0.893262987012987, "aupr": 0.8647102258715029, "y": [0, 0, 0, 1, 1, 1, 0, 1, 0, 0, 1, 0, 0, 1, 0, 0, 1, 1, 1, 1, 1, 0, 1, 0, 1, 0, 0, 0, 0, 0, 0, 0, 1, 1, 1, 0, 0, 0, 1, 0, 0, 1, 0, 0, 1, 0, 0, 1, 1, 0, 0, 1, 1, 0, 0, 0, 0, 1, 1, 1, 0, 1, 1, 0, 0, 0, 0, 1, 0, 0, 1, 0, 1, 0, 0, 1, 0, 0, 1, 1, 1, 0, 0, 1, 1, 0, 1, 1, 0, 0, 1, 0, 1, 1, 0, 0, 0, 1, 1, 0], "y-hat": [0.474, 0.338, 0.152, 0.584, 0.712, 0.564, 0.134, 0.576, 0.064, 0.332, 0.302, 0.138, 0.27, 0.762, 0.436, 0.384, 0.46, 0.674, 0.548, 0.41, 0.532, 0.166, 0.694, 0.236, 0.684, 0.498, 0.192, 0.622, 0.26, 0.18, 0.154, 0.15, 0.392, 0.574, 0.416, 0.254, 0.518, 0.558, 0.75, 0.266, 0.394, 0.504, 0.11, 0.5, 0.7, 0.224, 0.532, 0.552, 0.718, 0.142, 0.456, 0.266, 0.774, 0.256, 0.288, 0.196, 0.138, 0.662, 0.534, 0.794, 0.172, 0.704, 0.414, 0.33, 0.194, 0.406, 0.118, 0.646, 0.252, 0.56, 0.74, 0.586, 0.656, 0.322, 0.298, 0.346, 0.588, 0.196, 0.418, 0.554, 0.644, 0.094, 0.534, 0.608, 0.644, 0.266, 0.81, 0.686, 0.458, 0.164, 0.588, 0.21, 0.492, 0.772, 0.716, 0.208, 0.192, 0.456, 0.732, 0.47], "computation-time": 14.293442010879517, "max-memory-usage": 10075376}