{"auroc": 0.8926542207792209, "aupr": 0.8712113068990488, "y": [0, 0, 0, 1, 1, 1, 0, 1, 0, 0, 1, 0, 0, 1, 0, 0, 1, 1, 1, 1, 1, 0, 1, 0, 1, 0, 0, 0, 0, 0, 0, 0, 1, 1, 1, 0, 0, 0, 1, 0, 0, 1, 0, 0, 1, 0, 0, 1, 1, 0, 0, 1, 1, 0, 0, 0, 0, 1, 1, 1, 0, 1, 1, 0, 0, 0, 0, 1, 0, 0, 1, 0, 1, 0, 0, 1, 0, 0, 1, 1, 1, 0, 0, 1, 1, 0, 1, 1, 0, 0, 1, 0, 1, 1, 0, 0, 0, 1, 1, 0], "y-hat": [0.46, 0.334, 0.158, 0.556, 0.726, 0.594, 0.12, 0.552, 0.094, 0.292, 0.358, 0.096, 0.298, 0.742, 0.468, 0.44, 0.446, 0.704, 0.494, 0.432, 0.524, 0.15, 0.642, 0.212, 0.71, 0.428, 0.204, 0.6, 0.264, 0.174, 0.194, 0.174, 0.432, 0.524, 0.42, 0.248, 0.51, 0.574, 0.742, 0.266, 0.406, 0.48, 0.126, 0.522, 0.684, 0.23, 0.532, 0.564, 0.718, 0.146, 0.466, 0.264, 0.792, 0.244, 0.296, 0.146, 0.128, 0.674, 0.58, 0.772, 0.168, 0.692, 0.43, 0.358, 0.17, 0.398, 0.094, 0.63, 0.274, 0.612, 0.716, 0.562, 0.652, 0.338, 0.258, 0.386, 0.522, 0.174, 0.432, 0.53, 0.656, 0.1, 0.54, 0.644, 0.638, 0.232, 0.774, 0.644, 0.47, 0.18, 0.626, 0.202, 0.46, 0.71, 0.698, 0.194, 0.212, 0.416, 0.744, 0.452], "computation-time": 356.0732877254486, "max-memory-usage": 10104874}