{"auroc": 0.8869724025974027, "aupr": 0.8680601882640966, "y": [0, 0, 0, 1, 1, 1, 0, 1, 0, 0, 1, 0, 0, 1, 0, 0, 1, 1, 1, 1, 1, 0, 1, 0, 1, 0, 0, 0, 0, 0, 0, 0, 1, 1, 1, 0, 0, 0, 1, 0, 0, 1, 0, 0, 1, 0, 0, 1, 1, 0, 0, 1, 1, 0, 0, 0, 0, 1, 1, 1, 0, 1, 1, 0, 0, 0, 0, 1, 0, 0, 1, 0, 1, 0, 0, 1, 0, 0, 1, 1, 1, 0, 0, 1, 1, 0, 1, 1, 0, 0, 1, 0, 1, 1, 0, 0, 0, 1, 1, 0], "y-hat": [0.464, 0.308, 0.158, 0.584, 0.758, 0.558, 0.092, 0.564, 0.076, 0.3, 0.32, 0.114, 0.262, 0.732, 0.442, 0.344, 0.426, 0.698, 0.518, 0.416, 0.502, 0.192, 0.674, 0.202, 0.73, 0.446, 0.196, 0.558, 0.284, 0.166, 0.158, 0.154, 0.39, 0.54, 0.422, 0.232, 0.508, 0.59, 0.734, 0.266, 0.416, 0.504, 0.098, 0.544, 0.748, 0.184, 0.548, 0.504, 0.734, 0.116, 0.526, 0.264, 0.776, 0.182, 0.304, 0.156, 0.126, 0.654, 0.554, 0.788, 0.16, 0.692, 0.41, 0.342, 0.178, 0.46, 0.08, 0.62, 0.258, 0.594, 0.732, 0.564, 0.698, 0.3, 0.298, 0.314, 0.54, 0.17, 0.398, 0.516, 0.65, 0.092, 0.582, 0.618, 0.616, 0.216, 0.776, 0.672, 0.416, 0.174, 0.64, 0.22, 0.478, 0.754, 0.656, 0.154, 0.202, 0.488, 0.778, 0.444], "computation-time": 57.474360942840576, "max-memory-usage": 35633609}