{"auroc": 0.8918425324675324, "aupr": 0.8754249060247815, "y": [0, 0, 0, 1, 1, 1, 0, 1, 0, 0, 1, 0, 0, 1, 0, 0, 1, 1, 1, 1, 1, 0, 1, 0, 1, 0, 0, 0, 0, 0, 0, 0, 1, 1, 1, 0, 0, 0, 1, 0, 0, 1, 0, 0, 1, 0, 0, 1, 1, 0, 0, 1, 1, 0, 0, 0, 0, 1, 1, 1, 0, 1, 1, 0, 0, 0, 0, 1, 0, 0, 1, 0, 1, 0, 0, 1, 0, 0, 1, 1, 1, 0, 0, 1, 1, 0, 1, 1, 0, 0, 1, 0, 1, 1, 0, 0, 0, 1, 1, 0], "y-hat": [0.494, 0.332, 0.136, 0.58, 0.8, 0.572, 0.098, 0.6, 0.044, 0.268, 0.298, 0.084, 0.286, 0.782, 0.444, 0.376, 0.464, 0.722, 0.5, 0.442, 0.45, 0.164, 0.674, 0.202, 0.724, 0.466, 0.212, 0.576, 0.236, 0.14, 0.162, 0.14, 0.402, 0.544, 0.428, 0.22, 0.564, 0.558, 0.758, 0.262, 0.426, 0.532, 0.102, 0.528, 0.758, 0.196, 0.56, 0.524, 0.768, 0.114, 0.504, 0.264, 0.834, 0.218, 0.23, 0.162, 0.12, 0.688, 0.566, 0.824, 0.16, 0.69, 0.404, 0.316, 0.164, 0.388, 0.082, 0.602, 0.252, 0.604, 0.772, 0.578, 0.71, 0.258, 0.26, 0.326, 0.596, 0.158, 0.388, 0.546, 0.67, 0.1, 0.518, 0.606, 0.65, 0.216, 0.808, 0.68, 0.43, 0.174, 0.648, 0.18, 0.498, 0.818, 0.652, 0.164, 0.22, 0.416, 0.8, 0.466], "computation-time": 0.49277710914611816, "max-memory-usage": 108052638}