{"auroc": 0.898538961038961, "aupr": 0.8759108822389297, "y": [0, 0, 0, 1, 1, 1, 0, 1, 0, 0, 1, 0, 0, 1, 0, 0, 1, 1, 1, 1, 1, 0, 1, 0, 1, 0, 0, 0, 0, 0, 0, 0, 1, 1, 1, 0, 0, 0, 1, 0, 0, 1, 0, 0, 1, 0, 0, 1, 1, 0, 0, 1, 1, 0, 0, 0, 0, 1, 1, 1, 0, 1, 1, 0, 0, 0, 0, 1, 0, 0, 1, 0, 1, 0, 0, 1, 0, 0, 1, 1, 1, 0, 0, 1, 1, 0, 1, 1, 0, 0, 1, 0, 1, 1, 0, 0, 0, 1, 1, 0], "y-hat": [0.49, 0.328, 0.148, 0.536, 0.766, 0.552, 0.106, 0.592, 0.092, 0.284, 0.378, 0.122, 0.254, 0.762, 0.442, 0.364, 0.412, 0.706, 0.524, 0.438, 0.504, 0.176, 0.66, 0.214, 0.756, 0.45, 0.202, 0.55, 0.27, 0.174, 0.19, 0.164, 0.438, 0.556, 0.43, 0.306, 0.524, 0.596, 0.782, 0.292, 0.388, 0.53, 0.12, 0.514, 0.694, 0.234, 0.568, 0.612, 0.716, 0.132, 0.482, 0.31, 0.81, 0.256, 0.278, 0.184, 0.142, 0.61, 0.534, 0.798, 0.164, 0.672, 0.444, 0.334, 0.194, 0.416, 0.112, 0.64, 0.28, 0.568, 0.758, 0.548, 0.68, 0.31, 0.304, 0.38, 0.538, 0.198, 0.422, 0.532, 0.664, 0.076, 0.538, 0.622, 0.586, 0.242, 0.784, 0.658, 0.474, 0.202, 0.622, 0.15, 0.464, 0.788, 0.686, 0.208, 0.238, 0.472, 0.754, 0.438], "computation-time": 13.062264442443848, "max-memory-usage": 10099407}