{"auroc": 0.8954951298701298, "aupr": 0.8850928317827635, "y": [0, 0, 0, 1, 1, 1, 0, 1, 0, 0, 1, 0, 0, 1, 0, 0, 1, 1, 1, 1, 1, 0, 1, 0, 1, 0, 0, 0, 0, 0, 0, 0, 1, 1, 1, 0, 0, 0, 1, 0, 0, 1, 0, 0, 1, 0, 0, 1, 1, 0, 0, 1, 1, 0, 0, 0, 0, 1, 1, 1, 0, 1, 1, 0, 0, 0, 0, 1, 0, 0, 1, 0, 1, 0, 0, 1, 0, 0, 1, 1, 1, 0, 0, 1, 1, 0, 1, 1, 0, 0, 1, 0, 1, 1, 0, 0, 0, 1, 1, 0], "y-hat": [0.516, 0.33, 0.158, 0.598, 0.736, 0.574, 0.114, 0.594, 0.1, 0.326, 0.348, 0.094, 0.262, 0.724, 0.468, 0.392, 0.456, 0.668, 0.524, 0.432, 0.534, 0.156, 0.658, 0.224, 0.7, 0.482, 0.232, 0.564, 0.294, 0.188, 0.186, 0.18, 0.42, 0.6, 0.442, 0.248, 0.56, 0.584, 0.73, 0.284, 0.396, 0.504, 0.13, 0.522, 0.696, 0.214, 0.546, 0.538, 0.706, 0.146, 0.49, 0.228, 0.828, 0.248, 0.27, 0.16, 0.108, 0.662, 0.566, 0.786, 0.196, 0.672, 0.408, 0.316, 0.21, 0.454, 0.096, 0.654, 0.23, 0.566, 0.742, 0.594, 0.668, 0.286, 0.266, 0.368, 0.57, 0.196, 0.396, 0.542, 0.642, 0.114, 0.546, 0.6, 0.674, 0.24, 0.802, 0.658, 0.486, 0.198, 0.626, 0.24, 0.474, 0.788, 0.638, 0.18, 0.19, 0.506, 0.74, 0.454], "computation-time": 0.48201942443847656, "max-memory-usage": 9775914}