{"auroc": 0.9013798701298702, "aupr": 0.885282527317319, "y": [0, 0, 0, 1, 1, 1, 0, 1, 0, 0, 1, 0, 0, 1, 0, 0, 1, 1, 1, 1, 1, 0, 1, 0, 1, 0, 0, 0, 0, 0, 0, 0, 1, 1, 1, 0, 0, 0, 1, 0, 0, 1, 0, 0, 1, 0, 0, 1, 1, 0, 0, 1, 1, 0, 0, 0, 0, 1, 1, 1, 0, 1, 1, 0, 0, 0, 0, 1, 0, 0, 1, 0, 1, 0, 0, 1, 0, 0, 1, 1, 1, 0, 0, 1, 1, 0, 1, 1, 0, 0, 1, 0, 1, 1, 0, 0, 0, 1, 1, 0], "y-hat": [0.478, 0.29, 0.136, 0.594, 0.792, 0.606, 0.104, 0.572, 0.056, 0.304, 0.316, 0.116, 0.248, 0.75, 0.448, 0.356, 0.434, 0.71, 0.52, 0.418, 0.5, 0.154, 0.642, 0.2, 0.718, 0.476, 0.178, 0.602, 0.254, 0.198, 0.158, 0.158, 0.374, 0.562, 0.406, 0.268, 0.484, 0.578, 0.738, 0.254, 0.396, 0.506, 0.1, 0.498, 0.756, 0.182, 0.57, 0.526, 0.776, 0.146, 0.478, 0.248, 0.812, 0.23, 0.224, 0.126, 0.134, 0.632, 0.57, 0.814, 0.166, 0.708, 0.402, 0.292, 0.214, 0.434, 0.092, 0.654, 0.24, 0.58, 0.748, 0.558, 0.682, 0.266, 0.244, 0.318, 0.554, 0.174, 0.442, 0.552, 0.684, 0.08, 0.516, 0.632, 0.65, 0.2, 0.792, 0.684, 0.472, 0.168, 0.63, 0.196, 0.486, 0.782, 0.676, 0.15, 0.216, 0.49, 0.756, 0.442], "computation-time": 8.858257532119751, "max-memory-usage": 108052638}