{"auroc": 0.8794642857142857, "aupr": 0.8613793862794237, "y": [0, 0, 0, 1, 1, 1, 0, 1, 0, 0, 1, 0, 0, 1, 0, 0, 1, 1, 1, 1, 1, 0, 1, 0, 1, 0, 0, 0, 0, 0, 0, 0, 1, 1, 1, 0, 0, 0, 1, 0, 0, 1, 0, 0, 1, 0, 0, 1, 1, 0, 0, 1, 1, 0, 0, 0, 0, 1, 1, 1, 0, 1, 1, 0, 0, 0, 0, 1, 0, 0, 1, 0, 1, 0, 0, 1, 0, 0, 1, 1, 1, 0, 0, 1, 1, 0, 1, 1, 0, 0, 1, 0, 1, 1, 0, 0, 0, 1, 1, 0], "y-hat": [0.492, 0.374, 0.15, 0.576, 0.734, 0.552, 0.128, 0.582, 0.07, 0.294, 0.334, 0.112, 0.28, 0.762, 0.516, 0.374, 0.412, 0.702, 0.502, 0.446, 0.526, 0.196, 0.658, 0.228, 0.666, 0.496, 0.204, 0.61, 0.268, 0.176, 0.202, 0.18, 0.43, 0.598, 0.408, 0.29, 0.526, 0.562, 0.714, 0.288, 0.414, 0.504, 0.116, 0.53, 0.704, 0.224, 0.562, 0.524, 0.742, 0.152, 0.53, 0.252, 0.784, 0.264, 0.286, 0.148, 0.14, 0.644, 0.528, 0.808, 0.182, 0.7, 0.404, 0.324, 0.188, 0.46, 0.1, 0.652, 0.26, 0.578, 0.742, 0.576, 0.65, 0.306, 0.254, 0.324, 0.532, 0.2, 0.404, 0.498, 0.614, 0.084, 0.548, 0.624, 0.612, 0.24, 0.768, 0.678, 0.472, 0.208, 0.674, 0.216, 0.496, 0.796, 0.676, 0.18, 0.204, 0.422, 0.76, 0.454], "computation-time": 0.006409168243408203, "max-memory-usage": 10056593}