{"auroc": 0.8890016233766234, "aupr": 0.8713731828369277, "y": [0, 0, 0, 1, 1, 1, 0, 1, 0, 0, 1, 0, 0, 1, 0, 0, 1, 1, 1, 1, 1, 0, 1, 0, 1, 0, 0, 0, 0, 0, 0, 0, 1, 1, 1, 0, 0, 0, 1, 0, 0, 1, 0, 0, 1, 0, 0, 1, 1, 0, 0, 1, 1, 0, 0, 0, 0, 1, 1, 1, 0, 1, 1, 0, 0, 0, 0, 1, 0, 0, 1, 0, 1, 0, 0, 1, 0, 0, 1, 1, 1, 0, 0, 1, 1, 0, 1, 1, 0, 0, 1, 0, 1, 1, 0, 0, 0, 1, 1, 0], "y-hat": [0.486, 0.332, 0.152, 0.572, 0.75, 0.586, 0.124, 0.556, 0.06, 0.296, 0.33, 0.072, 0.278, 0.756, 0.462, 0.364, 0.454, 0.666, 0.528, 0.454, 0.492, 0.15, 0.688, 0.264, 0.724, 0.518, 0.24, 0.594, 0.264, 0.168, 0.172, 0.156, 0.4, 0.552, 0.436, 0.258, 0.506, 0.554, 0.722, 0.266, 0.436, 0.466, 0.112, 0.532, 0.714, 0.222, 0.532, 0.508, 0.712, 0.142, 0.488, 0.25, 0.816, 0.248, 0.242, 0.154, 0.136, 0.664, 0.52, 0.792, 0.18, 0.656, 0.426, 0.316, 0.184, 0.46, 0.1, 0.66, 0.214, 0.578, 0.746, 0.55, 0.66, 0.32, 0.28, 0.36, 0.588, 0.128, 0.428, 0.56, 0.686, 0.116, 0.512, 0.6, 0.66, 0.216, 0.762, 0.678, 0.44, 0.156, 0.606, 0.218, 0.494, 0.768, 0.67, 0.216, 0.21, 0.458, 0.754, 0.45], "computation-time": 0.0, "max-memory-usage": 1862202101}