{"auroc": 0.5691285748612034, "aupr": 0.11525185826159348}