{"auroc": 0.9999514563106796, "aupr": 0.9991590909090908}