{"auroc": 0.5679405288609882, "aupr": 0.10768295430060135}