{"auroc": 0.5582001169776999, "aupr": 0.11493746124441324}