{"auroc": 0.5741877800502747, "aupr": 0.11533056339164291}