{"auroc": 0.9823111111111111, "aupr": 0.9803938432381506, "y": [1, 1, 0, 1, 0, 0, 0, 0, 1, 1, 1, 1, 0, 1, 0, 1, 1, 0, 1, 0, 0, 1, 0, 1, 0, 0, 0, 0, 1, 0, 1, 1, 0, 1, 0, 1, 0, 1, 1, 1, 1, 0, 1, 0, 1, 0, 1, 0, 1, 1, 0, 1, 1, 1, 0, 0, 0, 0, 0, 0, 0, 1, 0, 0, 1, 0, 1, 0, 1, 0, 1, 0, 1, 0, 0, 0, 0, 1, 0, 1, 0, 0, 0, 0, 1, 0, 1, 1, 0, 0, 1, 1, 1, 1, 1, 0, 1, 1, 1, 1, 1, 1, 0, 0, 1, 1, 0, 0, 1, 1, 1, 1, 0, 1, 0, 1, 1, 0, 0, 1, 0, 0, 1, 0, 0, 1, 0, 0, 0, 1, 0, 1, 0, 0, 0, 0, 1, 0, 0, 1, 1, 1, 1, 0, 1, 0, 1, 1, 0, 0, 1, 0, 1, 1, 0, 0, 1, 0, 0, 1, 0, 0, 1, 0, 0, 0, 0, 0, 0, 1, 1, 0, 1, 0, 0, 1, 1, 1, 0, 1, 1, 0, 0, 0, 0, 1, 1, 1, 1, 1, 1, 1, 1, 1, 0, 0, 0, 1, 1, 0, 1, 1, 1, 0, 0, 0, 1, 1, 0, 0, 0, 0, 1, 1, 0, 0, 1, 0, 1, 1, 0, 0, 0, 0, 1, 0, 1, 1, 0, 0, 1, 0, 0, 0, 0, 0, 1, 1, 0, 1, 0, 0, 1, 1, 1, 0, 1, 1, 1, 1, 1, 1, 1, 0, 0, 0, 0, 1, 1, 1, 1, 0, 0, 0, 1, 0, 0, 1, 1, 0, 1, 0, 0, 0, 1, 1, 1, 0, 1, 1, 0, 1, 0, 0, 0, 1, 1, 1, 1, 0, 1, 0, 1, 0, 0, 1, 1, 1, 0, 1], "y-hat": [0.6, 0.654, 0.138, 0.786, 0.272, 0.3, 0.418, 0.502, 0.856, 0.63, 0.722, 0.572, 0.428, 0.662, 0.414, 0.706, 0.704, 0.258, 0.804, 0.384, 0.464, 0.848, 0.568, 0.546, 0.092, 0.298, 0.31, 0.138, 0.616, 0.136, 0.83, 0.806, 0.26, 0.65, 0.778, 0.652, 0.35, 0.804, 0.724, 0.662, 0.736, 0.332, 0.85, 0.438, 0.636, 0.346, 0.808, 0.356, 0.726, 0.448, 0.322, 0.826, 0.796, 0.708, 0.184, 0.502, 0.088, 0.17, 0.128, 0.338, 0.24, 0.768, 0.33, 0.252, 0.634, 0.264, 0.68, 0.336, 0.712, 0.67, 0.73, 0.31, 0.606, 0.098, 0.484, 0.098, 0.408, 0.738, 0.318, 0.728, 0.318, 0.578, 0.4, 0.544, 0.85, 0.358, 0.826, 0.7, 0.518, 0.192, 0.756, 0.672, 0.788, 0.82, 0.48, 0.27, 0.788, 0.854, 0.824, 0.69, 0.842, 0.748, 0.196, 0.474, 0.816, 0.782, 0.104, 0.346, 0.774, 0.596, 0.74, 0.802, 0.352, 0.682, 0.2, 0.66, 0.728, 0.104, 0.092, 0.824, 0.614, 0.274, 0.482, 0.464, 0.286, 0.8, 0.568, 0.182, 0.062, 0.67, 0.348, 0.726, 0.086, 0.36, 0.276, 0.46, 0.732, 0.42, 0.55, 0.866, 0.796, 0.578, 0.708, 0.312, 0.81, 0.466, 0.548, 0.834, 0.178, 0.44, 0.832, 0.344, 0.784, 0.73, 0.2, 0.372, 0.602, 0.562, 0.442, 0.772, 0.388, 0.664, 0.632, 0.06, 0.314, 0.484, 0.396, 0.138, 0.384, 0.746, 0.588, 0.386, 0.79, 0.176, 0.25, 0.78, 0.768, 0.788, 0.166, 0.672, 0.698, 0.066, 0.078, 0.128, 0.284, 0.748, 0.77, 0.828, 0.824, 0.712, 0.846, 0.56, 0.812, 0.538, 0.354, 0.37, 0.506, 0.846, 0.556, 0.324, 0.822, 0.572, 0.792, 0.452, 0.49, 0.386, 0.848, 0.788, 0.188, 0.108, 0.33, 0.088, 0.804, 0.808, 0.554, 0.376, 0.71, 0.28, 0.848, 0.732, 0.404, 0.098, 0.216, 0.222, 0.842, 0.082, 0.778, 0.79, 0.418, 0.208, 0.714, 0.276, 0.5, 0.068, 0.228, 0.13, 0.648, 0.652, 0.072, 0.538, 0.414, 0.112, 0.836, 0.776, 0.774, 0.23, 0.47, 0.69, 0.65, 0.684, 0.88, 0.866, 0.744, 0.33, 0.212, 0.642, 0.37, 0.84, 0.694, 0.782, 0.758, 0.354, 0.412, 0.228, 0.692, 0.372, 0.114, 0.642, 0.776, 0.35, 0.472, 0.452, 0.304, 0.194, 0.774, 0.838, 0.796, 0.474, 0.73, 0.714, 0.526, 0.51, 0.544, 0.436, 0.332, 0.65, 0.634, 0.8, 0.66, 0.472, 0.762, 0.088, 0.702, 0.578, 0.05, 0.696, 0.78, 0.626, 0.056, 0.504], "computation-time": 0.029241323471069336, "max-memory-usage": 932150537}