{"auroc": 0.9762444444444445, "aupr": 0.9686359384797814, "y": [1, 1, 0, 1, 0, 0, 0, 0, 1, 1, 1, 1, 0, 1, 0, 1, 1, 0, 1, 0, 0, 1, 0, 1, 0, 0, 0, 0, 1, 0, 1, 1, 0, 1, 0, 1, 0, 1, 1, 1, 1, 0, 1, 0, 1, 0, 1, 0, 1, 1, 0, 1, 1, 1, 0, 0, 0, 0, 0, 0, 0, 1, 0, 0, 1, 0, 1, 0, 1, 0, 1, 0, 1, 0, 0, 0, 0, 1, 0, 1, 0, 0, 0, 0, 1, 0, 1, 1, 0, 0, 1, 1, 1, 1, 1, 0, 1, 1, 1, 1, 1, 1, 0, 0, 1, 1, 0, 0, 1, 1, 1, 1, 0, 1, 0, 1, 1, 0, 0, 1, 0, 0, 1, 0, 0, 1, 0, 0, 0, 1, 0, 1, 0, 0, 0, 0, 1, 0, 0, 1, 1, 1, 1, 0, 1, 0, 1, 1, 0, 0, 1, 0, 1, 1, 0, 0, 1, 0, 0, 1, 0, 0, 1, 0, 0, 0, 0, 0, 0, 1, 1, 0, 1, 0, 0, 1, 1, 1, 0, 1, 1, 0, 0, 0, 0, 1, 1, 1, 1, 1, 1, 1, 1, 1, 0, 0, 0, 1, 1, 0, 1, 1, 1, 0, 0, 0, 1, 1, 0, 0, 0, 0, 1, 1, 0, 0, 1, 0, 1, 1, 0, 0, 0, 0, 1, 0, 1, 1, 0, 0, 1, 0, 0, 0, 0, 0, 1, 1, 0, 1, 0, 0, 1, 1, 1, 0, 1, 1, 1, 1, 1, 1, 1, 0, 0, 0, 0, 1, 1, 1, 1, 0, 0, 0, 1, 0, 0, 1, 1, 0, 1, 0, 0, 0, 1, 1, 1, 0, 1, 1, 0, 1, 0, 0, 0, 1, 1, 1, 1, 0, 1, 0, 1, 0, 0, 1, 1, 1, 0, 1], "y-hat": [0.652, 0.598, 0.156, 0.786, 0.294, 0.326, 0.354, 0.554, 0.812, 0.638, 0.67, 0.622, 0.45, 0.736, 0.488, 0.758, 0.684, 0.184, 0.814, 0.29, 0.5, 0.89, 0.612, 0.55, 0.092, 0.348, 0.3, 0.06, 0.618, 0.11, 0.856, 0.884, 0.234, 0.63, 0.838, 0.676, 0.4, 0.882, 0.712, 0.69, 0.696, 0.316, 0.834, 0.438, 0.62, 0.418, 0.662, 0.392, 0.742, 0.524, 0.46, 0.81, 0.874, 0.67, 0.264, 0.516, 0.054, 0.216, 0.21, 0.372, 0.212, 0.744, 0.318, 0.23, 0.732, 0.34, 0.792, 0.254, 0.754, 0.652, 0.77, 0.254, 0.514, 0.096, 0.45, 0.096, 0.44, 0.68, 0.378, 0.688, 0.328, 0.612, 0.374, 0.584, 0.862, 0.39, 0.864, 0.678, 0.566, 0.168, 0.648, 0.714, 0.804, 0.836, 0.534, 0.294, 0.76, 0.814, 0.832, 0.72, 0.858, 0.82, 0.256, 0.462, 0.81, 0.858, 0.078, 0.282, 0.83, 0.608, 0.704, 0.8, 0.356, 0.718, 0.21, 0.638, 0.8, 0.056, 0.076, 0.756, 0.618, 0.308, 0.59, 0.45, 0.258, 0.802, 0.584, 0.22, 0.088, 0.698, 0.434, 0.67, 0.048, 0.358, 0.276, 0.572, 0.736, 0.44, 0.566, 0.862, 0.71, 0.646, 0.66, 0.308, 0.83, 0.408, 0.504, 0.86, 0.176, 0.506, 0.788, 0.364, 0.762, 0.746, 0.228, 0.438, 0.584, 0.72, 0.37, 0.742, 0.356, 0.692, 0.588, 0.028, 0.266, 0.554, 0.444, 0.126, 0.358, 0.704, 0.682, 0.312, 0.832, 0.188, 0.194, 0.742, 0.752, 0.828, 0.128, 0.75, 0.724, 0.04, 0.054, 0.09, 0.334, 0.764, 0.796, 0.818, 0.904, 0.686, 0.874, 0.534, 0.868, 0.6, 0.328, 0.336, 0.55, 0.856, 0.594, 0.356, 0.806, 0.508, 0.86, 0.408, 0.558, 0.356, 0.806, 0.794, 0.186, 0.084, 0.284, 0.062, 0.788, 0.79, 0.506, 0.342, 0.762, 0.452, 0.84, 0.746, 0.48, 0.064, 0.23, 0.23, 0.894, 0.1, 0.838, 0.842, 0.44, 0.226, 0.712, 0.354, 0.476, 0.024, 0.222, 0.066, 0.716, 0.678, 0.064, 0.46, 0.436, 0.07, 0.806, 0.764, 0.704, 0.264, 0.586, 0.676, 0.682, 0.718, 0.908, 0.806, 0.81, 0.254, 0.292, 0.688, 0.378, 0.802, 0.794, 0.714, 0.776, 0.3, 0.358, 0.232, 0.75, 0.246, 0.06, 0.634, 0.742, 0.312, 0.514, 0.432, 0.302, 0.222, 0.808, 0.842, 0.794, 0.446, 0.712, 0.778, 0.544, 0.572, 0.61, 0.422, 0.356, 0.628, 0.57, 0.802, 0.62, 0.46, 0.826, 0.032, 0.722, 0.568, 0.054, 0.636, 0.758, 0.666, 0.022, 0.53], "computation-time": 14.349901914596558, "max-memory-usage": 144880912}