{"auroc": 0.9789777777777778, "aupr": 0.9751487736122972, "y": [1, 1, 0, 1, 0, 0, 0, 0, 1, 1, 1, 1, 0, 1, 0, 1, 1, 0, 1, 0, 0, 1, 0, 1, 0, 0, 0, 0, 1, 0, 1, 1, 0, 1, 0, 1, 0, 1, 1, 1, 1, 0, 1, 0, 1, 0, 1, 0, 1, 1, 0, 1, 1, 1, 0, 0, 0, 0, 0, 0, 0, 1, 0, 0, 1, 0, 1, 0, 1, 0, 1, 0, 1, 0, 0, 0, 0, 1, 0, 1, 0, 0, 0, 0, 1, 0, 1, 1, 0, 0, 1, 1, 1, 1, 1, 0, 1, 1, 1, 1, 1, 1, 0, 0, 1, 1, 0, 0, 1, 1, 1, 1, 0, 1, 0, 1, 1, 0, 0, 1, 0, 0, 1, 0, 0, 1, 0, 0, 0, 1, 0, 1, 0, 0, 0, 0, 1, 0, 0, 1, 1, 1, 1, 0, 1, 0, 1, 1, 0, 0, 1, 0, 1, 1, 0, 0, 1, 0, 0, 1, 0, 0, 1, 0, 0, 0, 0, 0, 0, 1, 1, 0, 1, 0, 0, 1, 1, 1, 0, 1, 1, 0, 0, 0, 0, 1, 1, 1, 1, 1, 1, 1, 1, 1, 0, 0, 0, 1, 1, 0, 1, 1, 1, 0, 0, 0, 1, 1, 0, 0, 0, 0, 1, 1, 0, 0, 1, 0, 1, 1, 0, 0, 0, 0, 1, 0, 1, 1, 0, 0, 1, 0, 0, 0, 0, 0, 1, 1, 0, 1, 0, 0, 1, 1, 1, 0, 1, 1, 1, 1, 1, 1, 1, 0, 0, 0, 0, 1, 1, 1, 1, 0, 0, 0, 1, 0, 0, 1, 1, 0, 1, 0, 0, 0, 1, 1, 1, 0, 1, 1, 0, 1, 0, 0, 0, 1, 1, 1, 1, 0, 1, 0, 1, 0, 0, 1, 1, 1, 0, 1], "y-hat": [0.594, 0.63, 0.138, 0.806, 0.202, 0.282, 0.382, 0.49, 0.846, 0.606, 0.674, 0.56, 0.388, 0.65, 0.394, 0.748, 0.654, 0.26, 0.826, 0.362, 0.398, 0.828, 0.604, 0.548, 0.096, 0.268, 0.306, 0.132, 0.628, 0.096, 0.844, 0.794, 0.262, 0.652, 0.8, 0.668, 0.362, 0.764, 0.676, 0.654, 0.744, 0.296, 0.81, 0.416, 0.588, 0.304, 0.782, 0.372, 0.68, 0.41, 0.332, 0.802, 0.78, 0.654, 0.172, 0.472, 0.046, 0.226, 0.16, 0.38, 0.212, 0.76, 0.316, 0.238, 0.594, 0.25, 0.666, 0.334, 0.696, 0.662, 0.728, 0.362, 0.596, 0.098, 0.402, 0.092, 0.38, 0.714, 0.33, 0.684, 0.37, 0.64, 0.384, 0.51, 0.808, 0.348, 0.834, 0.688, 0.504, 0.19, 0.728, 0.67, 0.764, 0.794, 0.422, 0.318, 0.74, 0.848, 0.8, 0.698, 0.842, 0.734, 0.208, 0.444, 0.852, 0.756, 0.094, 0.342, 0.786, 0.608, 0.708, 0.832, 0.31, 0.728, 0.168, 0.614, 0.732, 0.108, 0.098, 0.79, 0.558, 0.24, 0.434, 0.456, 0.282, 0.782, 0.554, 0.176, 0.066, 0.594, 0.352, 0.782, 0.072, 0.322, 0.26, 0.446, 0.734, 0.436, 0.574, 0.872, 0.79, 0.534, 0.656, 0.348, 0.818, 0.416, 0.534, 0.838, 0.2, 0.412, 0.842, 0.34, 0.746, 0.668, 0.204, 0.414, 0.57, 0.548, 0.372, 0.768, 0.372, 0.648, 0.678, 0.054, 0.294, 0.496, 0.424, 0.144, 0.37, 0.74, 0.598, 0.38, 0.822, 0.216, 0.212, 0.826, 0.76, 0.81, 0.168, 0.702, 0.634, 0.068, 0.07, 0.09, 0.272, 0.688, 0.76, 0.796, 0.81, 0.674, 0.826, 0.576, 0.798, 0.55, 0.38, 0.344, 0.536, 0.844, 0.58, 0.328, 0.812, 0.532, 0.776, 0.42, 0.54, 0.378, 0.81, 0.806, 0.156, 0.124, 0.302, 0.074, 0.818, 0.778, 0.456, 0.43, 0.708, 0.246, 0.858, 0.732, 0.426, 0.082, 0.204, 0.24, 0.866, 0.084, 0.746, 0.81, 0.382, 0.236, 0.648, 0.3, 0.426, 0.064, 0.226, 0.104, 0.612, 0.618, 0.086, 0.486, 0.408, 0.09, 0.832, 0.738, 0.752, 0.292, 0.466, 0.738, 0.578, 0.678, 0.902, 0.838, 0.704, 0.322, 0.25, 0.63, 0.372, 0.828, 0.706, 0.788, 0.766, 0.332, 0.38, 0.22, 0.684, 0.318, 0.152, 0.636, 0.784, 0.29, 0.504, 0.48, 0.278, 0.212, 0.786, 0.818, 0.812, 0.452, 0.754, 0.738, 0.542, 0.496, 0.578, 0.332, 0.348, 0.658, 0.61, 0.744, 0.648, 0.482, 0.794, 0.088, 0.704, 0.56, 0.062, 0.65, 0.8, 0.646, 0.056, 0.46], "computation-time": 753.3039860725403, "max-memory-usage": 32919987950}