{"auroc": 0.9798888888888888, "aupr": 0.9761295271165527, "y": [1, 1, 0, 1, 0, 0, 0, 0, 1, 1, 1, 1, 0, 1, 0, 1, 1, 0, 1, 0, 0, 1, 0, 1, 0, 0, 0, 0, 1, 0, 1, 1, 0, 1, 0, 1, 0, 1, 1, 1, 1, 0, 1, 0, 1, 0, 1, 0, 1, 1, 0, 1, 1, 1, 0, 0, 0, 0, 0, 0, 0, 1, 0, 0, 1, 0, 1, 0, 1, 0, 1, 0, 1, 0, 0, 0, 0, 1, 0, 1, 0, 0, 0, 0, 1, 0, 1, 1, 0, 0, 1, 1, 1, 1, 1, 0, 1, 1, 1, 1, 1, 1, 0, 0, 1, 1, 0, 0, 1, 1, 1, 1, 0, 1, 0, 1, 1, 0, 0, 1, 0, 0, 1, 0, 0, 1, 0, 0, 0, 1, 0, 1, 0, 0, 0, 0, 1, 0, 0, 1, 1, 1, 1, 0, 1, 0, 1, 1, 0, 0, 1, 0, 1, 1, 0, 0, 1, 0, 0, 1, 0, 0, 1, 0, 0, 0, 0, 0, 0, 1, 1, 0, 1, 0, 0, 1, 1, 1, 0, 1, 1, 0, 0, 0, 0, 1, 1, 1, 1, 1, 1, 1, 1, 1, 0, 0, 0, 1, 1, 0, 1, 1, 1, 0, 0, 0, 1, 1, 0, 0, 0, 0, 1, 1, 0, 0, 1, 0, 1, 1, 0, 0, 0, 0, 1, 0, 1, 1, 0, 0, 1, 0, 0, 0, 0, 0, 1, 1, 0, 1, 0, 0, 1, 1, 1, 0, 1, 1, 1, 1, 1, 1, 1, 0, 0, 0, 0, 1, 1, 1, 1, 0, 0, 0, 1, 0, 0, 1, 1, 0, 1, 0, 0, 0, 1, 1, 1, 0, 1, 1, 0, 1, 0, 0, 0, 1, 1, 1, 1, 0, 1, 0, 1, 0, 0, 1, 1, 1, 0, 1], "y-hat": [0.622, 0.616, 0.124, 0.78, 0.246, 0.302, 0.368, 0.47, 0.828, 0.616, 0.684, 0.574, 0.428, 0.676, 0.404, 0.774, 0.64, 0.308, 0.82, 0.336, 0.438, 0.862, 0.568, 0.542, 0.096, 0.298, 0.326, 0.108, 0.614, 0.12, 0.816, 0.828, 0.232, 0.632, 0.802, 0.632, 0.312, 0.808, 0.706, 0.64, 0.748, 0.336, 0.842, 0.374, 0.61, 0.386, 0.794, 0.408, 0.694, 0.418, 0.348, 0.816, 0.782, 0.674, 0.218, 0.454, 0.064, 0.198, 0.154, 0.358, 0.238, 0.762, 0.328, 0.284, 0.598, 0.258, 0.68, 0.28, 0.732, 0.68, 0.692, 0.348, 0.626, 0.1, 0.44, 0.076, 0.38, 0.716, 0.32, 0.72, 0.326, 0.642, 0.432, 0.552, 0.836, 0.374, 0.836, 0.622, 0.482, 0.166, 0.724, 0.608, 0.78, 0.812, 0.444, 0.276, 0.792, 0.848, 0.816, 0.684, 0.846, 0.75, 0.226, 0.464, 0.824, 0.706, 0.108, 0.342, 0.75, 0.588, 0.752, 0.802, 0.316, 0.73, 0.154, 0.618, 0.728, 0.118, 0.104, 0.792, 0.578, 0.234, 0.462, 0.48, 0.232, 0.804, 0.56, 0.206, 0.062, 0.63, 0.324, 0.744, 0.07, 0.306, 0.272, 0.49, 0.75, 0.454, 0.542, 0.86, 0.808, 0.562, 0.696, 0.328, 0.814, 0.42, 0.58, 0.866, 0.21, 0.418, 0.86, 0.374, 0.77, 0.674, 0.208, 0.39, 0.628, 0.566, 0.414, 0.762, 0.404, 0.678, 0.652, 0.062, 0.276, 0.51, 0.398, 0.126, 0.33, 0.74, 0.586, 0.38, 0.794, 0.208, 0.23, 0.794, 0.782, 0.826, 0.124, 0.716, 0.646, 0.09, 0.084, 0.116, 0.3, 0.706, 0.772, 0.796, 0.816, 0.698, 0.87, 0.57, 0.81, 0.544, 0.37, 0.354, 0.51, 0.804, 0.574, 0.282, 0.8, 0.594, 0.826, 0.464, 0.524, 0.322, 0.82, 0.762, 0.184, 0.1, 0.326, 0.094, 0.798, 0.77, 0.474, 0.378, 0.706, 0.234, 0.862, 0.75, 0.422, 0.092, 0.238, 0.252, 0.856, 0.108, 0.808, 0.832, 0.4, 0.234, 0.716, 0.288, 0.492, 0.082, 0.23, 0.098, 0.632, 0.63, 0.078, 0.498, 0.388, 0.112, 0.802, 0.728, 0.75, 0.276, 0.448, 0.714, 0.634, 0.664, 0.904, 0.832, 0.712, 0.376, 0.244, 0.61, 0.436, 0.822, 0.738, 0.748, 0.744, 0.318, 0.416, 0.252, 0.714, 0.318, 0.158, 0.624, 0.806, 0.314, 0.48, 0.51, 0.284, 0.204, 0.786, 0.824, 0.832, 0.46, 0.756, 0.736, 0.522, 0.492, 0.564, 0.382, 0.362, 0.658, 0.632, 0.764, 0.676, 0.468, 0.786, 0.08, 0.728, 0.556, 0.046, 0.65, 0.794, 0.626, 0.058, 0.492], "computation-time": 39.56064581871033, "max-memory-usage": 32919987950}