{"auroc": 0.9812888888888889, "aupr": 0.9797680482066955, "y": [1, 1, 0, 1, 0, 0, 0, 0, 1, 1, 1, 1, 0, 1, 0, 1, 1, 0, 1, 0, 0, 1, 0, 1, 0, 0, 0, 0, 1, 0, 1, 1, 0, 1, 0, 1, 0, 1, 1, 1, 1, 0, 1, 0, 1, 0, 1, 0, 1, 1, 0, 1, 1, 1, 0, 0, 0, 0, 0, 0, 0, 1, 0, 0, 1, 0, 1, 0, 1, 0, 1, 0, 1, 0, 0, 0, 0, 1, 0, 1, 0, 0, 0, 0, 1, 0, 1, 1, 0, 0, 1, 1, 1, 1, 1, 0, 1, 1, 1, 1, 1, 1, 0, 0, 1, 1, 0, 0, 1, 1, 1, 1, 0, 1, 0, 1, 1, 0, 0, 1, 0, 0, 1, 0, 0, 1, 0, 0, 0, 1, 0, 1, 0, 0, 0, 0, 1, 0, 0, 1, 1, 1, 1, 0, 1, 0, 1, 1, 0, 0, 1, 0, 1, 1, 0, 0, 1, 0, 0, 1, 0, 0, 1, 0, 0, 0, 0, 0, 0, 1, 1, 0, 1, 0, 0, 1, 1, 1, 0, 1, 1, 0, 0, 0, 0, 1, 1, 1, 1, 1, 1, 1, 1, 1, 0, 0, 0, 1, 1, 0, 1, 1, 1, 0, 0, 0, 1, 1, 0, 0, 0, 0, 1, 1, 0, 0, 1, 0, 1, 1, 0, 0, 0, 0, 1, 0, 1, 1, 0, 0, 1, 0, 0, 0, 0, 0, 1, 1, 0, 1, 0, 0, 1, 1, 1, 0, 1, 1, 1, 1, 1, 1, 1, 0, 0, 0, 0, 1, 1, 1, 1, 0, 0, 0, 1, 0, 0, 1, 1, 0, 1, 0, 0, 0, 1, 1, 1, 0, 1, 1, 0, 1, 0, 0, 0, 1, 1, 1, 1, 0, 1, 0, 1, 0, 0, 1, 1, 1, 0, 1], "y-hat": [0.576, 0.62, 0.132, 0.8, 0.276, 0.26, 0.376, 0.504, 0.832, 0.618, 0.73, 0.58, 0.45, 0.656, 0.392, 0.776, 0.64, 0.252, 0.824, 0.37, 0.412, 0.87, 0.566, 0.572, 0.11, 0.31, 0.31, 0.142, 0.642, 0.112, 0.852, 0.816, 0.272, 0.672, 0.772, 0.662, 0.36, 0.8, 0.722, 0.642, 0.736, 0.324, 0.838, 0.392, 0.656, 0.316, 0.808, 0.37, 0.692, 0.436, 0.39, 0.804, 0.77, 0.726, 0.196, 0.542, 0.084, 0.236, 0.162, 0.376, 0.248, 0.76, 0.324, 0.244, 0.592, 0.274, 0.674, 0.336, 0.69, 0.634, 0.716, 0.318, 0.586, 0.1, 0.432, 0.106, 0.374, 0.72, 0.352, 0.734, 0.342, 0.624, 0.368, 0.548, 0.816, 0.376, 0.846, 0.682, 0.504, 0.218, 0.774, 0.65, 0.808, 0.802, 0.492, 0.284, 0.828, 0.864, 0.824, 0.676, 0.826, 0.744, 0.2, 0.438, 0.85, 0.738, 0.104, 0.306, 0.802, 0.592, 0.76, 0.814, 0.308, 0.714, 0.182, 0.626, 0.748, 0.118, 0.094, 0.784, 0.596, 0.284, 0.48, 0.416, 0.278, 0.764, 0.596, 0.202, 0.086, 0.636, 0.36, 0.756, 0.1, 0.336, 0.286, 0.456, 0.776, 0.422, 0.588, 0.874, 0.792, 0.536, 0.69, 0.338, 0.778, 0.47, 0.57, 0.832, 0.202, 0.454, 0.858, 0.348, 0.764, 0.676, 0.19, 0.408, 0.612, 0.548, 0.38, 0.8, 0.44, 0.66, 0.632, 0.072, 0.29, 0.512, 0.388, 0.126, 0.346, 0.72, 0.576, 0.352, 0.808, 0.176, 0.264, 0.812, 0.774, 0.824, 0.178, 0.706, 0.658, 0.076, 0.11, 0.134, 0.256, 0.738, 0.76, 0.788, 0.778, 0.66, 0.838, 0.546, 0.774, 0.574, 0.404, 0.3, 0.51, 0.848, 0.582, 0.352, 0.818, 0.532, 0.818, 0.454, 0.536, 0.348, 0.826, 0.788, 0.19, 0.108, 0.292, 0.078, 0.802, 0.804, 0.548, 0.384, 0.692, 0.27, 0.84, 0.71, 0.422, 0.116, 0.218, 0.258, 0.868, 0.112, 0.742, 0.774, 0.386, 0.236, 0.68, 0.334, 0.462, 0.06, 0.246, 0.11, 0.65, 0.67, 0.12, 0.536, 0.434, 0.114, 0.842, 0.744, 0.776, 0.262, 0.49, 0.726, 0.596, 0.718, 0.914, 0.822, 0.746, 0.312, 0.286, 0.628, 0.37, 0.826, 0.708, 0.774, 0.728, 0.31, 0.4, 0.194, 0.704, 0.324, 0.162, 0.656, 0.834, 0.324, 0.48, 0.494, 0.266, 0.236, 0.77, 0.848, 0.792, 0.456, 0.744, 0.77, 0.54, 0.47, 0.558, 0.384, 0.386, 0.648, 0.574, 0.76, 0.618, 0.46, 0.804, 0.1, 0.728, 0.566, 0.056, 0.714, 0.822, 0.652, 0.074, 0.472], "computation-time": 100.53394865989685, "max-memory-usage": 932150537}