{"auroc": 0.9814444444444445, "aupr": 0.979441123717179, "y": [1, 1, 0, 1, 0, 0, 0, 0, 1, 1, 1, 1, 0, 1, 0, 1, 1, 0, 1, 0, 0, 1, 0, 1, 0, 0, 0, 0, 1, 0, 1, 1, 0, 1, 0, 1, 0, 1, 1, 1, 1, 0, 1, 0, 1, 0, 1, 0, 1, 1, 0, 1, 1, 1, 0, 0, 0, 0, 0, 0, 0, 1, 0, 0, 1, 0, 1, 0, 1, 0, 1, 0, 1, 0, 0, 0, 0, 1, 0, 1, 0, 0, 0, 0, 1, 0, 1, 1, 0, 0, 1, 1, 1, 1, 1, 0, 1, 1, 1, 1, 1, 1, 0, 0, 1, 1, 0, 0, 1, 1, 1, 1, 0, 1, 0, 1, 1, 0, 0, 1, 0, 0, 1, 0, 0, 1, 0, 0, 0, 1, 0, 1, 0, 0, 0, 0, 1, 0, 0, 1, 1, 1, 1, 0, 1, 0, 1, 1, 0, 0, 1, 0, 1, 1, 0, 0, 1, 0, 0, 1, 0, 0, 1, 0, 0, 0, 0, 0, 0, 1, 1, 0, 1, 0, 0, 1, 1, 1, 0, 1, 1, 0, 0, 0, 0, 1, 1, 1, 1, 1, 1, 1, 1, 1, 0, 0, 0, 1, 1, 0, 1, 1, 1, 0, 0, 0, 1, 1, 0, 0, 0, 0, 1, 1, 0, 0, 1, 0, 1, 1, 0, 0, 0, 0, 1, 0, 1, 1, 0, 0, 1, 0, 0, 0, 0, 0, 1, 1, 0, 1, 0, 0, 1, 1, 1, 0, 1, 1, 1, 1, 1, 1, 1, 0, 0, 0, 0, 1, 1, 1, 1, 0, 0, 0, 1, 0, 0, 1, 1, 0, 1, 0, 0, 0, 1, 1, 1, 0, 1, 1, 0, 1, 0, 0, 0, 1, 1, 1, 1, 0, 1, 0, 1, 0, 0, 1, 1, 1, 0, 1], "y-hat": [0.632, 0.642, 0.142, 0.848, 0.238, 0.294, 0.37, 0.512, 0.874, 0.626, 0.684, 0.626, 0.402, 0.634, 0.426, 0.78, 0.658, 0.25, 0.822, 0.342, 0.42, 0.878, 0.57, 0.562, 0.116, 0.286, 0.298, 0.118, 0.622, 0.158, 0.84, 0.822, 0.23, 0.646, 0.78, 0.66, 0.332, 0.822, 0.744, 0.654, 0.758, 0.332, 0.86, 0.392, 0.624, 0.374, 0.81, 0.378, 0.758, 0.422, 0.35, 0.848, 0.796, 0.708, 0.204, 0.538, 0.066, 0.192, 0.162, 0.358, 0.262, 0.756, 0.362, 0.248, 0.608, 0.234, 0.722, 0.322, 0.714, 0.65, 0.742, 0.332, 0.54, 0.09, 0.438, 0.076, 0.368, 0.726, 0.338, 0.76, 0.314, 0.63, 0.406, 0.492, 0.828, 0.294, 0.856, 0.7, 0.544, 0.172, 0.778, 0.67, 0.832, 0.85, 0.5, 0.296, 0.784, 0.874, 0.844, 0.698, 0.848, 0.732, 0.24, 0.478, 0.844, 0.746, 0.078, 0.366, 0.774, 0.622, 0.736, 0.834, 0.314, 0.688, 0.198, 0.658, 0.766, 0.116, 0.098, 0.792, 0.622, 0.24, 0.524, 0.374, 0.28, 0.822, 0.62, 0.174, 0.066, 0.676, 0.328, 0.792, 0.092, 0.332, 0.244, 0.416, 0.772, 0.448, 0.554, 0.884, 0.79, 0.556, 0.722, 0.324, 0.844, 0.45, 0.568, 0.834, 0.164, 0.396, 0.838, 0.32, 0.784, 0.676, 0.22, 0.404, 0.61, 0.614, 0.432, 0.814, 0.39, 0.68, 0.686, 0.034, 0.362, 0.502, 0.426, 0.158, 0.388, 0.748, 0.652, 0.366, 0.82, 0.192, 0.18, 0.846, 0.778, 0.842, 0.128, 0.704, 0.706, 0.07, 0.074, 0.118, 0.322, 0.758, 0.764, 0.782, 0.838, 0.668, 0.864, 0.58, 0.86, 0.582, 0.398, 0.35, 0.552, 0.882, 0.544, 0.306, 0.796, 0.56, 0.828, 0.428, 0.528, 0.324, 0.828, 0.742, 0.206, 0.092, 0.28, 0.096, 0.804, 0.82, 0.522, 0.398, 0.75, 0.282, 0.886, 0.756, 0.366, 0.1, 0.232, 0.286, 0.91, 0.11, 0.776, 0.81, 0.42, 0.224, 0.7, 0.284, 0.512, 0.06, 0.264, 0.114, 0.684, 0.718, 0.086, 0.574, 0.37, 0.106, 0.846, 0.76, 0.8, 0.26, 0.434, 0.714, 0.598, 0.692, 0.918, 0.844, 0.752, 0.306, 0.24, 0.672, 0.4, 0.828, 0.77, 0.772, 0.754, 0.324, 0.42, 0.25, 0.664, 0.376, 0.142, 0.636, 0.786, 0.338, 0.546, 0.448, 0.26, 0.2, 0.834, 0.848, 0.798, 0.454, 0.748, 0.732, 0.492, 0.468, 0.544, 0.38, 0.37, 0.646, 0.638, 0.76, 0.614, 0.492, 0.832, 0.076, 0.736, 0.594, 0.044, 0.7, 0.802, 0.614, 0.06, 0.494], "computation-time": 0.04221701622009277, "max-memory-usage": 932150537}