{"auroc": 0.9794222222222222, "aupr": 0.9778707621362847, "y": [1, 1, 0, 1, 0, 0, 0, 0, 1, 1, 1, 1, 0, 1, 0, 1, 1, 0, 1, 0, 0, 1, 0, 1, 0, 0, 0, 0, 1, 0, 1, 1, 0, 1, 0, 1, 0, 1, 1, 1, 1, 0, 1, 0, 1, 0, 1, 0, 1, 1, 0, 1, 1, 1, 0, 0, 0, 0, 0, 0, 0, 1, 0, 0, 1, 0, 1, 0, 1, 0, 1, 0, 1, 0, 0, 0, 0, 1, 0, 1, 0, 0, 0, 0, 1, 0, 1, 1, 0, 0, 1, 1, 1, 1, 1, 0, 1, 1, 1, 1, 1, 1, 0, 0, 1, 1, 0, 0, 1, 1, 1, 1, 0, 1, 0, 1, 1, 0, 0, 1, 0, 0, 1, 0, 0, 1, 0, 0, 0, 1, 0, 1, 0, 0, 0, 0, 1, 0, 0, 1, 1, 1, 1, 0, 1, 0, 1, 1, 0, 0, 1, 0, 1, 1, 0, 0, 1, 0, 0, 1, 0, 0, 1, 0, 0, 0, 0, 0, 0, 1, 1, 0, 1, 0, 0, 1, 1, 1, 0, 1, 1, 0, 0, 0, 0, 1, 1, 1, 1, 1, 1, 1, 1, 1, 0, 0, 0, 1, 1, 0, 1, 1, 1, 0, 0, 0, 1, 1, 0, 0, 0, 0, 1, 1, 0, 0, 1, 0, 1, 1, 0, 0, 0, 0, 1, 0, 1, 1, 0, 0, 1, 0, 0, 0, 0, 0, 1, 1, 0, 1, 0, 0, 1, 1, 1, 0, 1, 1, 1, 1, 1, 1, 1, 0, 0, 0, 0, 1, 1, 1, 1, 0, 0, 0, 1, 0, 0, 1, 1, 0, 1, 0, 0, 0, 1, 1, 1, 0, 1, 1, 0, 1, 0, 0, 0, 1, 1, 1, 1, 0, 1, 0, 1, 0, 0, 1, 1, 1, 0, 1], "y-hat": [0.632, 0.67, 0.156, 0.816, 0.28, 0.266, 0.304, 0.514, 0.86, 0.648, 0.712, 0.572, 0.42, 0.63, 0.39, 0.774, 0.614, 0.256, 0.866, 0.284, 0.46, 0.844, 0.606, 0.524, 0.092, 0.28, 0.322, 0.138, 0.638, 0.13, 0.818, 0.78, 0.25, 0.654, 0.772, 0.688, 0.346, 0.81, 0.74, 0.652, 0.748, 0.302, 0.83, 0.36, 0.626, 0.316, 0.8, 0.406, 0.708, 0.406, 0.35, 0.82, 0.808, 0.678, 0.212, 0.528, 0.074, 0.206, 0.158, 0.39, 0.252, 0.794, 0.312, 0.22, 0.572, 0.248, 0.696, 0.338, 0.67, 0.662, 0.742, 0.314, 0.58, 0.078, 0.446, 0.116, 0.418, 0.774, 0.368, 0.714, 0.35, 0.654, 0.39, 0.506, 0.826, 0.368, 0.858, 0.674, 0.524, 0.222, 0.756, 0.648, 0.796, 0.81, 0.508, 0.29, 0.782, 0.878, 0.814, 0.69, 0.834, 0.77, 0.24, 0.488, 0.864, 0.734, 0.08, 0.282, 0.796, 0.632, 0.732, 0.82, 0.31, 0.738, 0.206, 0.672, 0.744, 0.098, 0.112, 0.782, 0.62, 0.25, 0.514, 0.464, 0.246, 0.806, 0.616, 0.23, 0.082, 0.68, 0.32, 0.764, 0.086, 0.28, 0.246, 0.474, 0.718, 0.404, 0.57, 0.898, 0.81, 0.554, 0.668, 0.322, 0.834, 0.436, 0.598, 0.822, 0.194, 0.46, 0.824, 0.366, 0.73, 0.726, 0.234, 0.424, 0.626, 0.608, 0.41, 0.816, 0.366, 0.672, 0.654, 0.078, 0.306, 0.494, 0.424, 0.134, 0.356, 0.72, 0.578, 0.388, 0.796, 0.192, 0.206, 0.826, 0.774, 0.842, 0.154, 0.7, 0.688, 0.046, 0.094, 0.13, 0.256, 0.766, 0.8, 0.81, 0.806, 0.69, 0.85, 0.518, 0.8, 0.554, 0.398, 0.332, 0.518, 0.862, 0.536, 0.334, 0.8, 0.554, 0.808, 0.46, 0.48, 0.36, 0.834, 0.808, 0.172, 0.124, 0.314, 0.09, 0.796, 0.82, 0.542, 0.366, 0.73, 0.254, 0.878, 0.748, 0.448, 0.102, 0.216, 0.262, 0.898, 0.102, 0.802, 0.798, 0.4, 0.208, 0.728, 0.358, 0.484, 0.064, 0.248, 0.112, 0.668, 0.626, 0.076, 0.544, 0.424, 0.114, 0.838, 0.75, 0.762, 0.292, 0.45, 0.716, 0.618, 0.704, 0.9, 0.844, 0.762, 0.334, 0.286, 0.646, 0.344, 0.834, 0.74, 0.79, 0.764, 0.348, 0.416, 0.21, 0.672, 0.34, 0.156, 0.66, 0.794, 0.29, 0.55, 0.482, 0.328, 0.226, 0.766, 0.854, 0.782, 0.444, 0.732, 0.736, 0.504, 0.504, 0.632, 0.404, 0.3, 0.65, 0.594, 0.764, 0.682, 0.462, 0.812, 0.086, 0.762, 0.594, 0.052, 0.668, 0.798, 0.636, 0.068, 0.454], "computation-time": 5247.381370782852, "max-memory-usage": 32919987950}