{"auroc": 0.9787555555555555, "aupr": 0.9747467718457795, "y": [1, 1, 0, 1, 0, 0, 0, 0, 1, 1, 1, 1, 0, 1, 0, 1, 1, 0, 1, 0, 0, 1, 0, 1, 0, 0, 0, 0, 1, 0, 1, 1, 0, 1, 0, 1, 0, 1, 1, 1, 1, 0, 1, 0, 1, 0, 1, 0, 1, 1, 0, 1, 1, 1, 0, 0, 0, 0, 0, 0, 0, 1, 0, 0, 1, 0, 1, 0, 1, 0, 1, 0, 1, 0, 0, 0, 0, 1, 0, 1, 0, 0, 0, 0, 1, 0, 1, 1, 0, 0, 1, 1, 1, 1, 1, 0, 1, 1, 1, 1, 1, 1, 0, 0, 1, 1, 0, 0, 1, 1, 1, 1, 0, 1, 0, 1, 1, 0, 0, 1, 0, 0, 1, 0, 0, 1, 0, 0, 0, 1, 0, 1, 0, 0, 0, 0, 1, 0, 0, 1, 1, 1, 1, 0, 1, 0, 1, 1, 0, 0, 1, 0, 1, 1, 0, 0, 1, 0, 0, 1, 0, 0, 1, 0, 0, 0, 0, 0, 0, 1, 1, 0, 1, 0, 0, 1, 1, 1, 0, 1, 1, 0, 0, 0, 0, 1, 1, 1, 1, 1, 1, 1, 1, 1, 0, 0, 0, 1, 1, 0, 1, 1, 1, 0, 0, 0, 1, 1, 0, 0, 0, 0, 1, 1, 0, 0, 1, 0, 1, 1, 0, 0, 0, 0, 1, 0, 1, 1, 0, 0, 1, 0, 0, 0, 0, 0, 1, 1, 0, 1, 0, 0, 1, 1, 1, 0, 1, 1, 1, 1, 1, 1, 1, 0, 0, 0, 0, 1, 1, 1, 1, 0, 0, 0, 1, 0, 0, 1, 1, 0, 1, 0, 0, 0, 1, 1, 1, 0, 1, 1, 0, 1, 0, 0, 0, 1, 1, 1, 1, 0, 1, 0, 1, 0, 0, 1, 1, 1, 0, 1], "y-hat": [0.662, 0.602, 0.16, 0.852, 0.224, 0.28, 0.374, 0.518, 0.862, 0.624, 0.75, 0.59, 0.416, 0.624, 0.374, 0.772, 0.636, 0.252, 0.814, 0.372, 0.452, 0.89, 0.568, 0.556, 0.072, 0.288, 0.294, 0.154, 0.59, 0.092, 0.852, 0.828, 0.256, 0.652, 0.816, 0.636, 0.358, 0.832, 0.728, 0.684, 0.754, 0.328, 0.836, 0.402, 0.634, 0.366, 0.808, 0.396, 0.702, 0.432, 0.352, 0.856, 0.802, 0.728, 0.212, 0.508, 0.064, 0.198, 0.134, 0.362, 0.228, 0.74, 0.334, 0.238, 0.614, 0.264, 0.742, 0.318, 0.7, 0.688, 0.73, 0.296, 0.596, 0.08, 0.436, 0.068, 0.366, 0.754, 0.314, 0.744, 0.326, 0.584, 0.386, 0.534, 0.81, 0.35, 0.888, 0.638, 0.474, 0.186, 0.772, 0.612, 0.8, 0.806, 0.504, 0.276, 0.804, 0.876, 0.852, 0.674, 0.852, 0.738, 0.228, 0.454, 0.846, 0.714, 0.072, 0.346, 0.828, 0.646, 0.73, 0.832, 0.298, 0.698, 0.158, 0.646, 0.756, 0.126, 0.12, 0.84, 0.636, 0.214, 0.54, 0.436, 0.24, 0.808, 0.582, 0.184, 0.058, 0.652, 0.318, 0.834, 0.1, 0.352, 0.244, 0.476, 0.744, 0.382, 0.54, 0.868, 0.794, 0.562, 0.728, 0.316, 0.808, 0.484, 0.532, 0.854, 0.214, 0.45, 0.856, 0.324, 0.766, 0.716, 0.16, 0.348, 0.566, 0.606, 0.426, 0.84, 0.404, 0.718, 0.674, 0.054, 0.318, 0.51, 0.386, 0.106, 0.376, 0.732, 0.594, 0.368, 0.808, 0.184, 0.218, 0.844, 0.774, 0.872, 0.136, 0.738, 0.692, 0.066, 0.068, 0.116, 0.276, 0.71, 0.762, 0.836, 0.826, 0.684, 0.874, 0.59, 0.868, 0.584, 0.356, 0.366, 0.528, 0.856, 0.582, 0.352, 0.804, 0.602, 0.854, 0.438, 0.488, 0.348, 0.826, 0.786, 0.198, 0.104, 0.298, 0.074, 0.794, 0.844, 0.524, 0.386, 0.704, 0.306, 0.888, 0.692, 0.398, 0.106, 0.21, 0.264, 0.888, 0.102, 0.766, 0.804, 0.414, 0.218, 0.724, 0.308, 0.488, 0.036, 0.206, 0.07, 0.694, 0.662, 0.07, 0.524, 0.416, 0.086, 0.872, 0.77, 0.788, 0.264, 0.434, 0.732, 0.61, 0.658, 0.906, 0.842, 0.76, 0.272, 0.272, 0.656, 0.376, 0.854, 0.756, 0.758, 0.744, 0.34, 0.42, 0.218, 0.688, 0.33, 0.144, 0.67, 0.778, 0.29, 0.504, 0.492, 0.244, 0.2, 0.812, 0.88, 0.794, 0.474, 0.788, 0.748, 0.528, 0.444, 0.6, 0.374, 0.328, 0.626, 0.648, 0.774, 0.656, 0.442, 0.818, 0.058, 0.728, 0.61, 0.048, 0.738, 0.814, 0.63, 0.034, 0.484], "computation-time": 3.307343006134033, "max-memory-usage": 932150537}