{"auroc": 0.9790888888888888, "aupr": 0.9750318205321119, "y": [1, 1, 0, 1, 0, 0, 0, 0, 1, 1, 1, 1, 0, 1, 0, 1, 1, 0, 1, 0, 0, 1, 0, 1, 0, 0, 0, 0, 1, 0, 1, 1, 0, 1, 0, 1, 0, 1, 1, 1, 1, 0, 1, 0, 1, 0, 1, 0, 1, 1, 0, 1, 1, 1, 0, 0, 0, 0, 0, 0, 0, 1, 0, 0, 1, 0, 1, 0, 1, 0, 1, 0, 1, 0, 0, 0, 0, 1, 0, 1, 0, 0, 0, 0, 1, 0, 1, 1, 0, 0, 1, 1, 1, 1, 1, 0, 1, 1, 1, 1, 1, 1, 0, 0, 1, 1, 0, 0, 1, 1, 1, 1, 0, 1, 0, 1, 1, 0, 0, 1, 0, 0, 1, 0, 0, 1, 0, 0, 0, 1, 0, 1, 0, 0, 0, 0, 1, 0, 0, 1, 1, 1, 1, 0, 1, 0, 1, 1, 0, 0, 1, 0, 1, 1, 0, 0, 1, 0, 0, 1, 0, 0, 1, 0, 0, 0, 0, 0, 0, 1, 1, 0, 1, 0, 0, 1, 1, 1, 0, 1, 1, 0, 0, 0, 0, 1, 1, 1, 1, 1, 1, 1, 1, 1, 0, 0, 0, 1, 1, 0, 1, 1, 1, 0, 0, 0, 1, 1, 0, 0, 0, 0, 1, 1, 0, 0, 1, 0, 1, 1, 0, 0, 0, 0, 1, 0, 1, 1, 0, 0, 1, 0, 0, 0, 0, 0, 1, 1, 0, 1, 0, 0, 1, 1, 1, 0, 1, 1, 1, 1, 1, 1, 1, 0, 0, 0, 0, 1, 1, 1, 1, 0, 0, 0, 1, 0, 0, 1, 1, 0, 1, 0, 0, 0, 1, 1, 1, 0, 1, 1, 0, 1, 0, 0, 0, 1, 1, 1, 1, 0, 1, 0, 1, 0, 0, 1, 1, 1, 0, 1], "y-hat": [0.586, 0.596, 0.142, 0.79, 0.25, 0.28, 0.39, 0.458, 0.846, 0.596, 0.662, 0.578, 0.418, 0.634, 0.374, 0.748, 0.644, 0.31, 0.794, 0.302, 0.426, 0.862, 0.57, 0.572, 0.1, 0.306, 0.336, 0.134, 0.62, 0.154, 0.82, 0.808, 0.306, 0.64, 0.804, 0.656, 0.384, 0.806, 0.72, 0.69, 0.762, 0.338, 0.848, 0.374, 0.596, 0.342, 0.788, 0.35, 0.68, 0.402, 0.386, 0.81, 0.768, 0.654, 0.256, 0.53, 0.088, 0.224, 0.156, 0.35, 0.206, 0.764, 0.32, 0.254, 0.608, 0.264, 0.716, 0.338, 0.692, 0.646, 0.73, 0.34, 0.57, 0.09, 0.446, 0.106, 0.404, 0.754, 0.338, 0.746, 0.35, 0.576, 0.45, 0.518, 0.816, 0.378, 0.814, 0.676, 0.488, 0.202, 0.756, 0.666, 0.796, 0.798, 0.484, 0.27, 0.804, 0.876, 0.81, 0.716, 0.884, 0.728, 0.216, 0.446, 0.844, 0.766, 0.106, 0.342, 0.76, 0.6, 0.75, 0.814, 0.368, 0.702, 0.19, 0.68, 0.762, 0.128, 0.126, 0.744, 0.666, 0.248, 0.514, 0.458, 0.278, 0.798, 0.574, 0.204, 0.066, 0.656, 0.334, 0.762, 0.102, 0.316, 0.28, 0.45, 0.728, 0.428, 0.582, 0.864, 0.802, 0.574, 0.672, 0.352, 0.834, 0.468, 0.556, 0.844, 0.21, 0.438, 0.808, 0.332, 0.736, 0.678, 0.208, 0.398, 0.6, 0.596, 0.4, 0.798, 0.36, 0.694, 0.64, 0.058, 0.294, 0.5, 0.43, 0.144, 0.368, 0.758, 0.618, 0.392, 0.782, 0.198, 0.218, 0.774, 0.798, 0.834, 0.19, 0.69, 0.672, 0.064, 0.112, 0.13, 0.276, 0.728, 0.762, 0.818, 0.808, 0.692, 0.838, 0.582, 0.802, 0.6, 0.402, 0.346, 0.52, 0.848, 0.576, 0.326, 0.824, 0.554, 0.812, 0.426, 0.548, 0.378, 0.834, 0.81, 0.176, 0.098, 0.3, 0.098, 0.8, 0.786, 0.504, 0.406, 0.708, 0.252, 0.884, 0.712, 0.47, 0.096, 0.242, 0.28, 0.87, 0.106, 0.78, 0.826, 0.422, 0.242, 0.708, 0.342, 0.474, 0.078, 0.268, 0.124, 0.612, 0.634, 0.104, 0.538, 0.394, 0.114, 0.818, 0.762, 0.786, 0.274, 0.43, 0.692, 0.644, 0.73, 0.902, 0.816, 0.746, 0.318, 0.282, 0.604, 0.374, 0.868, 0.734, 0.736, 0.76, 0.342, 0.4, 0.25, 0.698, 0.334, 0.176, 0.648, 0.758, 0.306, 0.53, 0.544, 0.28, 0.224, 0.796, 0.812, 0.83, 0.474, 0.778, 0.704, 0.56, 0.484, 0.574, 0.372, 0.346, 0.656, 0.63, 0.782, 0.658, 0.488, 0.81, 0.092, 0.748, 0.608, 0.048, 0.676, 0.778, 0.608, 0.084, 0.48], "computation-time": 51.706987142562866, "max-memory-usage": 932150537}