{"auroc": 0.9750222222222222, "aupr": 0.9687577769151176, "y": [1, 1, 0, 1, 0, 0, 0, 0, 1, 1, 1, 1, 0, 1, 0, 1, 1, 0, 1, 0, 0, 1, 0, 1, 0, 0, 0, 0, 1, 0, 1, 1, 0, 1, 0, 1, 0, 1, 1, 1, 1, 0, 1, 0, 1, 0, 1, 0, 1, 1, 0, 1, 1, 1, 0, 0, 0, 0, 0, 0, 0, 1, 0, 0, 1, 0, 1, 0, 1, 0, 1, 0, 1, 0, 0, 0, 0, 1, 0, 1, 0, 0, 0, 0, 1, 0, 1, 1, 0, 0, 1, 1, 1, 1, 1, 0, 1, 1, 1, 1, 1, 1, 0, 0, 1, 1, 0, 0, 1, 1, 1, 1, 0, 1, 0, 1, 1, 0, 0, 1, 0, 0, 1, 0, 0, 1, 0, 0, 0, 1, 0, 1, 0, 0, 0, 0, 1, 0, 0, 1, 1, 1, 1, 0, 1, 0, 1, 1, 0, 0, 1, 0, 1, 1, 0, 0, 1, 0, 0, 1, 0, 0, 1, 0, 0, 0, 0, 0, 0, 1, 1, 0, 1, 0, 0, 1, 1, 1, 0, 1, 1, 0, 0, 0, 0, 1, 1, 1, 1, 1, 1, 1, 1, 1, 0, 0, 0, 1, 1, 0, 1, 1, 1, 0, 0, 0, 1, 1, 0, 0, 0, 0, 1, 1, 0, 0, 1, 0, 1, 1, 0, 0, 0, 0, 1, 0, 1, 1, 0, 0, 1, 0, 0, 0, 0, 0, 1, 1, 0, 1, 0, 0, 1, 1, 1, 0, 1, 1, 1, 1, 1, 1, 1, 0, 0, 0, 0, 1, 1, 1, 1, 0, 0, 0, 1, 0, 0, 1, 1, 0, 1, 0, 0, 0, 1, 1, 1, 0, 1, 1, 0, 1, 0, 0, 0, 1, 1, 1, 1, 0, 1, 0, 1, 0, 0, 1, 1, 1, 0, 1], "y-hat": [0.662, 0.55, 0.144, 0.778, 0.34, 0.304, 0.382, 0.558, 0.86, 0.65, 0.76, 0.532, 0.452, 0.636, 0.388, 0.72, 0.69, 0.272, 0.788, 0.36, 0.376, 0.854, 0.642, 0.476, 0.092, 0.4, 0.288, 0.118, 0.644, 0.122, 0.844, 0.806, 0.24, 0.618, 0.826, 0.668, 0.346, 0.8, 0.782, 0.668, 0.776, 0.34, 0.856, 0.32, 0.696, 0.392, 0.822, 0.394, 0.714, 0.442, 0.328, 0.828, 0.866, 0.702, 0.23, 0.558, 0.062, 0.25, 0.12, 0.396, 0.236, 0.806, 0.23, 0.174, 0.6, 0.342, 0.622, 0.238, 0.708, 0.734, 0.792, 0.266, 0.524, 0.102, 0.488, 0.086, 0.422, 0.692, 0.35, 0.8, 0.414, 0.652, 0.326, 0.558, 0.804, 0.394, 0.91, 0.676, 0.498, 0.218, 0.748, 0.688, 0.792, 0.838, 0.464, 0.29, 0.766, 0.812, 0.878, 0.72, 0.85, 0.746, 0.274, 0.46, 0.82, 0.786, 0.102, 0.322, 0.734, 0.632, 0.736, 0.806, 0.216, 0.69, 0.12, 0.616, 0.772, 0.126, 0.076, 0.756, 0.54, 0.236, 0.462, 0.448, 0.278, 0.778, 0.55, 0.146, 0.042, 0.63, 0.386, 0.8, 0.09, 0.338, 0.258, 0.48, 0.752, 0.358, 0.636, 0.89, 0.852, 0.588, 0.672, 0.344, 0.818, 0.434, 0.586, 0.86, 0.174, 0.442, 0.83, 0.322, 0.786, 0.76, 0.192, 0.34, 0.592, 0.554, 0.396, 0.788, 0.39, 0.704, 0.698, 0.072, 0.292, 0.558, 0.5, 0.15, 0.396, 0.7, 0.614, 0.34, 0.79, 0.194, 0.17, 0.77, 0.778, 0.806, 0.172, 0.72, 0.702, 0.082, 0.066, 0.132, 0.316, 0.736, 0.758, 0.748, 0.828, 0.714, 0.828, 0.568, 0.862, 0.546, 0.356, 0.318, 0.536, 0.85, 0.608, 0.32, 0.788, 0.57, 0.786, 0.396, 0.606, 0.346, 0.83, 0.832, 0.204, 0.114, 0.346, 0.064, 0.806, 0.796, 0.436, 0.382, 0.66, 0.298, 0.842, 0.798, 0.452, 0.096, 0.146, 0.218, 0.762, 0.082, 0.744, 0.782, 0.398, 0.242, 0.772, 0.308, 0.464, 0.068, 0.19, 0.078, 0.602, 0.61, 0.09, 0.444, 0.494, 0.084, 0.834, 0.75, 0.754, 0.254, 0.558, 0.714, 0.572, 0.714, 0.876, 0.846, 0.774, 0.35, 0.286, 0.604, 0.35, 0.808, 0.782, 0.77, 0.78, 0.214, 0.384, 0.202, 0.744, 0.28, 0.132, 0.688, 0.76, 0.294, 0.512, 0.44, 0.268, 0.238, 0.828, 0.804, 0.818, 0.53, 0.74, 0.736, 0.48, 0.524, 0.518, 0.35, 0.35, 0.692, 0.55, 0.758, 0.666, 0.42, 0.768, 0.098, 0.77, 0.608, 0.038, 0.632, 0.748, 0.664, 0.066, 0.498], "computation-time": 191.5270493030548, "max-memory-usage": 32919987950}