{"auroc": 0.9802222222222222, "aupr": 0.9775832434095755, "y": [1, 1, 0, 1, 0, 0, 0, 0, 1, 1, 1, 1, 0, 1, 0, 1, 1, 0, 1, 0, 0, 1, 0, 1, 0, 0, 0, 0, 1, 0, 1, 1, 0, 1, 0, 1, 0, 1, 1, 1, 1, 0, 1, 0, 1, 0, 1, 0, 1, 1, 0, 1, 1, 1, 0, 0, 0, 0, 0, 0, 0, 1, 0, 0, 1, 0, 1, 0, 1, 0, 1, 0, 1, 0, 0, 0, 0, 1, 0, 1, 0, 0, 0, 0, 1, 0, 1, 1, 0, 0, 1, 1, 1, 1, 1, 0, 1, 1, 1, 1, 1, 1, 0, 0, 1, 1, 0, 0, 1, 1, 1, 1, 0, 1, 0, 1, 1, 0, 0, 1, 0, 0, 1, 0, 0, 1, 0, 0, 0, 1, 0, 1, 0, 0, 0, 0, 1, 0, 0, 1, 1, 1, 1, 0, 1, 0, 1, 1, 0, 0, 1, 0, 1, 1, 0, 0, 1, 0, 0, 1, 0, 0, 1, 0, 0, 0, 0, 0, 0, 1, 1, 0, 1, 0, 0, 1, 1, 1, 0, 1, 1, 0, 0, 0, 0, 1, 1, 1, 1, 1, 1, 1, 1, 1, 0, 0, 0, 1, 1, 0, 1, 1, 1, 0, 0, 0, 1, 1, 0, 0, 0, 0, 1, 1, 0, 0, 1, 0, 1, 1, 0, 0, 0, 0, 1, 0, 1, 1, 0, 0, 1, 0, 0, 0, 0, 0, 1, 1, 0, 1, 0, 0, 1, 1, 1, 0, 1, 1, 1, 1, 1, 1, 1, 0, 0, 0, 0, 1, 1, 1, 1, 0, 0, 0, 1, 0, 0, 1, 1, 0, 1, 0, 0, 0, 1, 1, 1, 0, 1, 1, 0, 1, 0, 0, 0, 1, 1, 1, 1, 0, 1, 0, 1, 0, 0, 1, 1, 1, 0, 1], "y-hat": [0.616, 0.618, 0.15, 0.782, 0.256, 0.244, 0.396, 0.504, 0.844, 0.624, 0.67, 0.584, 0.424, 0.648, 0.368, 0.724, 0.662, 0.248, 0.812, 0.344, 0.398, 0.858, 0.592, 0.55, 0.104, 0.326, 0.296, 0.114, 0.636, 0.122, 0.844, 0.826, 0.282, 0.636, 0.782, 0.618, 0.348, 0.818, 0.742, 0.66, 0.778, 0.358, 0.86, 0.408, 0.618, 0.354, 0.834, 0.388, 0.698, 0.44, 0.374, 0.826, 0.766, 0.682, 0.214, 0.506, 0.086, 0.226, 0.142, 0.406, 0.25, 0.764, 0.338, 0.276, 0.618, 0.284, 0.692, 0.314, 0.716, 0.652, 0.764, 0.35, 0.562, 0.102, 0.4, 0.092, 0.432, 0.722, 0.346, 0.722, 0.364, 0.616, 0.388, 0.532, 0.84, 0.416, 0.842, 0.662, 0.518, 0.19, 0.72, 0.69, 0.802, 0.788, 0.484, 0.31, 0.778, 0.864, 0.838, 0.674, 0.878, 0.734, 0.222, 0.47, 0.818, 0.742, 0.09, 0.302, 0.774, 0.574, 0.756, 0.822, 0.346, 0.684, 0.2, 0.656, 0.752, 0.12, 0.092, 0.768, 0.606, 0.264, 0.468, 0.436, 0.286, 0.784, 0.558, 0.178, 0.072, 0.61, 0.366, 0.754, 0.094, 0.37, 0.24, 0.488, 0.76, 0.464, 0.59, 0.878, 0.804, 0.576, 0.68, 0.362, 0.806, 0.498, 0.554, 0.85, 0.242, 0.446, 0.856, 0.31, 0.742, 0.702, 0.182, 0.418, 0.596, 0.546, 0.406, 0.8, 0.39, 0.718, 0.646, 0.056, 0.316, 0.484, 0.444, 0.156, 0.35, 0.73, 0.634, 0.372, 0.772, 0.204, 0.246, 0.81, 0.778, 0.804, 0.182, 0.656, 0.644, 0.068, 0.092, 0.116, 0.294, 0.684, 0.736, 0.776, 0.836, 0.69, 0.844, 0.594, 0.816, 0.562, 0.348, 0.36, 0.53, 0.824, 0.622, 0.362, 0.826, 0.572, 0.836, 0.43, 0.54, 0.342, 0.838, 0.796, 0.192, 0.13, 0.274, 0.1, 0.828, 0.792, 0.516, 0.38, 0.706, 0.288, 0.832, 0.762, 0.39, 0.086, 0.23, 0.282, 0.848, 0.088, 0.796, 0.81, 0.428, 0.232, 0.7, 0.326, 0.454, 0.06, 0.25, 0.116, 0.646, 0.666, 0.096, 0.52, 0.442, 0.092, 0.834, 0.754, 0.766, 0.312, 0.482, 0.748, 0.592, 0.696, 0.912, 0.83, 0.746, 0.322, 0.278, 0.622, 0.378, 0.85, 0.738, 0.764, 0.742, 0.328, 0.434, 0.262, 0.688, 0.312, 0.174, 0.632, 0.812, 0.326, 0.508, 0.498, 0.262, 0.204, 0.806, 0.822, 0.81, 0.454, 0.754, 0.708, 0.544, 0.464, 0.566, 0.41, 0.36, 0.636, 0.638, 0.752, 0.642, 0.45, 0.806, 0.106, 0.71, 0.584, 0.052, 0.648, 0.806, 0.644, 0.042, 0.442], "computation-time": 2347.089752674103, "max-memory-usage": 932150537}