{"auroc": 0.9034444444444445, "aupr": 0.9075932666063491, "y": [1, 1, 0, 1, 0, 0, 0, 0, 1, 1, 1, 1, 0, 1, 0, 1, 1, 0, 1, 0, 0, 1, 0, 1, 0, 0, 0, 0, 1, 0, 1, 1, 0, 1, 0, 1, 0, 1, 1, 1, 1, 0, 1, 0, 1, 0, 1, 0, 1, 1, 0, 1, 1, 1, 0, 0, 0, 0, 0, 0, 0, 1, 0, 0, 1, 0, 1, 0, 1, 0, 1, 0, 1, 0, 0, 0, 0, 1, 0, 1, 0, 0, 0, 0, 1, 0, 1, 1, 0, 0, 1, 1, 1, 1, 1, 0, 1, 1, 1, 1, 1, 1, 0, 0, 1, 1, 0, 0, 1, 1, 1, 1, 0, 1, 0, 1, 1, 0, 0, 1, 0, 0, 1, 0, 0, 1, 0, 0, 0, 1, 0, 1, 0, 0, 0, 0, 1, 0, 0, 1, 1, 1, 1, 0, 1, 0, 1, 1, 0, 0, 1, 0, 1, 1, 0, 0, 1, 0, 0, 1, 0, 0, 1, 0, 0, 0, 0, 0, 0, 1, 1, 0, 1, 0, 0, 1, 1, 1, 0, 1, 1, 0, 0, 0, 0, 1, 1, 1, 1, 1, 1, 1, 1, 1, 0, 0, 0, 1, 1, 0, 1, 1, 1, 0, 0, 0, 1, 1, 0, 0, 0, 0, 1, 1, 0, 0, 1, 0, 1, 1, 0, 0, 0, 0, 1, 0, 1, 1, 0, 0, 1, 0, 0, 0, 0, 0, 1, 1, 0, 1, 0, 0, 1, 1, 1, 0, 1, 1, 1, 1, 1, 1, 1, 0, 0, 0, 0, 1, 1, 1, 1, 0, 0, 0, 1, 0, 0, 1, 1, 0, 1, 0, 0, 0, 1, 1, 1, 0, 1, 1, 0, 1, 0, 0, 0, 1, 1, 1, 1, 0, 1, 0, 1, 0, 0, 1, 1, 1, 0, 1], "y-hat": [0.566, 0.496, 0.212, 0.64, 0.304, 0.37, 0.382, 0.504, 0.592, 0.628, 0.58, 0.436, 0.44, 0.826, 0.422, 0.728, 0.57, 0.542, 0.844, 0.348, 0.414, 0.71, 0.668, 0.472, 0.116, 0.416, 0.448, 0.116, 0.7, 0.168, 0.694, 0.7, 0.4, 0.638, 0.716, 0.684, 0.442, 0.788, 0.586, 0.674, 0.69, 0.348, 0.752, 0.406, 0.69, 0.328, 0.67, 0.46, 0.664, 0.354, 0.388, 0.652, 0.654, 0.552, 0.178, 0.484, 0.114, 0.142, 0.422, 0.704, 0.41, 0.738, 0.432, 0.394, 0.322, 0.45, 0.638, 0.388, 0.538, 0.602, 0.506, 0.484, 0.636, 0.22, 0.364, 0.186, 0.434, 0.746, 0.516, 0.598, 0.58, 0.522, 0.514, 0.368, 0.784, 0.472, 0.784, 0.46, 0.616, 0.21, 0.56, 0.724, 0.664, 0.712, 0.424, 0.516, 0.654, 0.796, 0.75, 0.512, 0.734, 0.658, 0.334, 0.526, 0.79, 0.638, 0.096, 0.484, 0.608, 0.632, 0.566, 0.796, 0.288, 0.564, 0.402, 0.568, 0.482, 0.136, 0.092, 0.736, 0.388, 0.39, 0.34, 0.518, 0.394, 0.808, 0.624, 0.412, 0.084, 0.584, 0.404, 0.706, 0.086, 0.266, 0.36, 0.49, 0.626, 0.404, 0.578, 0.698, 0.56, 0.384, 0.642, 0.486, 0.64, 0.436, 0.732, 0.724, 0.258, 0.414, 0.824, 0.542, 0.67, 0.6, 0.314, 0.5, 0.626, 0.62, 0.4, 0.682, 0.454, 0.682, 0.782, 0.116, 0.526, 0.484, 0.422, 0.182, 0.466, 0.538, 0.372, 0.414, 0.714, 0.224, 0.406, 0.74, 0.72, 0.746, 0.39, 0.568, 0.516, 0.09, 0.114, 0.124, 0.366, 0.808, 0.652, 0.738, 0.586, 0.64, 0.762, 0.416, 0.704, 0.452, 0.584, 0.366, 0.65, 0.814, 0.626, 0.5, 0.78, 0.448, 0.706, 0.436, 0.5, 0.528, 0.732, 0.636, 0.318, 0.132, 0.362, 0.086, 0.616, 0.742, 0.454, 0.464, 0.744, 0.328, 0.752, 0.724, 0.416, 0.09, 0.386, 0.368, 0.686, 0.102, 0.746, 0.524, 0.402, 0.384, 0.56, 0.508, 0.422, 0.084, 0.444, 0.06, 0.556, 0.408, 0.132, 0.388, 0.466, 0.158, 0.798, 0.542, 0.61, 0.298, 0.482, 0.712, 0.548, 0.722, 0.79, 0.82, 0.692, 0.478, 0.218, 0.704, 0.428, 0.736, 0.588, 0.698, 0.686, 0.624, 0.458, 0.506, 0.63, 0.412, 0.142, 0.692, 0.658, 0.438, 0.394, 0.384, 0.33, 0.438, 0.768, 0.59, 0.63, 0.578, 0.598, 0.674, 0.598, 0.574, 0.656, 0.494, 0.366, 0.612, 0.494, 0.66, 0.736, 0.478, 0.81, 0.166, 0.622, 0.556, 0.098, 0.466, 0.676, 0.484, 0.1, 0.702], "computation-time": 48611.46740746498, "max-memory-usage": 451832214}