{"auroc": 0.9772444444444444, "aupr": 0.9729021813251311, "y": [1, 1, 0, 1, 0, 0, 0, 0, 1, 1, 1, 1, 0, 1, 0, 1, 1, 0, 1, 0, 0, 1, 0, 1, 0, 0, 0, 0, 1, 0, 1, 1, 0, 1, 0, 1, 0, 1, 1, 1, 1, 0, 1, 0, 1, 0, 1, 0, 1, 1, 0, 1, 1, 1, 0, 0, 0, 0, 0, 0, 0, 1, 0, 0, 1, 0, 1, 0, 1, 0, 1, 0, 1, 0, 0, 0, 0, 1, 0, 1, 0, 0, 0, 0, 1, 0, 1, 1, 0, 0, 1, 1, 1, 1, 1, 0, 1, 1, 1, 1, 1, 1, 0, 0, 1, 1, 0, 0, 1, 1, 1, 1, 0, 1, 0, 1, 1, 0, 0, 1, 0, 0, 1, 0, 0, 1, 0, 0, 0, 1, 0, 1, 0, 0, 0, 0, 1, 0, 0, 1, 1, 1, 1, 0, 1, 0, 1, 1, 0, 0, 1, 0, 1, 1, 0, 0, 1, 0, 0, 1, 0, 0, 1, 0, 0, 0, 0, 0, 0, 1, 1, 0, 1, 0, 0, 1, 1, 1, 0, 1, 1, 0, 0, 0, 0, 1, 1, 1, 1, 1, 1, 1, 1, 1, 0, 0, 0, 1, 1, 0, 1, 1, 1, 0, 0, 0, 1, 1, 0, 0, 0, 0, 1, 1, 0, 0, 1, 0, 1, 1, 0, 0, 0, 0, 1, 0, 1, 1, 0, 0, 1, 0, 0, 0, 0, 0, 1, 1, 0, 1, 0, 0, 1, 1, 1, 0, 1, 1, 1, 1, 1, 1, 1, 0, 0, 0, 0, 1, 1, 1, 1, 0, 0, 0, 1, 0, 0, 1, 1, 0, 1, 0, 0, 0, 1, 1, 1, 0, 1, 1, 0, 1, 0, 0, 0, 1, 1, 1, 1, 0, 1, 0, 1, 0, 0, 1, 1, 1, 0, 1], "y-hat": [0.658, 0.646, 0.174, 0.852, 0.26, 0.296, 0.348, 0.514, 0.84, 0.604, 0.716, 0.558, 0.394, 0.658, 0.414, 0.734, 0.64, 0.25, 0.784, 0.348, 0.382, 0.888, 0.592, 0.57, 0.102, 0.298, 0.272, 0.148, 0.582, 0.138, 0.84, 0.83, 0.3, 0.68, 0.824, 0.636, 0.358, 0.816, 0.744, 0.648, 0.736, 0.306, 0.832, 0.362, 0.598, 0.362, 0.792, 0.408, 0.75, 0.444, 0.374, 0.866, 0.79, 0.69, 0.194, 0.524, 0.098, 0.212, 0.156, 0.354, 0.25, 0.778, 0.368, 0.242, 0.616, 0.278, 0.74, 0.296, 0.694, 0.65, 0.734, 0.308, 0.63, 0.092, 0.464, 0.098, 0.426, 0.738, 0.336, 0.708, 0.312, 0.598, 0.396, 0.546, 0.854, 0.364, 0.836, 0.646, 0.502, 0.208, 0.752, 0.658, 0.836, 0.854, 0.452, 0.298, 0.81, 0.87, 0.842, 0.7, 0.862, 0.752, 0.202, 0.454, 0.882, 0.77, 0.082, 0.334, 0.802, 0.638, 0.742, 0.818, 0.322, 0.688, 0.2, 0.638, 0.762, 0.114, 0.126, 0.838, 0.654, 0.262, 0.488, 0.476, 0.304, 0.796, 0.544, 0.2, 0.054, 0.694, 0.384, 0.788, 0.074, 0.352, 0.29, 0.462, 0.726, 0.44, 0.544, 0.908, 0.81, 0.558, 0.692, 0.304, 0.862, 0.476, 0.524, 0.854, 0.184, 0.428, 0.874, 0.374, 0.766, 0.722, 0.198, 0.392, 0.532, 0.636, 0.45, 0.826, 0.394, 0.718, 0.668, 0.072, 0.328, 0.55, 0.404, 0.128, 0.366, 0.738, 0.598, 0.422, 0.792, 0.178, 0.214, 0.814, 0.772, 0.866, 0.146, 0.742, 0.706, 0.062, 0.07, 0.102, 0.322, 0.746, 0.782, 0.824, 0.834, 0.71, 0.862, 0.572, 0.854, 0.544, 0.362, 0.34, 0.508, 0.878, 0.602, 0.318, 0.782, 0.576, 0.84, 0.49, 0.548, 0.346, 0.836, 0.802, 0.176, 0.108, 0.266, 0.092, 0.82, 0.85, 0.516, 0.374, 0.734, 0.258, 0.854, 0.702, 0.422, 0.086, 0.202, 0.242, 0.878, 0.09, 0.75, 0.812, 0.372, 0.256, 0.688, 0.284, 0.514, 0.058, 0.268, 0.112, 0.654, 0.634, 0.062, 0.544, 0.448, 0.1, 0.82, 0.73, 0.74, 0.242, 0.464, 0.734, 0.638, 0.694, 0.908, 0.852, 0.742, 0.274, 0.256, 0.66, 0.382, 0.838, 0.792, 0.74, 0.77, 0.308, 0.378, 0.218, 0.68, 0.272, 0.144, 0.638, 0.806, 0.314, 0.5, 0.466, 0.274, 0.184, 0.818, 0.86, 0.81, 0.498, 0.754, 0.75, 0.516, 0.484, 0.57, 0.342, 0.382, 0.62, 0.606, 0.764, 0.632, 0.462, 0.826, 0.072, 0.73, 0.61, 0.048, 0.702, 0.822, 0.606, 0.036, 0.528], "computation-time": 4.652976751327515, "max-memory-usage": 932150537}