{"auroc": 0.9538444444444444, "aupr": 0.9477462512378276, "y": [1, 1, 0, 1, 0, 0, 0, 0, 1, 1, 1, 1, 0, 1, 0, 1, 1, 0, 1, 0, 0, 1, 0, 1, 0, 0, 0, 0, 1, 0, 1, 1, 0, 1, 0, 1, 0, 1, 1, 1, 1, 0, 1, 0, 1, 0, 1, 0, 1, 1, 0, 1, 1, 1, 0, 0, 0, 0, 0, 0, 0, 1, 0, 0, 1, 0, 1, 0, 1, 0, 1, 0, 1, 0, 0, 0, 0, 1, 0, 1, 0, 0, 0, 0, 1, 0, 1, 1, 0, 0, 1, 1, 1, 1, 1, 0, 1, 1, 1, 1, 1, 1, 0, 0, 1, 1, 0, 0, 1, 1, 1, 1, 0, 1, 0, 1, 1, 0, 0, 1, 0, 0, 1, 0, 0, 1, 0, 0, 0, 1, 0, 1, 0, 0, 0, 0, 1, 0, 0, 1, 1, 1, 1, 0, 1, 0, 1, 1, 0, 0, 1, 0, 1, 1, 0, 0, 1, 0, 0, 1, 0, 0, 1, 0, 0, 0, 0, 0, 0, 1, 1, 0, 1, 0, 0, 1, 1, 1, 0, 1, 1, 0, 0, 0, 0, 1, 1, 1, 1, 1, 1, 1, 1, 1, 0, 0, 0, 1, 1, 0, 1, 1, 1, 0, 0, 0, 1, 1, 0, 0, 0, 0, 1, 1, 0, 0, 1, 0, 1, 1, 0, 0, 0, 0, 1, 0, 1, 1, 0, 0, 1, 0, 0, 0, 0, 0, 1, 1, 0, 1, 0, 0, 1, 1, 1, 0, 1, 1, 1, 1, 1, 1, 1, 0, 0, 0, 0, 1, 1, 1, 1, 0, 0, 0, 1, 0, 0, 1, 1, 0, 1, 0, 0, 0, 1, 1, 1, 0, 1, 1, 0, 1, 0, 0, 0, 1, 1, 1, 1, 0, 1, 0, 1, 0, 0, 1, 1, 1, 0, 1], "y-hat": [0.62, 0.6, 0.19, 0.708, 0.316, 0.374, 0.418, 0.55, 0.814, 0.5, 0.636, 0.554, 0.446, 0.576, 0.316, 0.736, 0.632, 0.384, 0.81, 0.326, 0.294, 0.82, 0.624, 0.466, 0.15, 0.44, 0.388, 0.124, 0.664, 0.206, 0.788, 0.8, 0.328, 0.546, 0.806, 0.606, 0.432, 0.664, 0.656, 0.73, 0.724, 0.274, 0.804, 0.294, 0.616, 0.266, 0.734, 0.602, 0.662, 0.37, 0.406, 0.736, 0.694, 0.634, 0.252, 0.552, 0.104, 0.314, 0.17, 0.418, 0.256, 0.72, 0.28, 0.206, 0.432, 0.244, 0.634, 0.256, 0.632, 0.672, 0.738, 0.288, 0.566, 0.146, 0.406, 0.172, 0.304, 0.754, 0.318, 0.772, 0.35, 0.612, 0.352, 0.442, 0.828, 0.456, 0.854, 0.602, 0.48, 0.208, 0.74, 0.628, 0.784, 0.77, 0.47, 0.438, 0.796, 0.866, 0.762, 0.642, 0.842, 0.65, 0.236, 0.482, 0.774, 0.718, 0.168, 0.262, 0.694, 0.428, 0.656, 0.812, 0.306, 0.624, 0.23, 0.588, 0.738, 0.174, 0.152, 0.794, 0.542, 0.362, 0.4, 0.386, 0.33, 0.66, 0.564, 0.164, 0.118, 0.568, 0.418, 0.798, 0.202, 0.294, 0.306, 0.398, 0.704, 0.424, 0.658, 0.884, 0.758, 0.392, 0.566, 0.288, 0.8, 0.404, 0.568, 0.788, 0.32, 0.51, 0.82, 0.438, 0.772, 0.698, 0.23, 0.388, 0.566, 0.572, 0.488, 0.832, 0.284, 0.706, 0.622, 0.076, 0.338, 0.534, 0.526, 0.176, 0.356, 0.572, 0.534, 0.39, 0.664, 0.306, 0.338, 0.764, 0.84, 0.788, 0.152, 0.586, 0.598, 0.074, 0.158, 0.238, 0.332, 0.554, 0.7, 0.664, 0.852, 0.672, 0.79, 0.528, 0.72, 0.512, 0.346, 0.44, 0.49, 0.806, 0.518, 0.326, 0.812, 0.568, 0.81, 0.46, 0.608, 0.336, 0.848, 0.67, 0.192, 0.182, 0.278, 0.122, 0.678, 0.774, 0.528, 0.286, 0.666, 0.228, 0.834, 0.682, 0.396, 0.114, 0.166, 0.244, 0.77, 0.156, 0.698, 0.786, 0.414, 0.25, 0.618, 0.332, 0.492, 0.102, 0.334, 0.21, 0.52, 0.576, 0.16, 0.442, 0.518, 0.186, 0.786, 0.74, 0.768, 0.362, 0.554, 0.678, 0.576, 0.762, 0.868, 0.864, 0.75, 0.322, 0.42, 0.638, 0.378, 0.798, 0.714, 0.698, 0.808, 0.37, 0.256, 0.21, 0.726, 0.326, 0.206, 0.618, 0.814, 0.286, 0.454, 0.488, 0.344, 0.144, 0.726, 0.776, 0.756, 0.63, 0.75, 0.776, 0.532, 0.44, 0.55, 0.592, 0.404, 0.668, 0.582, 0.732, 0.66, 0.5, 0.726, 0.204, 0.706, 0.562, 0.11, 0.68, 0.694, 0.484, 0.134, 0.486], "computation-time": 68.63320827484131, "max-memory-usage": 932150537}