{"auroc": 0.9815333333333333, "aupr": 0.9801667337561415, "y": [1, 1, 0, 1, 0, 0, 0, 0, 1, 1, 1, 1, 0, 1, 0, 1, 1, 0, 1, 0, 0, 1, 0, 1, 0, 0, 0, 0, 1, 0, 1, 1, 0, 1, 0, 1, 0, 1, 1, 1, 1, 0, 1, 0, 1, 0, 1, 0, 1, 1, 0, 1, 1, 1, 0, 0, 0, 0, 0, 0, 0, 1, 0, 0, 1, 0, 1, 0, 1, 0, 1, 0, 1, 0, 0, 0, 0, 1, 0, 1, 0, 0, 0, 0, 1, 0, 1, 1, 0, 0, 1, 1, 1, 1, 1, 0, 1, 1, 1, 1, 1, 1, 0, 0, 1, 1, 0, 0, 1, 1, 1, 1, 0, 1, 0, 1, 1, 0, 0, 1, 0, 0, 1, 0, 0, 1, 0, 0, 0, 1, 0, 1, 0, 0, 0, 0, 1, 0, 0, 1, 1, 1, 1, 0, 1, 0, 1, 1, 0, 0, 1, 0, 1, 1, 0, 0, 1, 0, 0, 1, 0, 0, 1, 0, 0, 0, 0, 0, 0, 1, 1, 0, 1, 0, 0, 1, 1, 1, 0, 1, 1, 0, 0, 0, 0, 1, 1, 1, 1, 1, 1, 1, 1, 1, 0, 0, 0, 1, 1, 0, 1, 1, 1, 0, 0, 0, 1, 1, 0, 0, 0, 0, 1, 1, 0, 0, 1, 0, 1, 1, 0, 0, 0, 0, 1, 0, 1, 1, 0, 0, 1, 0, 0, 0, 0, 0, 1, 1, 0, 1, 0, 0, 1, 1, 1, 0, 1, 1, 1, 1, 1, 1, 1, 0, 0, 0, 0, 1, 1, 1, 1, 0, 0, 0, 1, 0, 0, 1, 1, 0, 1, 0, 0, 0, 1, 1, 1, 0, 1, 1, 0, 1, 0, 0, 0, 1, 1, 1, 1, 0, 1, 0, 1, 0, 0, 1, 1, 1, 0, 1], "y-hat": [0.634, 0.646, 0.124, 0.806, 0.264, 0.268, 0.386, 0.476, 0.822, 0.608, 0.682, 0.576, 0.432, 0.64, 0.418, 0.726, 0.644, 0.248, 0.824, 0.352, 0.434, 0.806, 0.554, 0.57, 0.104, 0.292, 0.29, 0.112, 0.61, 0.14, 0.82, 0.828, 0.278, 0.656, 0.758, 0.658, 0.324, 0.82, 0.716, 0.672, 0.722, 0.33, 0.824, 0.422, 0.578, 0.312, 0.79, 0.364, 0.7, 0.42, 0.356, 0.812, 0.788, 0.694, 0.188, 0.532, 0.056, 0.236, 0.138, 0.354, 0.246, 0.76, 0.324, 0.238, 0.596, 0.296, 0.72, 0.328, 0.7, 0.666, 0.762, 0.356, 0.588, 0.102, 0.408, 0.09, 0.414, 0.74, 0.358, 0.742, 0.386, 0.588, 0.396, 0.536, 0.824, 0.4, 0.856, 0.656, 0.476, 0.214, 0.744, 0.668, 0.82, 0.806, 0.488, 0.332, 0.786, 0.866, 0.828, 0.65, 0.848, 0.724, 0.216, 0.412, 0.868, 0.73, 0.134, 0.336, 0.756, 0.616, 0.73, 0.788, 0.276, 0.71, 0.216, 0.628, 0.732, 0.152, 0.098, 0.786, 0.6, 0.292, 0.48, 0.446, 0.258, 0.788, 0.578, 0.178, 0.058, 0.67, 0.324, 0.744, 0.1, 0.34, 0.306, 0.474, 0.766, 0.396, 0.556, 0.872, 0.78, 0.548, 0.68, 0.326, 0.774, 0.454, 0.574, 0.82, 0.21, 0.456, 0.83, 0.36, 0.736, 0.726, 0.194, 0.404, 0.61, 0.572, 0.416, 0.798, 0.46, 0.674, 0.682, 0.044, 0.31, 0.5, 0.396, 0.138, 0.348, 0.76, 0.592, 0.394, 0.778, 0.182, 0.252, 0.792, 0.738, 0.82, 0.168, 0.708, 0.69, 0.086, 0.106, 0.178, 0.272, 0.772, 0.766, 0.804, 0.806, 0.664, 0.85, 0.572, 0.81, 0.554, 0.374, 0.36, 0.558, 0.846, 0.594, 0.356, 0.8, 0.6, 0.808, 0.438, 0.488, 0.354, 0.826, 0.772, 0.18, 0.098, 0.288, 0.082, 0.79, 0.772, 0.52, 0.484, 0.722, 0.274, 0.852, 0.732, 0.454, 0.082, 0.24, 0.246, 0.862, 0.114, 0.774, 0.81, 0.446, 0.23, 0.73, 0.338, 0.47, 0.074, 0.278, 0.09, 0.648, 0.638, 0.088, 0.52, 0.426, 0.09, 0.818, 0.76, 0.786, 0.288, 0.444, 0.702, 0.6, 0.718, 0.91, 0.852, 0.738, 0.328, 0.28, 0.668, 0.352, 0.832, 0.744, 0.792, 0.72, 0.314, 0.464, 0.258, 0.7, 0.342, 0.14, 0.622, 0.818, 0.304, 0.508, 0.48, 0.308, 0.204, 0.772, 0.818, 0.804, 0.476, 0.754, 0.714, 0.524, 0.494, 0.564, 0.41, 0.394, 0.616, 0.634, 0.76, 0.644, 0.484, 0.822, 0.084, 0.764, 0.58, 0.044, 0.674, 0.794, 0.652, 0.042, 0.468], "computation-time": 64.36087775230408, "max-memory-usage": 932150537}