{"auroc": 0.9771555555555556, "aupr": 0.9727361231441892, "y": [1, 1, 0, 1, 0, 0, 0, 0, 1, 1, 1, 1, 0, 1, 0, 1, 1, 0, 1, 0, 0, 1, 0, 1, 0, 0, 0, 0, 1, 0, 1, 1, 0, 1, 0, 1, 0, 1, 1, 1, 1, 0, 1, 0, 1, 0, 1, 0, 1, 1, 0, 1, 1, 1, 0, 0, 0, 0, 0, 0, 0, 1, 0, 0, 1, 0, 1, 0, 1, 0, 1, 0, 1, 0, 0, 0, 0, 1, 0, 1, 0, 0, 0, 0, 1, 0, 1, 1, 0, 0, 1, 1, 1, 1, 1, 0, 1, 1, 1, 1, 1, 1, 0, 0, 1, 1, 0, 0, 1, 1, 1, 1, 0, 1, 0, 1, 1, 0, 0, 1, 0, 0, 1, 0, 0, 1, 0, 0, 0, 1, 0, 1, 0, 0, 0, 0, 1, 0, 0, 1, 1, 1, 1, 0, 1, 0, 1, 1, 0, 0, 1, 0, 1, 1, 0, 0, 1, 0, 0, 1, 0, 0, 1, 0, 0, 0, 0, 0, 0, 1, 1, 0, 1, 0, 0, 1, 1, 1, 0, 1, 1, 0, 0, 0, 0, 1, 1, 1, 1, 1, 1, 1, 1, 1, 0, 0, 0, 1, 1, 0, 1, 1, 1, 0, 0, 0, 1, 1, 0, 0, 0, 0, 1, 1, 0, 0, 1, 0, 1, 1, 0, 0, 0, 0, 1, 0, 1, 1, 0, 0, 1, 0, 0, 0, 0, 0, 1, 1, 0, 1, 0, 0, 1, 1, 1, 0, 1, 1, 1, 1, 1, 1, 1, 0, 0, 0, 0, 1, 1, 1, 1, 0, 0, 0, 1, 0, 0, 1, 1, 0, 1, 0, 0, 0, 1, 1, 1, 0, 1, 1, 0, 1, 0, 0, 0, 1, 1, 1, 1, 0, 1, 0, 1, 0, 0, 1, 1, 1, 0, 1], "y-hat": [0.622, 0.586, 0.124, 0.8, 0.242, 0.316, 0.362, 0.49, 0.832, 0.578, 0.698, 0.582, 0.46, 0.66, 0.408, 0.75, 0.618, 0.27, 0.804, 0.322, 0.426, 0.842, 0.618, 0.572, 0.086, 0.28, 0.286, 0.102, 0.65, 0.108, 0.826, 0.784, 0.252, 0.652, 0.812, 0.626, 0.328, 0.804, 0.71, 0.704, 0.77, 0.32, 0.836, 0.39, 0.6, 0.358, 0.816, 0.328, 0.702, 0.418, 0.334, 0.858, 0.82, 0.712, 0.204, 0.516, 0.08, 0.248, 0.148, 0.39, 0.252, 0.772, 0.31, 0.252, 0.634, 0.272, 0.738, 0.348, 0.666, 0.636, 0.718, 0.314, 0.578, 0.09, 0.434, 0.082, 0.406, 0.766, 0.316, 0.748, 0.34, 0.66, 0.408, 0.498, 0.824, 0.328, 0.836, 0.702, 0.478, 0.206, 0.738, 0.684, 0.812, 0.814, 0.46, 0.312, 0.798, 0.87, 0.858, 0.698, 0.84, 0.71, 0.216, 0.46, 0.8, 0.758, 0.092, 0.33, 0.786, 0.596, 0.728, 0.824, 0.3, 0.726, 0.182, 0.644, 0.752, 0.092, 0.092, 0.806, 0.604, 0.284, 0.468, 0.45, 0.294, 0.812, 0.606, 0.214, 0.052, 0.662, 0.36, 0.748, 0.058, 0.298, 0.262, 0.476, 0.746, 0.474, 0.546, 0.888, 0.824, 0.564, 0.68, 0.336, 0.802, 0.476, 0.56, 0.84, 0.202, 0.468, 0.832, 0.354, 0.744, 0.708, 0.186, 0.412, 0.594, 0.6, 0.408, 0.81, 0.386, 0.666, 0.618, 0.032, 0.296, 0.556, 0.39, 0.13, 0.368, 0.72, 0.584, 0.4, 0.778, 0.154, 0.218, 0.794, 0.786, 0.844, 0.18, 0.722, 0.694, 0.046, 0.07, 0.122, 0.234, 0.712, 0.742, 0.84, 0.778, 0.708, 0.85, 0.566, 0.836, 0.55, 0.358, 0.33, 0.534, 0.844, 0.578, 0.342, 0.778, 0.572, 0.832, 0.458, 0.51, 0.32, 0.828, 0.79, 0.184, 0.11, 0.308, 0.07, 0.808, 0.774, 0.526, 0.408, 0.702, 0.306, 0.844, 0.72, 0.418, 0.07, 0.244, 0.226, 0.876, 0.088, 0.782, 0.798, 0.428, 0.214, 0.702, 0.318, 0.5, 0.06, 0.248, 0.092, 0.636, 0.658, 0.072, 0.512, 0.412, 0.1, 0.794, 0.758, 0.752, 0.242, 0.414, 0.694, 0.638, 0.662, 0.91, 0.824, 0.73, 0.308, 0.302, 0.646, 0.382, 0.834, 0.768, 0.754, 0.75, 0.286, 0.392, 0.268, 0.702, 0.372, 0.136, 0.672, 0.772, 0.264, 0.492, 0.47, 0.282, 0.206, 0.784, 0.838, 0.812, 0.416, 0.772, 0.678, 0.504, 0.502, 0.59, 0.35, 0.33, 0.638, 0.596, 0.752, 0.656, 0.482, 0.772, 0.082, 0.766, 0.59, 0.052, 0.722, 0.82, 0.584, 0.056, 0.526], "computation-time": 4.676697731018066, "max-memory-usage": 32919987950}