{"auroc": 0.9804444444444446, "aupr": 0.9781200474434906, "y": [1, 1, 0, 1, 0, 0, 0, 0, 1, 1, 1, 1, 0, 1, 0, 1, 1, 0, 1, 0, 0, 1, 0, 1, 0, 0, 0, 0, 1, 0, 1, 1, 0, 1, 0, 1, 0, 1, 1, 1, 1, 0, 1, 0, 1, 0, 1, 0, 1, 1, 0, 1, 1, 1, 0, 0, 0, 0, 0, 0, 0, 1, 0, 0, 1, 0, 1, 0, 1, 0, 1, 0, 1, 0, 0, 0, 0, 1, 0, 1, 0, 0, 0, 0, 1, 0, 1, 1, 0, 0, 1, 1, 1, 1, 1, 0, 1, 1, 1, 1, 1, 1, 0, 0, 1, 1, 0, 0, 1, 1, 1, 1, 0, 1, 0, 1, 1, 0, 0, 1, 0, 0, 1, 0, 0, 1, 0, 0, 0, 1, 0, 1, 0, 0, 0, 0, 1, 0, 0, 1, 1, 1, 1, 0, 1, 0, 1, 1, 0, 0, 1, 0, 1, 1, 0, 0, 1, 0, 0, 1, 0, 0, 1, 0, 0, 0, 0, 0, 0, 1, 1, 0, 1, 0, 0, 1, 1, 1, 0, 1, 1, 0, 0, 0, 0, 1, 1, 1, 1, 1, 1, 1, 1, 1, 0, 0, 0, 1, 1, 0, 1, 1, 1, 0, 0, 0, 1, 1, 0, 0, 0, 0, 1, 1, 0, 0, 1, 0, 1, 1, 0, 0, 0, 0, 1, 0, 1, 1, 0, 0, 1, 0, 0, 0, 0, 0, 1, 1, 0, 1, 0, 0, 1, 1, 1, 0, 1, 1, 1, 1, 1, 1, 1, 0, 0, 0, 0, 1, 1, 1, 1, 0, 0, 0, 1, 0, 0, 1, 1, 0, 1, 0, 0, 0, 1, 1, 1, 0, 1, 1, 0, 1, 0, 0, 0, 1, 1, 1, 1, 0, 1, 0, 1, 0, 0, 1, 1, 1, 0, 1], "y-hat": [0.654, 0.66, 0.152, 0.814, 0.248, 0.29, 0.354, 0.5, 0.874, 0.606, 0.714, 0.568, 0.456, 0.638, 0.414, 0.77, 0.658, 0.272, 0.8, 0.322, 0.406, 0.864, 0.598, 0.572, 0.1, 0.272, 0.336, 0.124, 0.66, 0.13, 0.844, 0.822, 0.252, 0.662, 0.782, 0.638, 0.352, 0.794, 0.73, 0.664, 0.74, 0.322, 0.82, 0.392, 0.602, 0.32, 0.802, 0.394, 0.742, 0.444, 0.346, 0.798, 0.788, 0.72, 0.19, 0.496, 0.084, 0.23, 0.128, 0.428, 0.218, 0.778, 0.346, 0.228, 0.61, 0.266, 0.756, 0.304, 0.678, 0.688, 0.752, 0.336, 0.59, 0.112, 0.466, 0.094, 0.398, 0.73, 0.296, 0.736, 0.358, 0.658, 0.39, 0.544, 0.846, 0.334, 0.828, 0.678, 0.532, 0.176, 0.804, 0.656, 0.844, 0.826, 0.512, 0.284, 0.814, 0.884, 0.838, 0.712, 0.838, 0.772, 0.21, 0.436, 0.836, 0.778, 0.102, 0.376, 0.8, 0.614, 0.738, 0.818, 0.304, 0.694, 0.15, 0.648, 0.766, 0.102, 0.14, 0.808, 0.584, 0.27, 0.486, 0.462, 0.256, 0.788, 0.578, 0.176, 0.07, 0.644, 0.358, 0.788, 0.07, 0.362, 0.26, 0.436, 0.756, 0.436, 0.54, 0.87, 0.808, 0.544, 0.716, 0.318, 0.84, 0.502, 0.566, 0.872, 0.216, 0.438, 0.828, 0.36, 0.786, 0.662, 0.178, 0.37, 0.632, 0.65, 0.388, 0.816, 0.39, 0.714, 0.668, 0.036, 0.318, 0.564, 0.422, 0.104, 0.38, 0.772, 0.606, 0.394, 0.82, 0.178, 0.192, 0.802, 0.79, 0.83, 0.158, 0.704, 0.724, 0.068, 0.104, 0.148, 0.256, 0.732, 0.78, 0.804, 0.82, 0.726, 0.868, 0.576, 0.838, 0.582, 0.412, 0.366, 0.5, 0.872, 0.59, 0.322, 0.8, 0.592, 0.868, 0.412, 0.516, 0.362, 0.852, 0.776, 0.182, 0.112, 0.312, 0.096, 0.818, 0.84, 0.558, 0.394, 0.754, 0.28, 0.87, 0.736, 0.414, 0.106, 0.232, 0.238, 0.89, 0.118, 0.742, 0.794, 0.424, 0.232, 0.654, 0.288, 0.476, 0.072, 0.238, 0.112, 0.646, 0.68, 0.06, 0.57, 0.438, 0.118, 0.862, 0.742, 0.764, 0.282, 0.456, 0.726, 0.59, 0.646, 0.892, 0.868, 0.724, 0.268, 0.23, 0.632, 0.392, 0.856, 0.766, 0.75, 0.766, 0.314, 0.434, 0.224, 0.702, 0.374, 0.152, 0.668, 0.802, 0.338, 0.534, 0.516, 0.228, 0.194, 0.814, 0.858, 0.798, 0.466, 0.752, 0.75, 0.51, 0.482, 0.576, 0.398, 0.384, 0.658, 0.616, 0.772, 0.632, 0.46, 0.83, 0.074, 0.76, 0.6, 0.06, 0.718, 0.788, 0.604, 0.054, 0.518], "computation-time": 0.11683416366577148, "max-memory-usage": 932150537}