{"auroc": 0.9819555555555555, "aupr": 0.980198084121442, "y": [1, 1, 0, 1, 0, 0, 0, 0, 1, 1, 1, 1, 0, 1, 0, 1, 1, 0, 1, 0, 0, 1, 0, 1, 0, 0, 0, 0, 1, 0, 1, 1, 0, 1, 0, 1, 0, 1, 1, 1, 1, 0, 1, 0, 1, 0, 1, 0, 1, 1, 0, 1, 1, 1, 0, 0, 0, 0, 0, 0, 0, 1, 0, 0, 1, 0, 1, 0, 1, 0, 1, 0, 1, 0, 0, 0, 0, 1, 0, 1, 0, 0, 0, 0, 1, 0, 1, 1, 0, 0, 1, 1, 1, 1, 1, 0, 1, 1, 1, 1, 1, 1, 0, 0, 1, 1, 0, 0, 1, 1, 1, 1, 0, 1, 0, 1, 1, 0, 0, 1, 0, 0, 1, 0, 0, 1, 0, 0, 0, 1, 0, 1, 0, 0, 0, 0, 1, 0, 0, 1, 1, 1, 1, 0, 1, 0, 1, 1, 0, 0, 1, 0, 1, 1, 0, 0, 1, 0, 0, 1, 0, 0, 1, 0, 0, 0, 0, 0, 0, 1, 1, 0, 1, 0, 0, 1, 1, 1, 0, 1, 1, 0, 0, 0, 0, 1, 1, 1, 1, 1, 1, 1, 1, 1, 0, 0, 0, 1, 1, 0, 1, 1, 1, 0, 0, 0, 1, 1, 0, 0, 0, 0, 1, 1, 0, 0, 1, 0, 1, 1, 0, 0, 0, 0, 1, 0, 1, 1, 0, 0, 1, 0, 0, 0, 0, 0, 1, 1, 0, 1, 0, 0, 1, 1, 1, 0, 1, 1, 1, 1, 1, 1, 1, 0, 0, 0, 0, 1, 1, 1, 1, 0, 0, 0, 1, 0, 0, 1, 1, 0, 1, 0, 0, 0, 1, 1, 1, 0, 1, 1, 0, 1, 0, 0, 0, 1, 1, 1, 1, 0, 1, 0, 1, 0, 0, 1, 1, 1, 0, 1], "y-hat": [0.58, 0.638, 0.144, 0.81, 0.222, 0.308, 0.356, 0.478, 0.856, 0.662, 0.668, 0.584, 0.42, 0.718, 0.432, 0.738, 0.636, 0.268, 0.828, 0.346, 0.42, 0.842, 0.65, 0.494, 0.042, 0.28, 0.334, 0.114, 0.676, 0.102, 0.87, 0.8, 0.212, 0.642, 0.802, 0.606, 0.298, 0.808, 0.732, 0.632, 0.752, 0.312, 0.802, 0.372, 0.652, 0.306, 0.8, 0.384, 0.75, 0.428, 0.322, 0.862, 0.852, 0.652, 0.198, 0.564, 0.046, 0.2, 0.148, 0.342, 0.192, 0.818, 0.35, 0.224, 0.63, 0.258, 0.71, 0.308, 0.71, 0.654, 0.744, 0.272, 0.588, 0.09, 0.48, 0.054, 0.41, 0.726, 0.286, 0.796, 0.35, 0.56, 0.328, 0.514, 0.846, 0.35, 0.842, 0.71, 0.54, 0.178, 0.75, 0.658, 0.818, 0.822, 0.44, 0.276, 0.808, 0.89, 0.848, 0.758, 0.868, 0.748, 0.192, 0.482, 0.846, 0.798, 0.064, 0.326, 0.75, 0.62, 0.786, 0.804, 0.32, 0.708, 0.136, 0.748, 0.73, 0.086, 0.032, 0.824, 0.58, 0.222, 0.522, 0.496, 0.27, 0.818, 0.53, 0.13, 0.044, 0.68, 0.352, 0.77, 0.074, 0.35, 0.25, 0.436, 0.756, 0.456, 0.568, 0.87, 0.792, 0.488, 0.71, 0.344, 0.838, 0.35, 0.512, 0.848, 0.164, 0.398, 0.882, 0.33, 0.808, 0.742, 0.188, 0.424, 0.63, 0.576, 0.432, 0.858, 0.398, 0.626, 0.628, 0.056, 0.304, 0.468, 0.414, 0.104, 0.394, 0.718, 0.564, 0.26, 0.812, 0.16, 0.196, 0.774, 0.812, 0.85, 0.112, 0.724, 0.744, 0.058, 0.058, 0.07, 0.242, 0.774, 0.806, 0.846, 0.818, 0.644, 0.922, 0.592, 0.804, 0.556, 0.346, 0.282, 0.518, 0.86, 0.542, 0.324, 0.776, 0.622, 0.878, 0.42, 0.554, 0.38, 0.864, 0.816, 0.162, 0.096, 0.354, 0.068, 0.846, 0.86, 0.504, 0.31, 0.698, 0.31, 0.854, 0.698, 0.398, 0.062, 0.194, 0.222, 0.876, 0.044, 0.806, 0.808, 0.426, 0.176, 0.792, 0.378, 0.408, 0.04, 0.156, 0.04, 0.604, 0.682, 0.092, 0.5, 0.398, 0.08, 0.836, 0.75, 0.814, 0.238, 0.464, 0.704, 0.582, 0.68, 0.914, 0.922, 0.758, 0.384, 0.208, 0.672, 0.358, 0.808, 0.806, 0.772, 0.81, 0.368, 0.314, 0.202, 0.742, 0.298, 0.08, 0.712, 0.826, 0.242, 0.508, 0.506, 0.322, 0.136, 0.822, 0.876, 0.828, 0.452, 0.772, 0.718, 0.488, 0.564, 0.574, 0.328, 0.304, 0.646, 0.642, 0.746, 0.672, 0.402, 0.842, 0.032, 0.832, 0.55, 0.032, 0.742, 0.794, 0.584, 0.034, 0.51], "computation-time": 56.02940320968628, "max-memory-usage": 290279646}