{"auroc": 0.9281459419210722, "aupr": 0.7374301373926394, "y": [0, 0, 1, 0, 0, 0, 0, 0, 0, 0, 0, 1, 0, 0, 0, 0, 0, 0, 0, 0, 0, 0, 0, 0, 1, 0, 0, 0, 0, 0, 0, 0, 0, 0, 0, 0, 0, 0, 0, 0, 0, 0, 0, 0, 0, 0, 0, 1, 0, 0, 1, 1, 0, 0, 0, 0, 0, 0, 0, 0, 0, 0, 1, 0, 0, 0, 0, 0, 0, 0, 0, 0, 0, 0, 1, 0, 0, 0, 0, 0, 0, 0, 0, 0, 1, 0, 0, 0, 1, 0, 0, 0, 0, 0, 0, 0, 0, 0, 1, 0, 0, 0, 0, 0, 0, 0, 0, 0, 0, 0, 1, 0, 0, 0, 0, 0, 1, 0, 0, 0, 0, 0, 0, 0, 0, 0, 0, 0, 0, 0, 0, 0, 0, 0, 0, 1, 0, 0, 0, 0, 0, 0, 0, 0, 0, 0, 0, 0, 0, 0, 0, 0, 0, 0, 0, 0, 0, 0, 0, 0, 1, 0, 0, 1, 0, 0, 0, 0, 0, 0, 0, 0, 0, 0, 0, 0, 0, 0, 0, 1, 0, 0, 0, 0, 0, 0, 0, 0, 0, 0, 1, 0, 0, 1, 0, 0, 0, 0, 0, 0, 0, 0, 0, 1, 0, 0, 0, 0, 0, 0, 0, 0, 0, 0, 1, 1, 0, 0, 0, 0, 0, 0, 0, 0, 0, 0, 0, 0, 0, 0, 0, 0, 0, 0, 0, 0, 0, 0, 0, 0, 0, 0, 0, 0, 0, 0, 0, 0, 0, 1, 0, 0, 0, 0, 1, 0, 0, 0, 0, 0, 0, 0, 0, 0, 0, 0, 0, 0, 0, 0, 1, 0, 0, 0, 0, 0, 0, 0, 0, 0, 0, 0, 0, 0, 0, 0, 0, 0, 0, 0, 0, 0, 0, 0, 0, 0, 1, 0, 0, 0, 0, 0, 0, 0, 1, 0, 0, 0, 1, 0, 0, 0, 0, 0, 0, 0, 1, 0, 0, 0, 1, 0, 1, 0, 0, 0, 0, 0, 0, 0, 0, 0, 0, 0, 0, 0, 1, 0, 0, 0, 0, 0, 1, 0, 0, 0, 1, 0, 0, 0], "y-hat": [0.018, 0.042, 0.506, 0.024, 0.03, 0.076, 0.034, 0.514, 0.052, 0.012, 0.276, 0.76, 0.024, 0.276, 0.026, 0.044, 0.026, 0.016, 0.13, 0.014, 0.012, 0.16, 0.012, 0.048, 0.636, 0.046, 0.11, 0.01, 0.03, 0.02, 0.058, 0.012, 0.018, 0.042, 0.06, 0.024, 0.016, 0.14, 0.064, 0.012, 0.03, 0.116, 0.022, 0.03, 0.026, 0.034, 0.018, 0.728, 0.046, 0.032, 0.762, 0.746, 0.018, 0.03, 0.038, 0.036, 0.29, 0.03, 0.034, 0.078, 0.032, 0.058, 0.83, 0.014, 0.018, 0.196, 0.028, 0.06, 0.036, 0.018, 0.016, 0.044, 0.036, 0.578, 0.53, 0.08, 0.018, 0.032, 0.048, 0.03, 0.022, 0.018, 0.034, 0.054, 0.842, 0.028, 0.056, 0.032, 0.068, 0.038, 0.026, 0.044, 0.034, 0.016, 0.084, 0.036, 0.032, 0.022, 0.806, 0.034, 0.024, 0.01, 0.028, 0.04, 0.034, 0.048, 0.02, 0.058, 0.07, 0.016, 0.118, 0.012, 0.034, 0.02, 0.016, 0.012, 0.848, 0.078, 0.016, 0.03, 0.03, 0.104, 0.082, 0.02, 0.022, 0.036, 0.014, 0.02, 0.044, 0.036, 0.018, 0.06, 0.14, 0.032, 0.18, 0.35, 0.04, 0.04, 0.044, 0.034, 0.046, 0.026, 0.046, 0.014, 0.014, 0.036, 0.04, 0.032, 0.02, 0.034, 0.072, 0.09, 0.024, 0.044, 0.03, 0.098, 0.124, 0.022, 0.022, 0.006, 0.38, 0.074, 0.016, 0.602, 0.056, 0.02, 0.45, 0.16, 0.022, 0.024, 0.022, 0.266, 0.012, 0.06, 0.028, 0.024, 0.032, 0.028, 0.036, 0.776, 0.012, 0.068, 0.05, 0.022, 0.044, 0.052, 0.016, 0.042, 0.018, 0.116, 0.518, 0.036, 0.044, 0.2, 0.034, 0.026, 0.162, 0.192, 0.024, 0.05, 0.046, 0.08, 0.034, 0.056, 0.038, 0.018, 0.748, 0.026, 0.03, 0.036, 0.034, 0.044, 0.08, 0.044, 0.736, 0.276, 0.022, 0.054, 0.016, 0.046, 0.018, 0.04, 0.03, 0.02, 0.124, 0.02, 0.028, 0.028, 0.02, 0.046, 0.01, 0.038, 0.038, 0.016, 0.042, 0.032, 0.032, 0.05, 0.028, 0.068, 0.036, 0.022, 0.042, 0.024, 0.02, 0.032, 0.034, 0.03, 0.238, 0.034, 0.018, 0.03, 0.026, 0.058, 0.734, 0.028, 0.028, 0.07, 0.036, 0.034, 0.024, 0.016, 0.03, 0.01, 0.016, 0.18, 0.078, 0.014, 0.026, 0.034, 0.444, 0.02, 0.026, 0.044, 0.02, 0.086, 0.006, 0.086, 0.034, 0.036, 0.042, 0.02, 0.042, 0.032, 0.028, 0.028, 0.012, 0.024, 0.02, 0.026, 0.022, 0.018, 0.018, 0.02, 0.018, 0.026, 0.472, 0.022, 0.034, 0.014, 0.016, 0.044, 0.032, 0.02, 0.154, 0.028, 0.034, 0.02, 0.298, 0.068, 0.034, 0.164, 0.11, 0.65, 0.732, 0.5, 0.656, 0.034, 0.014, 0.044, 0.206, 0.07, 0.032, 0.044, 0.018, 0.182, 0.008, 0.03, 0.038, 0.02, 0.026, 0.056, 0.032, 0.036, 0.188, 0.368, 0.734, 0.042, 0.026, 0.038, 0.02, 0.062, 0.454, 0.028, 0.038, 0.066, 0.03, 0.034, 0.318, 0.01], "computation-time": 61.40746879577637, "max-memory-usage": 32919987950}