{"auroc": 0.9332185405807892, "aupr": 0.7561764248979441, "y": [0, 0, 1, 0, 0, 0, 0, 0, 0, 0, 0, 1, 0, 0, 0, 0, 0, 0, 0, 0, 0, 0, 0, 0, 1, 0, 0, 0, 0, 0, 0, 0, 0, 0, 0, 0, 0, 0, 0, 0, 0, 0, 0, 0, 0, 0, 0, 1, 0, 0, 1, 1, 0, 0, 0, 0, 0, 0, 0, 0, 0, 0, 1, 0, 0, 0, 0, 0, 0, 0, 0, 0, 0, 0, 1, 0, 0, 0, 0, 0, 0, 0, 0, 0, 1, 0, 0, 0, 1, 0, 0, 0, 0, 0, 0, 0, 0, 0, 1, 0, 0, 0, 0, 0, 0, 0, 0, 0, 0, 0, 1, 0, 0, 0, 0, 0, 1, 0, 0, 0, 0, 0, 0, 0, 0, 0, 0, 0, 0, 0, 0, 0, 0, 0, 0, 1, 0, 0, 0, 0, 0, 0, 0, 0, 0, 0, 0, 0, 0, 0, 0, 0, 0, 0, 0, 0, 0, 0, 0, 0, 1, 0, 0, 1, 0, 0, 0, 0, 0, 0, 0, 0, 0, 0, 0, 0, 0, 0, 0, 1, 0, 0, 0, 0, 0, 0, 0, 0, 0, 0, 1, 0, 0, 1, 0, 0, 0, 0, 0, 0, 0, 0, 0, 1, 0, 0, 0, 0, 0, 0, 0, 0, 0, 0, 1, 1, 0, 0, 0, 0, 0, 0, 0, 0, 0, 0, 0, 0, 0, 0, 0, 0, 0, 0, 0, 0, 0, 0, 0, 0, 0, 0, 0, 0, 0, 0, 0, 0, 0, 1, 0, 0, 0, 0, 1, 0, 0, 0, 0, 0, 0, 0, 0, 0, 0, 0, 0, 0, 0, 0, 1, 0, 0, 0, 0, 0, 0, 0, 0, 0, 0, 0, 0, 0, 0, 0, 0, 0, 0, 0, 0, 0, 0, 0, 0, 0, 1, 0, 0, 0, 0, 0, 0, 0, 1, 0, 0, 0, 1, 0, 0, 0, 0, 0, 0, 0, 1, 0, 0, 0, 1, 0, 1, 0, 0, 0, 0, 0, 0, 0, 0, 0, 0, 0, 0, 0, 1, 0, 0, 0, 0, 0, 1, 0, 0, 0, 1, 0, 0, 0], "y-hat": [0.03, 0.036, 0.506, 0.012, 0.028, 0.104, 0.044, 0.5, 0.056, 0.028, 0.308, 0.748, 0.032, 0.332, 0.018, 0.038, 0.05, 0.032, 0.178, 0.03, 0.016, 0.174, 0.032, 0.054, 0.658, 0.048, 0.134, 0.042, 0.036, 0.024, 0.068, 0.022, 0.028, 0.08, 0.084, 0.032, 0.036, 0.22, 0.076, 0.022, 0.026, 0.148, 0.038, 0.038, 0.048, 0.018, 0.022, 0.742, 0.036, 0.03, 0.798, 0.732, 0.032, 0.03, 0.064, 0.066, 0.294, 0.032, 0.032, 0.122, 0.032, 0.07, 0.826, 0.036, 0.048, 0.202, 0.032, 0.09, 0.036, 0.022, 0.032, 0.03, 0.068, 0.602, 0.584, 0.046, 0.018, 0.03, 0.036, 0.026, 0.034, 0.02, 0.052, 0.018, 0.86, 0.026, 0.074, 0.018, 0.094, 0.04, 0.032, 0.046, 0.03, 0.032, 0.09, 0.02, 0.038, 0.032, 0.8, 0.042, 0.034, 0.01, 0.024, 0.032, 0.058, 0.07, 0.01, 0.066, 0.096, 0.038, 0.18, 0.018, 0.056, 0.034, 0.028, 0.03, 0.866, 0.084, 0.026, 0.03, 0.036, 0.116, 0.084, 0.01, 0.05, 0.042, 0.028, 0.018, 0.034, 0.052, 0.028, 0.056, 0.15, 0.032, 0.204, 0.312, 0.05, 0.034, 0.048, 0.046, 0.062, 0.012, 0.08, 0.03, 0.024, 0.052, 0.044, 0.036, 0.032, 0.036, 0.074, 0.112, 0.048, 0.04, 0.064, 0.124, 0.146, 0.044, 0.032, 0.018, 0.422, 0.1, 0.024, 0.566, 0.05, 0.032, 0.478, 0.19, 0.036, 0.03, 0.016, 0.252, 0.024, 0.08, 0.012, 0.032, 0.05, 0.05, 0.026, 0.8, 0.022, 0.076, 0.03, 0.012, 0.044, 0.076, 0.036, 0.038, 0.028, 0.142, 0.556, 0.044, 0.066, 0.236, 0.042, 0.02, 0.166, 0.216, 0.044, 0.03, 0.024, 0.102, 0.032, 0.046, 0.044, 0.012, 0.72, 0.05, 0.022, 0.036, 0.036, 0.07, 0.092, 0.052, 0.706, 0.284, 0.038, 0.042, 0.032, 0.036, 0.028, 0.042, 0.026, 0.036, 0.122, 0.04, 0.038, 0.026, 0.036, 0.054, 0.012, 0.032, 0.032, 0.018, 0.052, 0.048, 0.042, 0.054, 0.024, 0.068, 0.048, 0.038, 0.042, 0.022, 0.018, 0.03, 0.036, 0.03, 0.326, 0.06, 0.018, 0.038, 0.018, 0.056, 0.752, 0.024, 0.03, 0.096, 0.03, 0.036, 0.03, 0.034, 0.03, 0.028, 0.026, 0.206, 0.114, 0.028, 0.018, 0.042, 0.392, 0.02, 0.03, 0.05, 0.032, 0.146, 0.022, 0.106, 0.068, 0.022, 0.054, 0.024, 0.052, 0.032, 0.036, 0.044, 0.014, 0.024, 0.036, 0.026, 0.024, 0.02, 0.02, 0.016, 0.024, 0.056, 0.556, 0.038, 0.036, 0.022, 0.028, 0.034, 0.042, 0.024, 0.206, 0.048, 0.036, 0.022, 0.35, 0.074, 0.03, 0.186, 0.154, 0.646, 0.71, 0.546, 0.664, 0.034, 0.028, 0.052, 0.256, 0.088, 0.064, 0.046, 0.014, 0.168, 0.026, 0.036, 0.046, 0.028, 0.038, 0.054, 0.044, 0.044, 0.202, 0.46, 0.774, 0.04, 0.022, 0.024, 0.016, 0.098, 0.454, 0.046, 0.026, 0.062, 0.024, 0.02, 0.32, 0.016], "computation-time": 0.10612082481384277, "max-memory-usage": 32919987950}