{"auroc": 0.9388030528667163, "aupr": 0.7422281861069681, "y": [0, 0, 1, 0, 0, 0, 0, 0, 0, 0, 0, 1, 0, 0, 0, 0, 0, 0, 0, 0, 0, 0, 0, 0, 1, 0, 0, 0, 0, 0, 0, 0, 0, 0, 0, 0, 0, 0, 0, 0, 0, 0, 0, 0, 0, 0, 0, 1, 0, 0, 1, 1, 0, 0, 0, 0, 0, 0, 0, 0, 0, 0, 1, 0, 0, 0, 0, 0, 0, 0, 0, 0, 0, 0, 1, 0, 0, 0, 0, 0, 0, 0, 0, 0, 1, 0, 0, 0, 1, 0, 0, 0, 0, 0, 0, 0, 0, 0, 1, 0, 0, 0, 0, 0, 0, 0, 0, 0, 0, 0, 1, 0, 0, 0, 0, 0, 1, 0, 0, 0, 0, 0, 0, 0, 0, 0, 0, 0, 0, 0, 0, 0, 0, 0, 0, 1, 0, 0, 0, 0, 0, 0, 0, 0, 0, 0, 0, 0, 0, 0, 0, 0, 0, 0, 0, 0, 0, 0, 0, 0, 1, 0, 0, 1, 0, 0, 0, 0, 0, 0, 0, 0, 0, 0, 0, 0, 0, 0, 0, 1, 0, 0, 0, 0, 0, 0, 0, 0, 0, 0, 1, 0, 0, 1, 0, 0, 0, 0, 0, 0, 0, 0, 0, 1, 0, 0, 0, 0, 0, 0, 0, 0, 0, 0, 1, 1, 0, 0, 0, 0, 0, 0, 0, 0, 0, 0, 0, 0, 0, 0, 0, 0, 0, 0, 0, 0, 0, 0, 0, 0, 0, 0, 0, 0, 0, 0, 0, 0, 0, 1, 0, 0, 0, 0, 1, 0, 0, 0, 0, 0, 0, 0, 0, 0, 0, 0, 0, 0, 0, 0, 1, 0, 0, 0, 0, 0, 0, 0, 0, 0, 0, 0, 0, 0, 0, 0, 0, 0, 0, 0, 0, 0, 0, 0, 0, 0, 1, 0, 0, 0, 0, 0, 0, 0, 1, 0, 0, 0, 1, 0, 0, 0, 0, 0, 0, 0, 1, 0, 0, 0, 1, 0, 1, 0, 0, 0, 0, 0, 0, 0, 0, 0, 0, 0, 0, 0, 1, 0, 0, 0, 0, 0, 1, 0, 0, 0, 1, 0, 0, 0], "y-hat": [0.014, 0.064, 0.456, 0.01, 0.032, 0.11, 0.038, 0.508, 0.054, 0.02, 0.256, 0.746, 0.038, 0.356, 0.046, 0.042, 0.034, 0.016, 0.146, 0.004, 0.024, 0.148, 0.016, 0.046, 0.576, 0.046, 0.138, 0.032, 0.028, 0.008, 0.04, 0.014, 0.014, 0.108, 0.072, 0.028, 0.028, 0.218, 0.084, 0.018, 0.028, 0.138, 0.03, 0.024, 0.056, 0.032, 0.03, 0.726, 0.024, 0.052, 0.802, 0.69, 0.026, 0.018, 0.064, 0.046, 0.31, 0.044, 0.03, 0.072, 0.026, 0.054, 0.804, 0.042, 0.036, 0.208, 0.028, 0.08, 0.032, 0.016, 0.028, 0.046, 0.04, 0.628, 0.586, 0.072, 0.014, 0.028, 0.056, 0.028, 0.048, 0.028, 0.034, 0.036, 0.85, 0.028, 0.1, 0.032, 0.096, 0.044, 0.02, 0.036, 0.034, 0.012, 0.092, 0.034, 0.026, 0.04, 0.788, 0.048, 0.03, 0.026, 0.058, 0.038, 0.05, 0.05, 0.012, 0.056, 0.084, 0.038, 0.166, 0.014, 0.054, 0.018, 0.028, 0.04, 0.862, 0.096, 0.02, 0.022, 0.036, 0.09, 0.084, 0.014, 0.052, 0.056, 0.026, 0.022, 0.03, 0.06, 0.032, 0.05, 0.156, 0.028, 0.186, 0.334, 0.046, 0.044, 0.036, 0.03, 0.048, 0.036, 0.068, 0.032, 0.024, 0.06, 0.052, 0.054, 0.03, 0.042, 0.078, 0.114, 0.054, 0.046, 0.066, 0.14, 0.182, 0.036, 0.036, 0.012, 0.448, 0.138, 0.036, 0.574, 0.06, 0.024, 0.482, 0.214, 0.014, 0.018, 0.024, 0.268, 0.02, 0.072, 0.02, 0.028, 0.05, 0.032, 0.034, 0.766, 0.022, 0.056, 0.042, 0.022, 0.086, 0.084, 0.034, 0.05, 0.026, 0.144, 0.55, 0.04, 0.052, 0.24, 0.04, 0.024, 0.108, 0.246, 0.042, 0.054, 0.048, 0.102, 0.04, 0.066, 0.032, 0.022, 0.732, 0.044, 0.03, 0.014, 0.036, 0.06, 0.078, 0.06, 0.722, 0.282, 0.042, 0.046, 0.03, 0.034, 0.036, 0.048, 0.04, 0.03, 0.158, 0.04, 0.022, 0.048, 0.036, 0.058, 0.016, 0.04, 0.028, 0.028, 0.042, 0.04, 0.03, 0.07, 0.018, 0.07, 0.056, 0.012, 0.028, 0.018, 0.018, 0.05, 0.024, 0.042, 0.286, 0.062, 0.02, 0.03, 0.04, 0.042, 0.702, 0.024, 0.024, 0.07, 0.05, 0.042, 0.022, 0.024, 0.03, 0.028, 0.032, 0.218, 0.1, 0.03, 0.02, 0.024, 0.406, 0.03, 0.036, 0.046, 0.022, 0.128, 0.012, 0.102, 0.042, 0.042, 0.072, 0.016, 0.052, 0.026, 0.044, 0.03, 0.036, 0.024, 0.026, 0.022, 0.04, 0.018, 0.018, 0.026, 0.032, 0.046, 0.54, 0.038, 0.036, 0.004, 0.016, 0.018, 0.03, 0.022, 0.184, 0.04, 0.03, 0.028, 0.286, 0.064, 0.018, 0.184, 0.184, 0.608, 0.712, 0.512, 0.652, 0.05, 0.038, 0.04, 0.21, 0.106, 0.072, 0.068, 0.018, 0.166, 0.024, 0.02, 0.066, 0.012, 0.048, 0.04, 0.026, 0.032, 0.192, 0.404, 0.742, 0.04, 0.024, 0.026, 0.018, 0.046, 0.474, 0.04, 0.032, 0.038, 0.024, 0.016, 0.304, 0.004], "computation-time": 118844.58721494675, "max-memory-usage": 32919987950}