{"auroc": 0.9287974683544303, "aupr": 0.7424525647488895, "y": [0, 0, 1, 0, 0, 0, 0, 0, 0, 0, 0, 1, 0, 0, 0, 0, 0, 0, 0, 0, 0, 0, 0, 0, 1, 0, 0, 0, 0, 0, 0, 0, 0, 0, 0, 0, 0, 0, 0, 0, 0, 0, 0, 0, 0, 0, 0, 1, 0, 0, 1, 1, 0, 0, 0, 0, 0, 0, 0, 0, 0, 0, 1, 0, 0, 0, 0, 0, 0, 0, 0, 0, 0, 0, 1, 0, 0, 0, 0, 0, 0, 0, 0, 0, 1, 0, 0, 0, 1, 0, 0, 0, 0, 0, 0, 0, 0, 0, 1, 0, 0, 0, 0, 0, 0, 0, 0, 0, 0, 0, 1, 0, 0, 0, 0, 0, 1, 0, 0, 0, 0, 0, 0, 0, 0, 0, 0, 0, 0, 0, 0, 0, 0, 0, 0, 1, 0, 0, 0, 0, 0, 0, 0, 0, 0, 0, 0, 0, 0, 0, 0, 0, 0, 0, 0, 0, 0, 0, 0, 0, 1, 0, 0, 1, 0, 0, 0, 0, 0, 0, 0, 0, 0, 0, 0, 0, 0, 0, 0, 1, 0, 0, 0, 0, 0, 0, 0, 0, 0, 0, 1, 0, 0, 1, 0, 0, 0, 0, 0, 0, 0, 0, 0, 1, 0, 0, 0, 0, 0, 0, 0, 0, 0, 0, 1, 1, 0, 0, 0, 0, 0, 0, 0, 0, 0, 0, 0, 0, 0, 0, 0, 0, 0, 0, 0, 0, 0, 0, 0, 0, 0, 0, 0, 0, 0, 0, 0, 0, 0, 1, 0, 0, 0, 0, 1, 0, 0, 0, 0, 0, 0, 0, 0, 0, 0, 0, 0, 0, 0, 0, 1, 0, 0, 0, 0, 0, 0, 0, 0, 0, 0, 0, 0, 0, 0, 0, 0, 0, 0, 0, 0, 0, 0, 0, 0, 0, 1, 0, 0, 0, 0, 0, 0, 0, 1, 0, 0, 0, 1, 0, 0, 0, 0, 0, 0, 0, 1, 0, 0, 0, 1, 0, 1, 0, 0, 0, 0, 0, 0, 0, 0, 0, 0, 0, 0, 0, 1, 0, 0, 0, 0, 0, 1, 0, 0, 0, 1, 0, 0, 0], "y-hat": [0.02, 0.078, 0.498, 0.016, 0.026, 0.072, 0.032, 0.502, 0.052, 0.016, 0.296, 0.758, 0.03, 0.304, 0.014, 0.032, 0.034, 0.008, 0.14, 0.016, 0.022, 0.14, 0.024, 0.046, 0.68, 0.064, 0.126, 0.018, 0.034, 0.024, 0.086, 0.02, 0.018, 0.042, 0.052, 0.022, 0.026, 0.17, 0.084, 0.022, 0.026, 0.144, 0.038, 0.016, 0.038, 0.02, 0.01, 0.732, 0.024, 0.028, 0.818, 0.7, 0.008, 0.018, 0.056, 0.04, 0.264, 0.038, 0.026, 0.066, 0.036, 0.08, 0.8, 0.024, 0.034, 0.206, 0.026, 0.076, 0.026, 0.03, 0.016, 0.044, 0.028, 0.576, 0.588, 0.062, 0.01, 0.022, 0.05, 0.02, 0.048, 0.012, 0.036, 0.03, 0.848, 0.016, 0.074, 0.028, 0.076, 0.042, 0.038, 0.036, 0.034, 0.01, 0.082, 0.02, 0.03, 0.014, 0.776, 0.046, 0.018, 0.016, 0.018, 0.028, 0.038, 0.06, 0.022, 0.046, 0.072, 0.032, 0.172, 0.014, 0.042, 0.018, 0.022, 0.032, 0.876, 0.08, 0.008, 0.02, 0.036, 0.088, 0.07, 0.008, 0.022, 0.042, 0.016, 0.022, 0.028, 0.034, 0.018, 0.042, 0.136, 0.038, 0.22, 0.384, 0.036, 0.022, 0.052, 0.026, 0.036, 0.02, 0.042, 0.022, 0.022, 0.058, 0.048, 0.032, 0.014, 0.026, 0.09, 0.088, 0.044, 0.046, 0.05, 0.128, 0.144, 0.03, 0.026, 0.008, 0.344, 0.07, 0.024, 0.598, 0.058, 0.02, 0.472, 0.13, 0.026, 0.012, 0.016, 0.278, 0.02, 0.062, 0.016, 0.03, 0.052, 0.026, 0.024, 0.792, 0.032, 0.052, 0.044, 0.014, 0.054, 0.068, 0.034, 0.018, 0.016, 0.136, 0.48, 0.042, 0.052, 0.234, 0.03, 0.036, 0.114, 0.206, 0.046, 0.03, 0.042, 0.114, 0.024, 0.04, 0.03, 0.026, 0.684, 0.022, 0.02, 0.016, 0.032, 0.042, 0.074, 0.032, 0.74, 0.284, 0.02, 0.04, 0.018, 0.018, 0.022, 0.04, 0.026, 0.028, 0.136, 0.016, 0.026, 0.046, 0.016, 0.074, 0.02, 0.028, 0.028, 0.024, 0.028, 0.04, 0.032, 0.044, 0.014, 0.08, 0.032, 0.024, 0.038, 0.04, 0.026, 0.042, 0.034, 0.03, 0.238, 0.046, 0.01, 0.02, 0.026, 0.044, 0.702, 0.04, 0.046, 0.076, 0.048, 0.036, 0.02, 0.024, 0.028, 0.028, 0.026, 0.224, 0.088, 0.022, 0.03, 0.036, 0.386, 0.036, 0.026, 0.044, 0.02, 0.094, 0.006, 0.102, 0.038, 0.022, 0.052, 0.018, 0.034, 0.036, 0.026, 0.038, 0.018, 0.026, 0.008, 0.036, 0.024, 0.018, 0.02, 0.024, 0.022, 0.036, 0.458, 0.026, 0.028, 0.01, 0.012, 0.028, 0.022, 0.012, 0.16, 0.038, 0.024, 0.024, 0.34, 0.038, 0.016, 0.16, 0.134, 0.666, 0.734, 0.516, 0.622, 0.042, 0.038, 0.038, 0.214, 0.06, 0.032, 0.042, 0.016, 0.152, 0.014, 0.038, 0.036, 0.014, 0.054, 0.032, 0.04, 0.04, 0.174, 0.404, 0.732, 0.048, 0.026, 0.042, 0.02, 0.076, 0.468, 0.024, 0.036, 0.054, 0.026, 0.02, 0.278, 0.01], "computation-time": 74.76922130584717, "max-memory-usage": 32919987950}