{"auroc": 0.9401061057334326, "aupr": 0.7379539200815571, "y": [0, 0, 1, 0, 0, 0, 0, 0, 0, 0, 0, 1, 0, 0, 0, 0, 0, 0, 0, 0, 0, 0, 0, 0, 1, 0, 0, 0, 0, 0, 0, 0, 0, 0, 0, 0, 0, 0, 0, 0, 0, 0, 0, 0, 0, 0, 0, 1, 0, 0, 1, 1, 0, 0, 0, 0, 0, 0, 0, 0, 0, 0, 1, 0, 0, 0, 0, 0, 0, 0, 0, 0, 0, 0, 1, 0, 0, 0, 0, 0, 0, 0, 0, 0, 1, 0, 0, 0, 1, 0, 0, 0, 0, 0, 0, 0, 0, 0, 1, 0, 0, 0, 0, 0, 0, 0, 0, 0, 0, 0, 1, 0, 0, 0, 0, 0, 1, 0, 0, 0, 0, 0, 0, 0, 0, 0, 0, 0, 0, 0, 0, 0, 0, 0, 0, 1, 0, 0, 0, 0, 0, 0, 0, 0, 0, 0, 0, 0, 0, 0, 0, 0, 0, 0, 0, 0, 0, 0, 0, 0, 1, 0, 0, 1, 0, 0, 0, 0, 0, 0, 0, 0, 0, 0, 0, 0, 0, 0, 0, 1, 0, 0, 0, 0, 0, 0, 0, 0, 0, 0, 1, 0, 0, 1, 0, 0, 0, 0, 0, 0, 0, 0, 0, 1, 0, 0, 0, 0, 0, 0, 0, 0, 0, 0, 1, 1, 0, 0, 0, 0, 0, 0, 0, 0, 0, 0, 0, 0, 0, 0, 0, 0, 0, 0, 0, 0, 0, 0, 0, 0, 0, 0, 0, 0, 0, 0, 0, 0, 0, 1, 0, 0, 0, 0, 1, 0, 0, 0, 0, 0, 0, 0, 0, 0, 0, 0, 0, 0, 0, 0, 1, 0, 0, 0, 0, 0, 0, 0, 0, 0, 0, 0, 0, 0, 0, 0, 0, 0, 0, 0, 0, 0, 0, 0, 0, 0, 1, 0, 0, 0, 0, 0, 0, 0, 1, 0, 0, 0, 1, 0, 0, 0, 0, 0, 0, 0, 1, 0, 0, 0, 1, 0, 1, 0, 0, 0, 0, 0, 0, 0, 0, 0, 0, 0, 0, 0, 1, 0, 0, 0, 0, 0, 1, 0, 0, 0, 1, 0, 0, 0], "y-hat": [0.024, 0.08, 0.516, 0.026, 0.034, 0.1, 0.038, 0.522, 0.046, 0.026, 0.266, 0.772, 0.034, 0.392, 0.036, 0.052, 0.048, 0.022, 0.12, 0.02, 0.01, 0.156, 0.028, 0.042, 0.62, 0.064, 0.138, 0.038, 0.03, 0.024, 0.064, 0.012, 0.014, 0.112, 0.086, 0.032, 0.044, 0.19, 0.082, 0.02, 0.03, 0.14, 0.038, 0.042, 0.032, 0.04, 0.04, 0.754, 0.046, 0.026, 0.782, 0.734, 0.028, 0.034, 0.054, 0.06, 0.308, 0.034, 0.024, 0.092, 0.02, 0.082, 0.83, 0.026, 0.03, 0.208, 0.028, 0.118, 0.038, 0.018, 0.03, 0.042, 0.038, 0.63, 0.582, 0.07, 0.012, 0.034, 0.066, 0.012, 0.078, 0.01, 0.028, 0.042, 0.89, 0.02, 0.088, 0.024, 0.108, 0.054, 0.058, 0.044, 0.046, 0.018, 0.108, 0.024, 0.032, 0.032, 0.818, 0.058, 0.036, 0.018, 0.03, 0.032, 0.056, 0.054, 0.02, 0.056, 0.08, 0.024, 0.186, 0.026, 0.04, 0.014, 0.028, 0.034, 0.846, 0.088, 0.016, 0.03, 0.052, 0.098, 0.088, 0.012, 0.036, 0.038, 0.034, 0.02, 0.042, 0.04, 0.044, 0.07, 0.144, 0.028, 0.218, 0.354, 0.05, 0.044, 0.022, 0.032, 0.056, 0.028, 0.058, 0.034, 0.03, 0.044, 0.062, 0.034, 0.026, 0.044, 0.094, 0.144, 0.05, 0.028, 0.068, 0.126, 0.148, 0.052, 0.026, 0.02, 0.422, 0.132, 0.026, 0.62, 0.07, 0.03, 0.506, 0.196, 0.026, 0.026, 0.02, 0.298, 0.044, 0.078, 0.01, 0.04, 0.044, 0.044, 0.034, 0.778, 0.048, 0.064, 0.046, 0.018, 0.058, 0.078, 0.026, 0.032, 0.014, 0.15, 0.58, 0.03, 0.04, 0.204, 0.042, 0.024, 0.108, 0.24, 0.036, 0.038, 0.032, 0.086, 0.022, 0.06, 0.044, 0.012, 0.768, 0.032, 0.024, 0.034, 0.04, 0.068, 0.09, 0.028, 0.74, 0.322, 0.036, 0.034, 0.022, 0.016, 0.036, 0.042, 0.034, 0.026, 0.116, 0.036, 0.026, 0.04, 0.028, 0.056, 0.022, 0.032, 0.032, 0.022, 0.064, 0.046, 0.028, 0.054, 0.022, 0.082, 0.042, 0.026, 0.028, 0.014, 0.046, 0.056, 0.038, 0.028, 0.288, 0.044, 0.014, 0.032, 0.036, 0.046, 0.724, 0.034, 0.046, 0.08, 0.05, 0.032, 0.016, 0.038, 0.046, 0.028, 0.03, 0.232, 0.114, 0.03, 0.038, 0.03, 0.45, 0.03, 0.032, 0.046, 0.032, 0.112, 0.022, 0.11, 0.056, 0.016, 0.08, 0.026, 0.03, 0.03, 0.04, 0.032, 0.024, 0.026, 0.022, 0.022, 0.056, 0.02, 0.024, 0.032, 0.022, 0.038, 0.554, 0.024, 0.05, 0.018, 0.014, 0.052, 0.034, 0.022, 0.172, 0.032, 0.03, 0.04, 0.372, 0.082, 0.032, 0.194, 0.186, 0.702, 0.734, 0.528, 0.65, 0.036, 0.042, 0.054, 0.2, 0.11, 0.07, 0.05, 0.016, 0.154, 0.014, 0.046, 0.048, 0.022, 0.03, 0.05, 0.048, 0.03, 0.19, 0.394, 0.738, 0.036, 0.036, 0.04, 0.018, 0.068, 0.482, 0.048, 0.038, 0.072, 0.036, 0.032, 0.29, 0.016], "computation-time": 3656.164912700653, "max-memory-usage": 32919987950}