{"auroc": 0.917163067758749, "aupr": 0.7016725393377808, "y": [0, 0, 1, 0, 0, 0, 0, 0, 0, 0, 0, 1, 0, 0, 0, 0, 0, 0, 0, 0, 0, 0, 0, 0, 1, 0, 0, 0, 0, 0, 0, 0, 0, 0, 0, 0, 0, 0, 0, 0, 0, 0, 0, 0, 0, 0, 0, 1, 0, 0, 1, 1, 0, 0, 0, 0, 0, 0, 0, 0, 0, 0, 1, 0, 0, 0, 0, 0, 0, 0, 0, 0, 0, 0, 1, 0, 0, 0, 0, 0, 0, 0, 0, 0, 1, 0, 0, 0, 1, 0, 0, 0, 0, 0, 0, 0, 0, 0, 1, 0, 0, 0, 0, 0, 0, 0, 0, 0, 0, 0, 1, 0, 0, 0, 0, 0, 1, 0, 0, 0, 0, 0, 0, 0, 0, 0, 0, 0, 0, 0, 0, 0, 0, 0, 0, 1, 0, 0, 0, 0, 0, 0, 0, 0, 0, 0, 0, 0, 0, 0, 0, 0, 0, 0, 0, 0, 0, 0, 0, 0, 1, 0, 0, 1, 0, 0, 0, 0, 0, 0, 0, 0, 0, 0, 0, 0, 0, 0, 0, 1, 0, 0, 0, 0, 0, 0, 0, 0, 0, 0, 1, 0, 0, 1, 0, 0, 0, 0, 0, 0, 0, 0, 0, 1, 0, 0, 0, 0, 0, 0, 0, 0, 0, 0, 1, 1, 0, 0, 0, 0, 0, 0, 0, 0, 0, 0, 0, 0, 0, 0, 0, 0, 0, 0, 0, 0, 0, 0, 0, 0, 0, 0, 0, 0, 0, 0, 0, 0, 0, 1, 0, 0, 0, 0, 1, 0, 0, 0, 0, 0, 0, 0, 0, 0, 0, 0, 0, 0, 0, 0, 1, 0, 0, 0, 0, 0, 0, 0, 0, 0, 0, 0, 0, 0, 0, 0, 0, 0, 0, 0, 0, 0, 0, 0, 0, 0, 1, 0, 0, 0, 0, 0, 0, 0, 1, 0, 0, 0, 1, 0, 0, 0, 0, 0, 0, 0, 1, 0, 0, 0, 1, 0, 1, 0, 0, 0, 0, 0, 0, 0, 0, 0, 0, 0, 0, 0, 1, 0, 0, 0, 0, 0, 1, 0, 0, 0, 1, 0, 0, 0], "y-hat": [0.018, 0.074, 0.416, 0.034, 0.038, 0.066, 0.04, 0.386, 0.066, 0.016, 0.172, 0.656, 0.052, 0.256, 0.036, 0.04, 0.018, 0.024, 0.108, 0.026, 0.022, 0.158, 0.034, 0.05, 0.544, 0.054, 0.034, 0.036, 0.042, 0.03, 0.048, 0.036, 0.03, 0.09, 0.04, 0.042, 0.044, 0.156, 0.07, 0.012, 0.022, 0.134, 0.028, 0.048, 0.042, 0.03, 0.014, 0.64, 0.03, 0.042, 0.672, 0.734, 0.042, 0.02, 0.088, 0.048, 0.23, 0.03, 0.018, 0.04, 0.03, 0.088, 0.686, 0.03, 0.038, 0.192, 0.034, 0.074, 0.06, 0.02, 0.026, 0.054, 0.058, 0.462, 0.348, 0.1, 0.02, 0.06, 0.048, 0.018, 0.048, 0.036, 0.06, 0.014, 0.84, 0.034, 0.08, 0.026, 0.104, 0.03, 0.028, 0.048, 0.022, 0.022, 0.068, 0.032, 0.03, 0.058, 0.748, 0.048, 0.052, 0.028, 0.048, 0.038, 0.042, 0.03, 0.016, 0.084, 0.088, 0.04, 0.108, 0.032, 0.088, 0.026, 0.032, 0.066, 0.768, 0.068, 0.026, 0.028, 0.044, 0.12, 0.05, 0.024, 0.018, 0.068, 0.024, 0.032, 0.042, 0.054, 0.036, 0.054, 0.12, 0.064, 0.224, 0.21, 0.028, 0.034, 0.044, 0.06, 0.038, 0.032, 0.048, 0.024, 0.03, 0.034, 0.072, 0.03, 0.04, 0.044, 0.088, 0.104, 0.046, 0.066, 0.036, 0.068, 0.118, 0.048, 0.03, 0.02, 0.326, 0.114, 0.042, 0.488, 0.04, 0.034, 0.252, 0.16, 0.018, 0.024, 0.034, 0.106, 0.038, 0.112, 0.04, 0.03, 0.028, 0.026, 0.028, 0.694, 0.028, 0.108, 0.052, 0.03, 0.034, 0.09, 0.058, 0.038, 0.008, 0.104, 0.376, 0.034, 0.048, 0.206, 0.042, 0.03, 0.156, 0.116, 0.044, 0.028, 0.026, 0.06, 0.032, 0.034, 0.034, 0.026, 0.666, 0.052, 0.05, 0.06, 0.052, 0.052, 0.122, 0.05, 0.714, 0.124, 0.048, 0.052, 0.016, 0.018, 0.036, 0.044, 0.034, 0.032, 0.138, 0.048, 0.044, 0.068, 0.028, 0.042, 0.034, 0.044, 0.046, 0.024, 0.042, 0.036, 0.044, 0.05, 0.014, 0.074, 0.062, 0.04, 0.052, 0.022, 0.034, 0.052, 0.028, 0.03, 0.25, 0.048, 0.04, 0.014, 0.048, 0.058, 0.716, 0.02, 0.01, 0.076, 0.07, 0.06, 0.038, 0.044, 0.026, 0.016, 0.022, 0.24, 0.138, 0.012, 0.018, 0.064, 0.392, 0.044, 0.048, 0.044, 0.056, 0.088, 0.018, 0.18, 0.04, 0.022, 0.04, 0.022, 0.028, 0.04, 0.056, 0.064, 0.02, 0.044, 0.036, 0.056, 0.004, 0.034, 0.032, 0.04, 0.022, 0.042, 0.508, 0.028, 0.03, 0.026, 0.026, 0.042, 0.042, 0.044, 0.182, 0.024, 0.016, 0.018, 0.35, 0.034, 0.02, 0.156, 0.112, 0.616, 0.696, 0.514, 0.45, 0.05, 0.02, 0.044, 0.054, 0.102, 0.062, 0.05, 0.022, 0.144, 0.016, 0.064, 0.052, 0.024, 0.04, 0.082, 0.052, 0.034, 0.136, 0.444, 0.662, 0.046, 0.022, 0.048, 0.024, 0.09, 0.316, 0.026, 0.032, 0.058, 0.036, 0.014, 0.294, 0.026], "computation-time": 0.0019989013671875, "max-memory-usage": 2514614303}