{"auroc": 0.4920886075949367, "aupr": 0.09714285714285714, "y": [0, 0, 1, 0, 0, 0, 0, 0, 0, 0, 0, 1, 0, 0, 0, 0, 0, 0, 0, 0, 0, 0, 0, 0, 1, 0, 0, 0, 0, 0, 0, 0, 0, 0, 0, 0, 0, 0, 0, 0, 0, 0, 0, 0, 0, 0, 0, 1, 0, 0, 1, 1, 0, 0, 0, 0, 0, 0, 0, 0, 0, 0, 1, 0, 0, 0, 0, 0, 0, 0, 0, 0, 0, 0, 1, 0, 0, 0, 0, 0, 0, 0, 0, 0, 1, 0, 0, 0, 1, 0, 0, 0, 0, 0, 0, 0, 0, 0, 1, 0, 0, 0, 0, 0, 0, 0, 0, 0, 0, 0, 1, 0, 0, 0, 0, 0, 1, 0, 0, 0, 0, 0, 0, 0, 0, 0, 0, 0, 0, 0, 0, 0, 0, 0, 0, 1, 0, 0, 0, 0, 0, 0, 0, 0, 0, 0, 0, 0, 0, 0, 0, 0, 0, 0, 0, 0, 0, 0, 0, 0, 1, 0, 0, 1, 0, 0, 0, 0, 0, 0, 0, 0, 0, 0, 0, 0, 0, 0, 0, 1, 0, 0, 0, 0, 0, 0, 0, 0, 0, 0, 1, 0, 0, 1, 0, 0, 0, 0, 0, 0, 0, 0, 0, 1, 0, 0, 0, 0, 0, 0, 0, 0, 0, 0, 1, 1, 0, 0, 0, 0, 0, 0, 0, 0, 0, 0, 0, 0, 0, 0, 0, 0, 0, 0, 0, 0, 0, 0, 0, 0, 0, 0, 0, 0, 0, 0, 0, 0, 0, 1, 0, 0, 0, 0, 1, 0, 0, 0, 0, 0, 0, 0, 0, 0, 0, 0, 0, 0, 0, 0, 1, 0, 0, 0, 0, 0, 0, 0, 0, 0, 0, 0, 0, 0, 0, 0, 0, 0, 0, 0, 0, 0, 0, 0, 0, 0, 1, 0, 0, 0, 0, 0, 0, 0, 1, 0, 0, 0, 1, 0, 0, 0, 0, 0, 0, 0, 1, 0, 0, 0, 1, 0, 1, 0, 0, 0, 0, 0, 0, 0, 0, 0, 0, 0, 0, 0, 1, 0, 0, 0, 0, 0, 1, 0, 0, 0, 1, 0, 0, 0], "y-hat": [0.09667233459263104, 0.09667233459263104, 0.09667233459263104, 0.09667233459263104, 0.09667233459263104, 0.09667233459263104, 0.09667233459263104, 0.09667233459263104, 0.09667233459263104, 0.09667233459263104, 0.09667233459263104, 0.09667233459263104, 0.09667233459263104, 0.09667233459263104, 0.09667233459263104, 0.09667233459263104, 0.09667233459263104, 0.09667233459263104, 0.09667233459263104, 0.09667233459263104, 0.09667233459263104, 0.18751511314585448, 0.09667233459263104, 0.09667233459263104, 0.09667233459263104, 0.09667233459263104, 0.09667233459263104, 0.09667233459263104, 0.09667233459263104, 0.09667233459263104, 0.09667233459263104, 0.09667233459263104, 0.09667233459263104, 0.09667233459263104, 0.09667233459263104, 0.09667233459263104, 0.09667233459263104, 0.09667233459263104, 0.09667233459263104, 0.09667233459263104, 0.09667233459263104, 0.09667233459263104, 0.09667233459263104, 0.09667233459263104, 0.09667233459263104, 0.09667233459263104, 0.09667233459263104, 0.09667233459263104, 0.09667233459263104, 0.09667233459263104, 0.09667233459263104, 0.09667233459263104, 0.09667233459263104, 0.09667233459263104, 0.09667233459263104, 0.09667233459263104, 0.09667233459263104, 0.09667233459263104, 0.09667233459263104, 0.09667233459263104, 0.09667233459263104, 0.09667233459263104, 0.09667233459263104, 0.09667233459263104, 0.09667233459263104, 0.09667233459263104, 0.09667233459263104, 0.09667233459263104, 0.09667233459263104, 0.09667233459263104, 0.09667233459263104, 0.09667233459263104, 0.09667233459263104, 0.09667233459263104, 0.09667233459263104, 0.09667233459263104, 0.09667233459263104, 0.09667233459263104, 0.09667233459263104, 0.09667233459263104, 0.09667233459263104, 0.09667233459263104, 0.09667233459263104, 0.09667233459263104, 0.09667233459263104, 0.09667233459263104, 0.09667233459263104, 0.09667233459263104, 0.09667233459263104, 0.09667233459263104, 0.09667233459263104, 0.09667233459263104, 0.18751511314585448, 0.09667233459263104, 0.09667233459263104, 0.09667233459263104, 0.09667233459263104, 0.09667233459263104, 0.09667233459263104, 0.09667233459263104, 0.09667233459263104, 0.09667233459263104, 0.09667233459263104, 0.09667233459263104, 0.09667233459263104, 0.09667233459263104, 0.09667233459263104, 0.09667233459263104, 0.09667233459263104, 0.09667233459263104, 0.09667233459263104, 0.09667233459263104, 0.09667233459263104, 0.09667233459263104, 0.09667233459263104, 0.09667233459263104, 0.09667233459263104, 0.09667233459263104, 0.09667233459263104, 0.09667233459263104, 0.09667233459263104, 0.09667233459263104, 0.09667233459263104, 0.09667233459263104, 0.09667233459263104, 0.09667233459263104, 0.09667233459263104, 0.09667233459263104, 0.09667233459263104, 0.09667233459263104, 0.09667233459263104, 0.09667233459263104, 0.09667233459263104, 0.09667233459263104, 0.09667233459263104, 0.09667233459263104, 0.09667233459263104, 0.09667233459263104, 0.09667233459263104, 0.09667233459263104, 0.09667233459263104, 0.09667233459263104, 0.09667233459263104, 0.09667233459263104, 0.09667233459263104, 0.09667233459263104, 0.09667233459263104, 0.09667233459263104, 0.09667233459263104, 0.09667233459263104, 0.09667233459263104, 0.09667233459263104, 0.09667233459263104, 0.09667233459263104, 0.09667233459263104, 0.09667233459263104, 0.09667233459263104, 0.09667233459263104, 0.09667233459263104, 0.09667233459263104, 0.09667233459263104, 0.09667233459263104, 0.09667233459263104, 0.09667233459263104, 0.09667233459263104, 0.09667233459263104, 0.09667233459263104, 0.09667233459263104, 0.09667233459263104, 0.09667233459263104, 0.09667233459263104, 0.09667233459263104, 0.09667233459263104, 0.09667233459263104, 0.09667233459263104, 0.09667233459263104, 0.09667233459263104, 0.09667233459263104, 0.09667233459263104, 0.09667233459263104, 0.09667233459263104, 0.09667233459263104, 0.09667233459263104, 0.09667233459263104, 0.18751511314585448, 0.09667233459263104, 0.09667233459263104, 0.09667233459263104, 0.09667233459263104, 0.09667233459263104, 0.09667233459263104, 0.09667233459263104, 0.09667233459263104, 0.09667233459263104, 0.09667233459263104, 0.09667233459263104, 0.09667233459263104, 0.09667233459263104, 0.09667233459263104, 0.09667233459263104, 0.09667233459263104, 0.09667233459263104, 0.09667233459263104, 0.09667233459263104, 0.09667233459263104, 0.09667233459263104, 0.09667233459263104, 0.09667233459263104, 0.09667233459263104, 0.09667233459263104, 0.09667233459263104, 0.09667233459263104, 0.09667233459263104, 0.09667233459263104, 0.09667233459263104, 0.09667233459263104, 0.09667233459263104, 0.09667233459263104, 0.09667233459263104, 0.09667233459263104, 0.09667233459263104, 0.09667233459263104, 0.09667233459263104, 0.09667233459263104, 0.09667233459263104, 0.09667233459263104, 0.09667233459263104, 0.09667233459263104, 0.09667233459263104, 0.09667233459263104, 0.09667233459263104, 0.09667233459263104, 0.09667233459263104, 0.09667233459263104, 0.09667233459263104, 0.09667233459263104, 0.09667233459263104, 0.09667233459263104, 0.09667233459263104, 0.09667233459263104, 0.09667233459263104, 0.09667233459263104, 0.09667233459263104, 0.18751511314585448, 0.09667233459263104, 0.09667233459263104, 0.09667233459263104, 0.09667233459263104, 0.09667233459263104, 0.09667233459263104, 0.09667233459263104, 0.09667233459263104, 0.09667233459263104, 0.09667233459263104, 0.09667233459263104, 0.09667233459263104, 0.09667233459263104, 0.09667233459263104, 0.09667233459263104, 0.09667233459263104, 0.09667233459263104, 0.09667233459263104, 0.09667233459263104, 0.09667233459263104, 0.09667233459263104, 0.09667233459263104, 0.09667233459263104, 0.09667233459263104, 0.09667233459263104, 0.09667233459263104, 0.09667233459263104, 0.09667233459263104, 0.09667233459263104, 0.09667233459263104, 0.09667233459263104, 0.09667233459263104, 0.09667233459263104, 0.09667233459263104, 0.09667233459263104, 0.09667233459263104, 0.09667233459263104, 0.09667233459263104, 0.09667233459263104, 0.09667233459263104, 0.09667233459263104, 0.09667233459263104, 0.09667233459263104, 0.09667233459263104, 0.09667233459263104, 0.09667233459263104, 0.09667233459263104, 0.09667233459263104, 0.09667233459263104, 0.09667233459263104, 0.09667233459263104, 0.09667233459263104, 0.09667233459263104, 0.09667233459263104, 0.09667233459263104, 0.09667233459263104, 0.09667233459263104, 0.09667233459263104, 0.09667233459263104, 0.09667233459263104, 0.09667233459263104, 0.09667233459263104, 0.09667233459263104, 0.09667233459263104, 0.09667233459263104, 0.09667233459263104, 0.09667233459263104, 0.09667233459263104, 0.18751511314585448, 0.09667233459263104, 0.09667233459263104, 0.09667233459263104, 0.09667233459263104, 0.09667233459263104, 0.09667233459263104, 0.09667233459263104, 0.09667233459263104, 0.09667233459263104, 0.09667233459263104, 0.09667233459263104, 0.09667233459263104, 0.09667233459263104, 0.09667233459263104, 