{"auroc": 0.9398268801191363, "aupr": 0.7428760296989148, "y": [0, 0, 1, 0, 0, 0, 0, 0, 0, 0, 0, 1, 0, 0, 0, 0, 0, 0, 0, 0, 0, 0, 0, 0, 1, 0, 0, 0, 0, 0, 0, 0, 0, 0, 0, 0, 0, 0, 0, 0, 0, 0, 0, 0, 0, 0, 0, 1, 0, 0, 1, 1, 0, 0, 0, 0, 0, 0, 0, 0, 0, 0, 1, 0, 0, 0, 0, 0, 0, 0, 0, 0, 0, 0, 1, 0, 0, 0, 0, 0, 0, 0, 0, 0, 1, 0, 0, 0, 1, 0, 0, 0, 0, 0, 0, 0, 0, 0, 1, 0, 0, 0, 0, 0, 0, 0, 0, 0, 0, 0, 1, 0, 0, 0, 0, 0, 1, 0, 0, 0, 0, 0, 0, 0, 0, 0, 0, 0, 0, 0, 0, 0, 0, 0, 0, 1, 0, 0, 0, 0, 0, 0, 0, 0, 0, 0, 0, 0, 0, 0, 0, 0, 0, 0, 0, 0, 0, 0, 0, 0, 1, 0, 0, 1, 0, 0, 0, 0, 0, 0, 0, 0, 0, 0, 0, 0, 0, 0, 0, 1, 0, 0, 0, 0, 0, 0, 0, 0, 0, 0, 1, 0, 0, 1, 0, 0, 0, 0, 0, 0, 0, 0, 0, 1, 0, 0, 0, 0, 0, 0, 0, 0, 0, 0, 1, 1, 0, 0, 0, 0, 0, 0, 0, 0, 0, 0, 0, 0, 0, 0, 0, 0, 0, 0, 0, 0, 0, 0, 0, 0, 0, 0, 0, 0, 0, 0, 0, 0, 0, 1, 0, 0, 0, 0, 1, 0, 0, 0, 0, 0, 0, 0, 0, 0, 0, 0, 0, 0, 0, 0, 1, 0, 0, 0, 0, 0, 0, 0, 0, 0, 0, 0, 0, 0, 0, 0, 0, 0, 0, 0, 0, 0, 0, 0, 0, 0, 1, 0, 0, 0, 0, 0, 0, 0, 1, 0, 0, 0, 1, 0, 0, 0, 0, 0, 0, 0, 1, 0, 0, 0, 1, 0, 1, 0, 0, 0, 0, 0, 0, 0, 0, 0, 0, 0, 0, 0, 1, 0, 0, 0, 0, 0, 1, 0, 0, 0, 1, 0, 0, 0], "y-hat": [0.012, 0.04, 0.464, 0.03, 0.018, 0.088, 0.05, 0.474, 0.044, 0.01, 0.268, 0.774, 0.036, 0.306, 0.02, 0.046, 0.036, 0.014, 0.114, 0.018, 0.014, 0.15, 0.016, 0.044, 0.636, 0.046, 0.134, 0.032, 0.022, 0.008, 0.064, 0.022, 0.014, 0.074, 0.062, 0.026, 0.032, 0.154, 0.096, 0.006, 0.028, 0.116, 0.022, 0.032, 0.038, 0.022, 0.008, 0.786, 0.032, 0.028, 0.794, 0.712, 0.022, 0.028, 0.068, 0.052, 0.238, 0.026, 0.014, 0.07, 0.03, 0.06, 0.824, 0.022, 0.028, 0.17, 0.034, 0.076, 0.042, 0.044, 0.028, 0.056, 0.024, 0.578, 0.62, 0.06, 0.018, 0.03, 0.052, 0.02, 0.038, 0.024, 0.036, 0.016, 0.816, 0.024, 0.044, 0.034, 0.09, 0.048, 0.04, 0.042, 0.034, 0.02, 0.112, 0.024, 0.034, 0.016, 0.772, 0.056, 0.032, 0.03, 0.034, 0.02, 0.04, 0.05, 0.012, 0.05, 0.09, 0.012, 0.158, 0.018, 0.05, 0.022, 0.03, 0.024, 0.862, 0.06, 0.02, 0.016, 0.032, 0.102, 0.1, 0.014, 0.042, 0.032, 0.028, 0.022, 0.042, 0.058, 0.024, 0.066, 0.108, 0.03, 0.202, 0.366, 0.03, 0.032, 0.046, 0.046, 0.05, 0.024, 0.074, 0.026, 0.018, 0.028, 0.048, 0.046, 0.026, 0.048, 0.068, 0.096, 0.038, 0.028, 0.048, 0.106, 0.132, 0.034, 0.014, 0.014, 0.352, 0.122, 0.028, 0.602, 0.028, 0.024, 0.532, 0.126, 0.024, 0.022, 0.02, 0.294, 0.012, 0.064, 0.032, 0.026, 0.052, 0.038, 0.03, 0.774, 0.032, 0.08, 0.03, 0.016, 0.036, 0.066, 0.048, 0.028, 0.014, 0.116, 0.528, 0.024, 0.04, 0.174, 0.018, 0.018, 0.122, 0.176, 0.024, 0.046, 0.03, 0.112, 0.032, 0.046, 0.052, 0.026, 0.756, 0.022, 0.018, 0.024, 0.042, 0.052, 0.072, 0.07, 0.694, 0.324, 0.034, 0.048, 0.012, 0.026, 0.038, 0.028, 0.036, 0.03, 0.116, 0.038, 0.028, 0.03, 0.008, 0.04, 0.01, 0.032, 0.03, 0.026, 0.046, 0.034, 0.024, 0.048, 0.016, 0.066, 0.036, 0.032, 0.046, 0.024, 0.024, 0.04, 0.032, 0.02, 0.228, 0.04, 0.018, 0.024, 0.02, 0.032, 0.696, 0.03, 0.038, 0.09, 0.026, 0.028, 0.03, 0.034, 0.032, 0.018, 0.018, 0.162, 0.062, 0.024, 0.02, 0.03, 0.424, 0.054, 0.042, 0.03, 0.03, 0.12, 0.02, 0.116, 0.05, 0.04, 0.07, 0.014, 0.05, 0.026, 0.028, 0.044, 0.016, 0.02, 0.018, 0.032, 0.034, 0.018, 0.014, 0.026, 0.016, 0.032, 0.528, 0.026, 0.03, 0.016, 0.012, 0.016, 0.032, 0.022, 0.168, 0.03, 0.044, 0.04, 0.304, 0.052, 0.02, 0.12, 0.146, 0.684, 0.718, 0.48, 0.692, 0.024, 0.03, 0.046, 0.132, 0.056, 0.062, 0.048, 0.016, 0.15, 0.02, 0.04, 0.058, 0.018, 0.026, 0.042, 0.048, 0.032, 0.146, 0.368, 0.712, 0.038, 0.036, 0.026, 0.012, 0.058, 0.496, 0.04, 0.024, 0.032, 0.032, 0.016, 0.28, 0.012], "computation-time": 2192.913925409317, "max-memory-usage": 640434453}