{"auroc": 0.9247021593447505, "aupr": 0.734855094263114, "y": [0, 0, 1, 0, 0, 0, 0, 0, 0, 0, 0, 1, 0, 0, 0, 0, 0, 0, 0, 0, 0, 0, 0, 0, 1, 0, 0, 0, 0, 0, 0, 0, 0, 0, 0, 0, 0, 0, 0, 0, 0, 0, 0, 0, 0, 0, 0, 1, 0, 0, 1, 1, 0, 0, 0, 0, 0, 0, 0, 0, 0, 0, 1, 0, 0, 0, 0, 0, 0, 0, 0, 0, 0, 0, 1, 0, 0, 0, 0, 0, 0, 0, 0, 0, 1, 0, 0, 0, 1, 0, 0, 0, 0, 0, 0, 0, 0, 0, 1, 0, 0, 0, 0, 0, 0, 0, 0, 0, 0, 0, 1, 0, 0, 0, 0, 0, 1, 0, 0, 0, 0, 0, 0, 0, 0, 0, 0, 0, 0, 0, 0, 0, 0, 0, 0, 1, 0, 0, 0, 0, 0, 0, 0, 0, 0, 0, 0, 0, 0, 0, 0, 0, 0, 0, 0, 0, 0, 0, 0, 0, 1, 0, 0, 1, 0, 0, 0, 0, 0, 0, 0, 0, 0, 0, 0, 0, 0, 0, 0, 1, 0, 0, 0, 0, 0, 0, 0, 0, 0, 0, 1, 0, 0, 1, 0, 0, 0, 0, 0, 0, 0, 0, 0, 1, 0, 0, 0, 0, 0, 0, 0, 0, 0, 0, 1, 1, 0, 0, 0, 0, 0, 0, 0, 0, 0, 0, 0, 0, 0, 0, 0, 0, 0, 0, 0, 0, 0, 0, 0, 0, 0, 0, 0, 0, 0, 0, 0, 0, 0, 1, 0, 0, 0, 0, 1, 0, 0, 0, 0, 0, 0, 0, 0, 0, 0, 0, 0, 0, 0, 0, 1, 0, 0, 0, 0, 0, 0, 0, 0, 0, 0, 0, 0, 0, 0, 0, 0, 0, 0, 0, 0, 0, 0, 0, 0, 0, 1, 0, 0, 0, 0, 0, 0, 0, 1, 0, 0, 0, 1, 0, 0, 0, 0, 0, 0, 0, 1, 0, 0, 0, 1, 0, 1, 0, 0, 0, 0, 0, 0, 0, 0, 0, 0, 0, 0, 0, 1, 0, 0, 0, 0, 0, 1, 0, 0, 0, 1, 0, 0, 0], "y-hat": [0.042, 0.05, 0.406, 0.026, 0.048, 0.066, 0.038, 0.392, 0.08, 0.018, 0.222, 0.664, 0.018, 0.328, 0.036, 0.05, 0.034, 0.018, 0.132, 0.024, 0.02, 0.128, 0.03, 0.032, 0.536, 0.042, 0.054, 0.026, 0.01, 0.01, 0.028, 0.032, 0.028, 0.098, 0.042, 0.036, 0.028, 0.208, 0.076, 0.032, 0.034, 0.124, 0.022, 0.02, 0.05, 0.012, 0.012, 0.67, 0.034, 0.036, 0.7, 0.666, 0.022, 0.036, 0.078, 0.04, 0.276, 0.018, 0.026, 0.088, 0.014, 0.064, 0.722, 0.044, 0.016, 0.244, 0.03, 0.066, 0.032, 0.032, 0.036, 0.042, 0.022, 0.522, 0.474, 0.046, 0.016, 0.032, 0.056, 0.036, 0.054, 0.028, 0.068, 0.024, 0.828, 0.038, 0.074, 0.036, 0.118, 0.038, 0.042, 0.032, 0.034, 0.016, 0.074, 0.026, 0.034, 0.04, 0.792, 0.072, 0.016, 0.04, 0.026, 0.03, 0.056, 0.064, 0.032, 0.072, 0.078, 0.04, 0.126, 0.028, 0.046, 0.022, 0.022, 0.038, 0.794, 0.088, 0.022, 0.04, 0.03, 0.11, 0.094, 0.01, 0.048, 0.038, 0.064, 0.022, 0.038, 0.054, 0.032, 0.046, 0.14, 0.036, 0.208, 0.336, 0.058, 0.038, 0.05, 0.026, 0.04, 0.02, 0.062, 0.02, 0.036, 0.042, 0.052, 0.05, 0.022, 0.062, 0.092, 0.122, 0.03, 0.022, 0.05, 0.088, 0.144, 0.032, 0.028, 0.012, 0.378, 0.072, 0.024, 0.472, 0.078, 0.028, 0.408, 0.164, 0.012, 0.012, 0.006, 0.2, 0.022, 0.116, 0.022, 0.044, 0.042, 0.04, 0.018, 0.752, 0.046, 0.082, 0.03, 0.032, 0.06, 0.09, 0.034, 0.04, 0.008, 0.148, 0.434, 0.038, 0.056, 0.242, 0.014, 0.038, 0.154, 0.192, 0.038, 0.038, 0.04, 0.084, 0.036, 0.022, 0.04, 0.026, 0.698, 0.024, 0.032, 0.028, 0.042, 0.054, 0.07, 0.056, 0.666, 0.292, 0.028, 0.052, 0.012, 0.036, 0.034, 0.022, 0.032, 0.048, 0.106, 0.036, 0.032, 0.038, 0.038, 0.084, 0.022, 0.026, 0.016, 0.014, 0.072, 0.028, 0.058, 0.028, 0.032, 0.13, 0.032, 0.032, 0.052, 0.018, 0.024, 0.036, 0.034, 0.026, 0.286, 0.036, 0.028, 0.026, 0.06, 0.042, 0.742, 0.014, 0.04, 0.122, 0.036, 0.014, 0.042, 0.026, 0.022, 0.016, 0.03, 0.162, 0.086, 0.026, 0.008, 0.044, 0.384, 0.036, 0.03, 0.036, 0.028, 0.114, 0.026, 0.1, 0.036, 0.034, 0.074, 0.024, 0.032, 0.046, 0.044, 0.018, 0.03, 0.018, 0.036, 0.044, 0.03, 0.034, 0.026, 0.02, 0.012, 0.056, 0.446, 0.036, 0.044, 0.018, 0.024, 0.018, 0.028, 0.024, 0.224, 0.042, 0.032, 0.018, 0.274, 0.086, 0.026, 0.156, 0.124, 0.566, 0.662, 0.482, 0.49, 0.034, 0.034, 0.046, 0.102, 0.076, 0.074, 0.054, 0.022, 0.174, 0.028, 0.06, 0.034, 0.038, 0.046, 0.048, 0.028, 0.038, 0.11, 0.424, 0.762, 0.028, 0.042, 0.03, 0.024, 0.102, 0.398, 0.038, 0.034, 0.056, 0.048, 0.028, 0.246, 0.028], "computation-time": 1031.6143622398376, "max-memory-usage": 32919987950}