{"auroc": 0.9383842144452716, "aupr": 0.7453614705496038, "y": [0, 0, 1, 0, 0, 0, 0, 0, 0, 0, 0, 1, 0, 0, 0, 0, 0, 0, 0, 0, 0, 0, 0, 0, 1, 0, 0, 0, 0, 0, 0, 0, 0, 0, 0, 0, 0, 0, 0, 0, 0, 0, 0, 0, 0, 0, 0, 1, 0, 0, 1, 1, 0, 0, 0, 0, 0, 0, 0, 0, 0, 0, 1, 0, 0, 0, 0, 0, 0, 0, 0, 0, 0, 0, 1, 0, 0, 0, 0, 0, 0, 0, 0, 0, 1, 0, 0, 0, 1, 0, 0, 0, 0, 0, 0, 0, 0, 0, 1, 0, 0, 0, 0, 0, 0, 0, 0, 0, 0, 0, 1, 0, 0, 0, 0, 0, 1, 0, 0, 0, 0, 0, 0, 0, 0, 0, 0, 0, 0, 0, 0, 0, 0, 0, 0, 1, 0, 0, 0, 0, 0, 0, 0, 0, 0, 0, 0, 0, 0, 0, 0, 0, 0, 0, 0, 0, 0, 0, 0, 0, 1, 0, 0, 1, 0, 0, 0, 0, 0, 0, 0, 0, 0, 0, 0, 0, 0, 0, 0, 1, 0, 0, 0, 0, 0, 0, 0, 0, 0, 0, 1, 0, 0, 1, 0, 0, 0, 0, 0, 0, 0, 0, 0, 1, 0, 0, 0, 0, 0, 0, 0, 0, 0, 0, 1, 1, 0, 0, 0, 0, 0, 0, 0, 0, 0, 0, 0, 0, 0, 0, 0, 0, 0, 0, 0, 0, 0, 0, 0, 0, 0, 0, 0, 0, 0, 0, 0, 0, 0, 1, 0, 0, 0, 0, 1, 0, 0, 0, 0, 0, 0, 0, 0, 0, 0, 0, 0, 0, 0, 0, 1, 0, 0, 0, 0, 0, 0, 0, 0, 0, 0, 0, 0, 0, 0, 0, 0, 0, 0, 0, 0, 0, 0, 0, 0, 0, 1, 0, 0, 0, 0, 0, 0, 0, 1, 0, 0, 0, 1, 0, 0, 0, 0, 0, 0, 0, 1, 0, 0, 0, 1, 0, 1, 0, 0, 0, 0, 0, 0, 0, 0, 0, 0, 0, 0, 0, 1, 0, 0, 0, 0, 0, 1, 0, 0, 0, 1, 0, 0, 0], "y-hat": [0.012, 0.046, 0.488, 0.012, 0.04, 0.06, 0.04, 0.564, 0.01, 0.02, 0.258, 0.764, 0.04, 0.308, 0.024, 0.016, 0.02, 0.02, 0.102, 0.01, 0.01, 0.17, 0.008, 0.042, 0.67, 0.03, 0.1, 0.036, 0.026, 0.02, 0.05, 0.02, 0.01, 0.066, 0.04, 0.02, 0.036, 0.16, 0.086, 0.016, 0.024, 0.088, 0.028, 0.028, 0.022, 0.032, 0.018, 0.766, 0.014, 0.02, 0.826, 0.71, 0.036, 0.018, 0.058, 0.048, 0.294, 0.034, 0.026, 0.08, 0.014, 0.078, 0.83, 0.012, 0.028, 0.204, 0.024, 0.044, 0.024, 0.014, 0.034, 0.05, 0.028, 0.608, 0.592, 0.074, 0.022, 0.024, 0.016, 0.012, 0.034, 0.008, 0.034, 0.02, 0.84, 0.018, 0.042, 0.02, 0.096, 0.018, 0.034, 0.026, 0.028, 0.016, 0.09, 0.024, 0.028, 0.03, 0.832, 0.046, 0.014, 0.01, 0.036, 0.042, 0.036, 0.038, 0.012, 0.038, 0.094, 0.012, 0.176, 0.022, 0.03, 0.024, 0.012, 0.018, 0.848, 0.082, 0.024, 0.024, 0.024, 0.092, 0.062, 0.012, 0.016, 0.046, 0.038, 0.018, 0.026, 0.046, 0.008, 0.06, 0.12, 0.022, 0.186, 0.382, 0.036, 0.014, 0.026, 0.012, 0.044, 0.02, 0.052, 0.018, 0.034, 0.02, 0.042, 0.046, 0.012, 0.028, 0.07, 0.106, 0.036, 0.032, 0.018, 0.12, 0.144, 0.02, 0.016, 0.016, 0.398, 0.106, 0.02, 0.608, 0.054, 0.018, 0.49, 0.15, 0.024, 0.014, 0.028, 0.302, 0.024, 0.08, 0.01, 0.034, 0.036, 0.018, 0.028, 0.796, 0.02, 0.048, 0.016, 0.014, 0.022, 0.054, 0.026, 0.022, 0.014, 0.094, 0.546, 0.034, 0.03, 0.198, 0.038, 0.012, 0.106, 0.186, 0.032, 0.01, 0.016, 0.092, 0.016, 0.052, 0.024, 0.024, 0.742, 0.026, 0.016, 0.03, 0.05, 0.056, 0.08, 0.018, 0.74, 0.284, 0.032, 0.062, 0.03, 0.026, 0.012, 0.038, 0.03, 0.02, 0.092, 0.03, 0.026, 0.036, 0.02, 0.038, 0.02, 0.028, 0.038, 0.018, 0.03, 0.044, 0.034, 0.034, 0.02, 0.08, 0.016, 0.03, 0.018, 0.014, 0.014, 0.034, 0.018, 0.034, 0.24, 0.028, 0.016, 0.014, 0.024, 0.034, 0.804, 0.028, 0.04, 0.054, 0.02, 0.036, 0.026, 0.02, 0.014, 0.014, 0.014, 0.216, 0.094, 0.02, 0.03, 0.026, 0.46, 0.022, 0.02, 0.026, 0.022, 0.1, 0.018, 0.076, 0.034, 0.026, 0.04, 0.012, 0.028, 0.036, 0.014, 0.028, 0.014, 0.02, 0.034, 0.014, 0.016, 0.014, 0.018, 0.012, 0.02, 0.018, 0.462, 0.026, 0.022, 0.006, 0.016, 0.038, 0.016, 0.022, 0.162, 0.014, 0.012, 0.036, 0.308, 0.068, 0.014, 0.132, 0.144, 0.7, 0.752, 0.51, 0.652, 0.022, 0.038, 0.028, 0.214, 0.06, 0.048, 0.028, 0.022, 0.172, 0.008, 0.03, 0.02, 0.018, 0.04, 0.02, 0.02, 0.016, 0.14, 0.404, 0.75, 0.042, 0.018, 0.014, 0.044, 0.082, 0.51, 0.028, 0.028, 0.044, 0.024, 0.012, 0.3, 0.014], "computation-time": 430.54861211776733, "max-memory-usage": 3485811714}