{"auroc": 0.9489017125837677, "aupr": 0.7454090154127053, "y": [0, 0, 1, 0, 0, 0, 0, 0, 0, 0, 0, 1, 0, 0, 0, 0, 0, 0, 0, 0, 0, 0, 0, 0, 1, 0, 0, 0, 0, 0, 0, 0, 0, 0, 0, 0, 0, 0, 0, 0, 0, 0, 0, 0, 0, 0, 0, 1, 0, 0, 1, 1, 0, 0, 0, 0, 0, 0, 0, 0, 0, 0, 1, 0, 0, 0, 0, 0, 0, 0, 0, 0, 0, 0, 1, 0, 0, 0, 0, 0, 0, 0, 0, 0, 1, 0, 0, 0, 1, 0, 0, 0, 0, 0, 0, 0, 0, 0, 1, 0, 0, 0, 0, 0, 0, 0, 0, 0, 0, 0, 1, 0, 0, 0, 0, 0, 1, 0, 0, 0, 0, 0, 0, 0, 0, 0, 0, 0, 0, 0, 0, 0, 0, 0, 0, 1, 0, 0, 0, 0, 0, 0, 0, 0, 0, 0, 0, 0, 0, 0, 0, 0, 0, 0, 0, 0, 0, 0, 0, 0, 1, 0, 0, 1, 0, 0, 0, 0, 0, 0, 0, 0, 0, 0, 0, 0, 0, 0, 0, 1, 0, 0, 0, 0, 0, 0, 0, 0, 0, 0, 1, 0, 0, 1, 0, 0, 0, 0, 0, 0, 0, 0, 0, 1, 0, 0, 0, 0, 0, 0, 0, 0, 0, 0, 1, 1, 0, 0, 0, 0, 0, 0, 0, 0, 0, 0, 0, 0, 0, 0, 0, 0, 0, 0, 0, 0, 0, 0, 0, 0, 0, 0, 0, 0, 0, 0, 0, 0, 0, 1, 0, 0, 0, 0, 1, 0, 0, 0, 0, 0, 0, 0, 0, 0, 0, 0, 0, 0, 0, 0, 1, 0, 0, 0, 0, 0, 0, 0, 0, 0, 0, 0, 0, 0, 0, 0, 0, 0, 0, 0, 0, 0, 0, 0, 0, 0, 1, 0, 0, 0, 0, 0, 0, 0, 1, 0, 0, 0, 1, 0, 0, 0, 0, 0, 0, 0, 1, 0, 0, 0, 1, 0, 1, 0, 0, 0, 0, 0, 0, 0, 0, 0, 0, 0, 0, 0, 1, 0, 0, 0, 0, 0, 1, 0, 0, 0, 1, 0, 0, 0], "y-hat": [0.038, 0.064, 0.53, 0.012, 0.02, 0.072, 0.036, 0.514, 0.036, 0.006, 0.27, 0.768, 0.02, 0.33, 0.024, 0.014, 0.018, 0.016, 0.12, 0.016, 0.016, 0.126, 0.012, 0.04, 0.598, 0.062, 0.1, 0.016, 0.044, 0.012, 0.074, 0.026, 0.018, 0.068, 0.05, 0.038, 0.022, 0.176, 0.076, 0.012, 0.014, 0.132, 0.024, 0.02, 0.022, 0.028, 0.008, 0.726, 0.036, 0.022, 0.796, 0.746, 0.018, 0.016, 0.062, 0.044, 0.254, 0.02, 0.04, 0.094, 0.02, 0.074, 0.806, 0.03, 0.032, 0.172, 0.026, 0.072, 0.022, 0.022, 0.034, 0.046, 0.038, 0.612, 0.52, 0.06, 0.02, 0.012, 0.04, 0.016, 0.03, 0.022, 0.024, 0.014, 0.854, 0.018, 0.072, 0.028, 0.106, 0.032, 0.038, 0.022, 0.026, 0.012, 0.09, 0.034, 0.024, 0.016, 0.82, 0.05, 0.016, 0.008, 0.03, 0.032, 0.04, 0.038, 0.016, 0.046, 0.096, 0.006, 0.154, 0.024, 0.048, 0.02, 0.034, 0.022, 0.868, 0.094, 0.006, 0.024, 0.032, 0.072, 0.074, 0.006, 0.024, 0.036, 0.014, 0.012, 0.032, 0.038, 0.018, 0.058, 0.136, 0.028, 0.224, 0.358, 0.05, 0.036, 0.024, 0.024, 0.038, 0.028, 0.046, 0.016, 0.014, 0.036, 0.058, 0.042, 0.034, 0.03, 0.064, 0.104, 0.036, 0.022, 0.038, 0.136, 0.15, 0.03, 0.018, 0.008, 0.38, 0.09, 0.028, 0.606, 0.044, 0.024, 0.456, 0.13, 0.024, 0.008, 0.02, 0.29, 0.01, 0.078, 0.024, 0.028, 0.028, 0.038, 0.034, 0.782, 0.018, 0.05, 0.032, 0.016, 0.034, 0.058, 0.048, 0.024, 0.016, 0.124, 0.542, 0.03, 0.04, 0.232, 0.024, 0.02, 0.104, 0.188, 0.026, 0.032, 0.022, 0.096, 0.02, 0.052, 0.028, 0.016, 0.746, 0.046, 0.02, 0.03, 0.044, 0.058, 0.072, 0.044, 0.718, 0.26, 0.03, 0.018, 0.012, 0.02, 0.036, 0.022, 0.012, 0.026, 0.13, 0.02, 0.028, 0.038, 0.032, 0.042, 0.01, 0.022, 0.028, 0.018, 0.044, 0.034, 0.034, 0.064, 0.018, 0.058, 0.036, 0.02, 0.032, 0.014, 0.03, 0.024, 0.03, 0.022, 0.254, 0.044, 0.012, 0.016, 0.02, 0.052, 0.76, 0.032, 0.018, 0.068, 0.028, 0.024, 0.024, 0.022, 0.03, 0.016, 0.026, 0.196, 0.104, 0.014, 0.03, 0.028, 0.432, 0.028, 0.036, 0.04, 0.03, 0.1, 0.004, 0.094, 0.058, 0.018, 0.044, 0.022, 0.028, 0.036, 0.03, 0.04, 0.012, 0.022, 0.014, 0.038, 0.02, 0.02, 0.014, 0.022, 0.024, 0.03, 0.468, 0.03, 0.028, 0.02, 0.022, 0.018, 0.034, 0.022, 0.16, 0.026, 0.036, 0.03, 0.308, 0.078, 0.012, 0.152, 0.138, 0.618, 0.744, 0.528, 0.604, 0.042, 0.032, 0.028, 0.214, 0.062, 0.044, 0.042, 0.022, 0.182, 0.008, 0.03, 0.038, 0.008, 0.018, 0.054, 0.028, 0.034, 0.152, 0.372, 0.73, 0.05, 0.032, 0.026, 0.022, 0.078, 0.482, 0.036, 0.046, 0.046, 0.038, 0.008, 0.272, 0.002], "computation-time": 0.6340112686157227, "max-memory-usage": 32919987950}