{"auroc": 0.9168838421444527, "aupr": 0.7216590787617522, "y": [0, 0, 1, 0, 0, 0, 0, 0, 0, 0, 0, 1, 0, 0, 0, 0, 0, 0, 0, 0, 0, 0, 0, 0, 1, 0, 0, 0, 0, 0, 0, 0, 0, 0, 0, 0, 0, 0, 0, 0, 0, 0, 0, 0, 0, 0, 0, 1, 0, 0, 1, 1, 0, 0, 0, 0, 0, 0, 0, 0, 0, 0, 1, 0, 0, 0, 0, 0, 0, 0, 0, 0, 0, 0, 1, 0, 0, 0, 0, 0, 0, 0, 0, 0, 1, 0, 0, 0, 1, 0, 0, 0, 0, 0, 0, 0, 0, 0, 1, 0, 0, 0, 0, 0, 0, 0, 0, 0, 0, 0, 1, 0, 0, 0, 0, 0, 1, 0, 0, 0, 0, 0, 0, 0, 0, 0, 0, 0, 0, 0, 0, 0, 0, 0, 0, 1, 0, 0, 0, 0, 0, 0, 0, 0, 0, 0, 0, 0, 0, 0, 0, 0, 0, 0, 0, 0, 0, 0, 0, 0, 1, 0, 0, 1, 0, 0, 0, 0, 0, 0, 0, 0, 0, 0, 0, 0, 0, 0, 0, 1, 0, 0, 0, 0, 0, 0, 0, 0, 0, 0, 1, 0, 0, 1, 0, 0, 0, 0, 0, 0, 0, 0, 0, 1, 0, 0, 0, 0, 0, 0, 0, 0, 0, 0, 1, 1, 0, 0, 0, 0, 0, 0, 0, 0, 0, 0, 0, 0, 0, 0, 0, 0, 0, 0, 0, 0, 0, 0, 0, 0, 0, 0, 0, 0, 0, 0, 0, 0, 0, 1, 0, 0, 0, 0, 1, 0, 0, 0, 0, 0, 0, 0, 0, 0, 0, 0, 0, 0, 0, 0, 1, 0, 0, 0, 0, 0, 0, 0, 0, 0, 0, 0, 0, 0, 0, 0, 0, 0, 0, 0, 0, 0, 0, 0, 0, 0, 1, 0, 0, 0, 0, 0, 0, 0, 1, 0, 0, 0, 1, 0, 0, 0, 0, 0, 0, 0, 1, 0, 0, 0, 1, 0, 1, 0, 0, 0, 0, 0, 0, 0, 0, 0, 0, 0, 0, 0, 1, 0, 0, 0, 0, 0, 1, 0, 0, 0, 1, 0, 0, 0], "y-hat": [0.02, 0.064, 0.484, 0.024, 0.022, 0.064, 0.038, 0.57, 0.054, 0.006, 0.312, 0.77, 0.032, 0.304, 0.022, 0.032, 0.028, 0.016, 0.158, 0.016, 0.006, 0.15, 0.03, 0.044, 0.62, 0.064, 0.11, 0.028, 0.036, 0.016, 0.046, 0.014, 0.02, 0.054, 0.046, 0.028, 0.026, 0.166, 0.104, 0.018, 0.018, 0.128, 0.026, 0.028, 0.038, 0.032, 0.004, 0.736, 0.026, 0.018, 0.774, 0.72, 0.014, 0.018, 0.06, 0.04, 0.25, 0.024, 0.024, 0.086, 0.01, 0.084, 0.806, 0.028, 0.028, 0.214, 0.034, 0.056, 0.026, 0.028, 0.018, 0.04, 0.038, 0.606, 0.552, 0.054, 0.018, 0.014, 0.03, 0.024, 0.02, 0.016, 0.022, 0.02, 0.846, 0.026, 0.07, 0.018, 0.046, 0.044, 0.02, 0.024, 0.04, 0.018, 0.068, 0.014, 0.024, 0.02, 0.824, 0.036, 0.026, 0.016, 0.036, 0.058, 0.05, 0.064, 0.02, 0.06, 0.08, 0.02, 0.124, 0.018, 0.042, 0.03, 0.026, 0.02, 0.866, 0.09, 0.008, 0.02, 0.022, 0.098, 0.08, 0.004, 0.038, 0.028, 0.018, 0.01, 0.02, 0.036, 0.028, 0.072, 0.168, 0.02, 0.166, 0.342, 0.046, 0.036, 0.028, 0.028, 0.034, 0.018, 0.082, 0.022, 0.016, 0.044, 0.04, 0.034, 0.02, 0.04, 0.064, 0.1, 0.038, 0.05, 0.042, 0.124, 0.144, 0.028, 0.024, 0.014, 0.376, 0.094, 0.03, 0.594, 0.04, 0.046, 0.438, 0.172, 0.024, 0.024, 0.024, 0.272, 0.026, 0.066, 0.006, 0.032, 0.05, 0.022, 0.028, 0.78, 0.022, 0.062, 0.032, 0.024, 0.052, 0.062, 0.054, 0.016, 0.012, 0.116, 0.524, 0.026, 0.066, 0.224, 0.034, 0.018, 0.122, 0.212, 0.03, 0.046, 0.032, 0.09, 0.026, 0.034, 0.034, 0.016, 0.74, 0.044, 0.016, 0.026, 0.03, 0.05, 0.068, 0.04, 0.746, 0.272, 0.022, 0.052, 0.026, 0.03, 0.026, 0.046, 0.022, 0.022, 0.104, 0.044, 0.03, 0.048, 0.018, 0.05, 0.016, 0.042, 0.03, 0.016, 0.02, 0.038, 0.014, 0.04, 0.02, 0.054, 0.038, 0.026, 0.036, 0.014, 0.012, 0.038, 0.02, 0.028, 0.244, 0.03, 0.01, 0.026, 0.028, 0.038, 0.74, 0.026, 0.026, 0.054, 0.028, 0.04, 0.022, 0.022, 0.032, 0.012, 0.03, 0.212, 0.094, 0.018, 0.032, 0.03, 0.402, 0.032, 0.038, 0.024, 0.034, 0.12, 0.012, 0.112, 0.052, 0.02, 0.05, 0.022, 0.03, 0.032, 0.02, 0.038, 0.006, 0.024, 0.014, 0.022, 0.032, 0.008, 0.012, 0.016, 0.024, 0.034, 0.492, 0.038, 0.048, 0.014, 0.014, 0.028, 0.028, 0.012, 0.13, 0.016, 0.026, 0.034, 0.32, 0.034, 0.022, 0.188, 0.16, 0.654, 0.726, 0.53, 0.652, 0.03, 0.04, 0.046, 0.212, 0.078, 0.036, 0.034, 0.016, 0.14, 0.024, 0.03, 0.038, 0.01, 0.036, 0.052, 0.022, 0.036, 0.178, 0.41, 0.718, 0.024, 0.04, 0.032, 0.012, 0.068, 0.522, 0.038, 0.028, 0.042, 0.026, 0.022, 0.244, 0.008], "computation-time": 0.13347864151000977, "max-memory-usage": 32919987950}