{"auroc": 0.9467609828741624, "aupr": 0.7445778531128974, "y": [0, 0, 1, 0, 0, 0, 0, 0, 0, 0, 0, 1, 0, 0, 0, 0, 0, 0, 0, 0, 0, 0, 0, 0, 1, 0, 0, 0, 0, 0, 0, 0, 0, 0, 0, 0, 0, 0, 0, 0, 0, 0, 0, 0, 0, 0, 0, 1, 0, 0, 1, 1, 0, 0, 0, 0, 0, 0, 0, 0, 0, 0, 1, 0, 0, 0, 0, 0, 0, 0, 0, 0, 0, 0, 1, 0, 0, 0, 0, 0, 0, 0, 0, 0, 1, 0, 0, 0, 1, 0, 0, 0, 0, 0, 0, 0, 0, 0, 1, 0, 0, 0, 0, 0, 0, 0, 0, 0, 0, 0, 1, 0, 0, 0, 0, 0, 1, 0, 0, 0, 0, 0, 0, 0, 0, 0, 0, 0, 0, 0, 0, 0, 0, 0, 0, 1, 0, 0, 0, 0, 0, 0, 0, 0, 0, 0, 0, 0, 0, 0, 0, 0, 0, 0, 0, 0, 0, 0, 0, 0, 1, 0, 0, 1, 0, 0, 0, 0, 0, 0, 0, 0, 0, 0, 0, 0, 0, 0, 0, 1, 0, 0, 0, 0, 0, 0, 0, 0, 0, 0, 1, 0, 0, 1, 0, 0, 0, 0, 0, 0, 0, 0, 0, 1, 0, 0, 0, 0, 0, 0, 0, 0, 0, 0, 1, 1, 0, 0, 0, 0, 0, 0, 0, 0, 0, 0, 0, 0, 0, 0, 0, 0, 0, 0, 0, 0, 0, 0, 0, 0, 0, 0, 0, 0, 0, 0, 0, 0, 0, 1, 0, 0, 0, 0, 1, 0, 0, 0, 0, 0, 0, 0, 0, 0, 0, 0, 0, 0, 0, 0, 1, 0, 0, 0, 0, 0, 0, 0, 0, 0, 0, 0, 0, 0, 0, 0, 0, 0, 0, 0, 0, 0, 0, 0, 0, 0, 1, 0, 0, 0, 0, 0, 0, 0, 1, 0, 0, 0, 1, 0, 0, 0, 0, 0, 0, 0, 1, 0, 0, 0, 1, 0, 1, 0, 0, 0, 0, 0, 0, 0, 0, 0, 0, 0, 0, 0, 1, 0, 0, 0, 0, 0, 1, 0, 0, 0, 1, 0, 0, 0], "y-hat": [0.016, 0.05, 0.422, 0.018, 0.032, 0.074, 0.026, 0.516, 0.034, 0.024, 0.324, 0.8, 0.02, 0.33, 0.012, 0.026, 0.036, 0.016, 0.158, 0.026, 0.008, 0.148, 0.03, 0.036, 0.582, 0.032, 0.112, 0.034, 0.022, 0.026, 0.05, 0.03, 0.018, 0.072, 0.06, 0.022, 0.026, 0.21, 0.076, 0.018, 0.034, 0.094, 0.02, 0.02, 0.02, 0.04, 0.016, 0.766, 0.02, 0.022, 0.806, 0.756, 0.02, 0.014, 0.068, 0.054, 0.286, 0.032, 0.03, 0.072, 0.034, 0.048, 0.826, 0.024, 0.022, 0.238, 0.022, 0.078, 0.026, 0.024, 0.014, 0.048, 0.038, 0.588, 0.562, 0.078, 0.01, 0.018, 0.048, 0.018, 0.028, 0.004, 0.036, 0.024, 0.872, 0.024, 0.054, 0.008, 0.098, 0.044, 0.04, 0.02, 0.016, 0.004, 0.102, 0.02, 0.028, 0.03, 0.816, 0.046, 0.02, 0.016, 0.036, 0.036, 0.056, 0.05, 0.008, 0.054, 0.092, 0.028, 0.16, 0.01, 0.032, 0.032, 0.03, 0.022, 0.872, 0.062, 0.02, 0.028, 0.028, 0.09, 0.102, 0.014, 0.028, 0.036, 0.01, 0.01, 0.034, 0.056, 0.02, 0.066, 0.134, 0.04, 0.216, 0.358, 0.054, 0.032, 0.03, 0.03, 0.044, 0.024, 0.066, 0.026, 0.018, 0.056, 0.074, 0.04, 0.022, 0.032, 0.054, 0.098, 0.03, 0.022, 0.05, 0.114, 0.138, 0.018, 0.014, 0.01, 0.404, 0.108, 0.012, 0.598, 0.04, 0.018, 0.448, 0.144, 0.028, 0.014, 0.028, 0.268, 0.012, 0.082, 0.012, 0.026, 0.052, 0.04, 0.01, 0.818, 0.018, 0.074, 0.034, 0.018, 0.052, 0.064, 0.046, 0.02, 0.016, 0.118, 0.514, 0.03, 0.046, 0.204, 0.04, 0.028, 0.106, 0.216, 0.03, 0.044, 0.03, 0.072, 0.032, 0.052, 0.04, 0.018, 0.75, 0.028, 0.016, 0.02, 0.03, 0.06, 0.084, 0.056, 0.728, 0.286, 0.028, 0.036, 0.02, 0.032, 0.028, 0.038, 0.024, 0.022, 0.124, 0.038, 0.022, 0.036, 0.024, 0.074, 0.008, 0.028, 0.026, 0.012, 0.03, 0.046, 0.034, 0.042, 0.016, 0.062, 0.038, 0.036, 0.03, 0.026, 0.02, 0.044, 0.026, 0.012, 0.28, 0.044, 0.02, 0.03, 0.024, 0.046, 0.72, 0.024, 0.028, 0.056, 0.03, 0.038, 0.028, 0.01, 0.032, 0.022, 0.024, 0.206, 0.076, 0.022, 0.042, 0.044, 0.426, 0.04, 0.022, 0.026, 0.02, 0.126, 0.006, 0.092, 0.042, 0.022, 0.032, 0.028, 0.032, 0.026, 0.01, 0.026, 0.012, 0.022, 0.016, 0.04, 0.024, 0.012, 0.02, 0.014, 0.028, 0.032, 0.476, 0.024, 0.028, 0.012, 0.016, 0.032, 0.03, 0.022, 0.176, 0.032, 0.044, 0.03, 0.33, 0.052, 0.022, 0.156, 0.126, 0.672, 0.74, 0.512, 0.656, 0.032, 0.034, 0.042, 0.198, 0.08, 0.054, 0.052, 0.01, 0.172, 0.012, 0.03, 0.04, 0.016, 0.032, 0.05, 0.018, 0.018, 0.178, 0.418, 0.75, 0.026, 0.04, 0.032, 0.01, 0.08, 0.492, 0.04, 0.026, 0.05, 0.036, 0.02, 0.284, 0.006], "computation-time": 4.004850387573242, "max-memory-usage": 853831206}