{"auroc": 0.9310312732688013, "aupr": 0.7132055631266621, "y": [0, 0, 1, 0, 0, 0, 0, 0, 0, 0, 0, 1, 0, 0, 0, 0, 0, 0, 0, 0, 0, 0, 0, 0, 1, 0, 0, 0, 0, 0, 0, 0, 0, 0, 0, 0, 0, 0, 0, 0, 0, 0, 0, 0, 0, 0, 0, 1, 0, 0, 1, 1, 0, 0, 0, 0, 0, 0, 0, 0, 0, 0, 1, 0, 0, 0, 0, 0, 0, 0, 0, 0, 0, 0, 1, 0, 0, 0, 0, 0, 0, 0, 0, 0, 1, 0, 0, 0, 1, 0, 0, 0, 0, 0, 0, 0, 0, 0, 1, 0, 0, 0, 0, 0, 0, 0, 0, 0, 0, 0, 1, 0, 0, 0, 0, 0, 1, 0, 0, 0, 0, 0, 0, 0, 0, 0, 0, 0, 0, 0, 0, 0, 0, 0, 0, 1, 0, 0, 0, 0, 0, 0, 0, 0, 0, 0, 0, 0, 0, 0, 0, 0, 0, 0, 0, 0, 0, 0, 0, 0, 1, 0, 0, 1, 0, 0, 0, 0, 0, 0, 0, 0, 0, 0, 0, 0, 0, 0, 0, 1, 0, 0, 0, 0, 0, 0, 0, 0, 0, 0, 1, 0, 0, 1, 0, 0, 0, 0, 0, 0, 0, 0, 0, 1, 0, 0, 0, 0, 0, 0, 0, 0, 0, 0, 1, 1, 0, 0, 0, 0, 0, 0, 0, 0, 0, 0, 0, 0, 0, 0, 0, 0, 0, 0, 0, 0, 0, 0, 0, 0, 0, 0, 0, 0, 0, 0, 0, 0, 0, 1, 0, 0, 0, 0, 1, 0, 0, 0, 0, 0, 0, 0, 0, 0, 0, 0, 0, 0, 0, 0, 1, 0, 0, 0, 0, 0, 0, 0, 0, 0, 0, 0, 0, 0, 0, 0, 0, 0, 0, 0, 0, 0, 0, 0, 0, 0, 1, 0, 0, 0, 0, 0, 0, 0, 1, 0, 0, 0, 1, 0, 0, 0, 0, 0, 0, 0, 1, 0, 0, 0, 1, 0, 1, 0, 0, 0, 0, 0, 0, 0, 0, 0, 0, 0, 0, 0, 1, 0, 0, 0, 0, 0, 1, 0, 0, 0, 1, 0, 0, 0], "y-hat": [0.02, 0.092, 0.526, 0.02, 0.038, 0.084, 0.068, 0.496, 0.054, 0.018, 0.294, 0.746, 0.056, 0.444, 0.028, 0.044, 0.036, 0.046, 0.178, 0.024, 0.012, 0.186, 0.036, 0.062, 0.594, 0.05, 0.116, 0.058, 0.036, 0.022, 0.076, 0.028, 0.036, 0.106, 0.08, 0.046, 0.028, 0.234, 0.076, 0.02, 0.03, 0.15, 0.034, 0.038, 0.062, 0.05, 0.026, 0.774, 0.036, 0.046, 0.808, 0.774, 0.022, 0.028, 0.086, 0.066, 0.374, 0.036, 0.042, 0.08, 0.028, 0.078, 0.768, 0.046, 0.03, 0.24, 0.06, 0.128, 0.054, 0.034, 0.038, 0.054, 0.05, 0.608, 0.552, 0.11, 0.026, 0.03, 0.064, 0.024, 0.074, 0.03, 0.042, 0.026, 0.874, 0.028, 0.072, 0.03, 0.122, 0.048, 0.056, 0.054, 0.028, 0.01, 0.108, 0.036, 0.038, 0.03, 0.838, 0.074, 0.054, 0.034, 0.05, 0.068, 0.074, 0.056, 0.02, 0.076, 0.1, 0.04, 0.18, 0.018, 0.068, 0.036, 0.024, 0.04, 0.846, 0.102, 0.032, 0.022, 0.056, 0.118, 0.092, 0.012, 0.038, 0.044, 0.036, 0.016, 0.042, 0.04, 0.044, 0.072, 0.156, 0.038, 0.268, 0.368, 0.048, 0.038, 0.046, 0.038, 0.052, 0.028, 0.076, 0.046, 0.038, 0.054, 0.082, 0.092, 0.044, 0.038, 0.096, 0.124, 0.064, 0.042, 0.036, 0.12, 0.198, 0.04, 0.024, 0.024, 0.422, 0.128, 0.042, 0.556, 0.076, 0.042, 0.532, 0.208, 0.018, 0.022, 0.026, 0.244, 0.026, 0.106, 0.022, 0.032, 0.05, 0.03, 0.04, 0.802, 0.03, 0.104, 0.05, 0.032, 0.062, 0.1, 0.04, 0.046, 0.024, 0.212, 0.522, 0.032, 0.076, 0.336, 0.048, 0.024, 0.154, 0.222, 0.04, 0.056, 0.042, 0.124, 0.048, 0.052, 0.024, 0.024, 0.802, 0.04, 0.038, 0.028, 0.038, 0.076, 0.08, 0.068, 0.74, 0.288, 0.016, 0.054, 0.034, 0.036, 0.046, 0.05, 0.04, 0.046, 0.196, 0.052, 0.05, 0.04, 0.038, 0.078, 0.028, 0.064, 0.038, 0.024, 0.036, 0.064, 0.038, 0.048, 0.024, 0.074, 0.042, 0.026, 0.038, 0.034, 0.03, 0.05, 0.032, 0.044, 0.338, 0.074, 0.03, 0.032, 0.052, 0.062, 0.756, 0.032, 0.04, 0.102, 0.042, 0.046, 0.038, 0.054, 0.028, 0.01, 0.038, 0.206, 0.114, 0.034, 0.044, 0.038, 0.414, 0.044, 0.048, 0.036, 0.04, 0.166, 0.02, 0.148, 0.038, 0.052, 0.076, 0.03, 0.058, 0.034, 0.04, 0.064, 0.022, 0.036, 0.018, 0.042, 0.046, 0.026, 0.022, 0.042, 0.022, 0.052, 0.626, 0.03, 0.056, 0.024, 0.04, 0.046, 0.04, 0.034, 0.224, 0.038, 0.036, 0.04, 0.378, 0.092, 0.024, 0.182, 0.14, 0.696, 0.764, 0.62, 0.664, 0.054, 0.036, 0.048, 0.198, 0.084, 0.066, 0.084, 0.024, 0.184, 0.036, 0.064, 0.05, 0.022, 0.05, 0.044, 0.036, 0.042, 0.212, 0.474, 0.768, 0.034, 0.046, 0.04, 0.028, 0.08, 0.446, 0.032, 0.05, 0.086, 0.032, 0.016, 0.356, 0.018], "computation-time": 5182.2174243927, "max-memory-usage": 32919987950}