{"auroc": 0.9463886820551006, "aupr": 0.7506978680037641, "y": [0, 0, 1, 0, 0, 0, 0, 0, 0, 0, 0, 1, 0, 0, 0, 0, 0, 0, 0, 0, 0, 0, 0, 0, 1, 0, 0, 0, 0, 0, 0, 0, 0, 0, 0, 0, 0, 0, 0, 0, 0, 0, 0, 0, 0, 0, 0, 1, 0, 0, 1, 1, 0, 0, 0, 0, 0, 0, 0, 0, 0, 0, 1, 0, 0, 0, 0, 0, 0, 0, 0, 0, 0, 0, 1, 0, 0, 0, 0, 0, 0, 0, 0, 0, 1, 0, 0, 0, 1, 0, 0, 0, 0, 0, 0, 0, 0, 0, 1, 0, 0, 0, 0, 0, 0, 0, 0, 0, 0, 0, 1, 0, 0, 0, 0, 0, 1, 0, 0, 0, 0, 0, 0, 0, 0, 0, 0, 0, 0, 0, 0, 0, 0, 0, 0, 1, 0, 0, 0, 0, 0, 0, 0, 0, 0, 0, 0, 0, 0, 0, 0, 0, 0, 0, 0, 0, 0, 0, 0, 0, 1, 0, 0, 1, 0, 0, 0, 0, 0, 0, 0, 0, 0, 0, 0, 0, 0, 0, 0, 1, 0, 0, 0, 0, 0, 0, 0, 0, 0, 0, 1, 0, 0, 1, 0, 0, 0, 0, 0, 0, 0, 0, 0, 1, 0, 0, 0, 0, 0, 0, 0, 0, 0, 0, 1, 1, 0, 0, 0, 0, 0, 0, 0, 0, 0, 0, 0, 0, 0, 0, 0, 0, 0, 0, 0, 0, 0, 0, 0, 0, 0, 0, 0, 0, 0, 0, 0, 0, 0, 1, 0, 0, 0, 0, 1, 0, 0, 0, 0, 0, 0, 0, 0, 0, 0, 0, 0, 0, 0, 0, 1, 0, 0, 0, 0, 0, 0, 0, 0, 0, 0, 0, 0, 0, 0, 0, 0, 0, 0, 0, 0, 0, 0, 0, 0, 0, 1, 0, 0, 0, 0, 0, 0, 0, 1, 0, 0, 0, 1, 0, 0, 0, 0, 0, 0, 0, 1, 0, 0, 0, 1, 0, 1, 0, 0, 0, 0, 0, 0, 0, 0, 0, 0, 0, 0, 0, 1, 0, 0, 0, 0, 0, 1, 0, 0, 0, 1, 0, 0, 0], "y-hat": [0.018, 0.03, 0.54, 0.022, 0.032, 0.11, 0.03, 0.502, 0.046, 0.014, 0.312, 0.726, 0.032, 0.338, 0.026, 0.036, 0.036, 0.008, 0.14, 0.016, 0.008, 0.142, 0.016, 0.028, 0.624, 0.04, 0.11, 0.028, 0.026, 0.024, 0.074, 0.028, 0.01, 0.068, 0.046, 0.038, 0.038, 0.182, 0.074, 0.018, 0.026, 0.124, 0.018, 0.014, 0.028, 0.022, 0.016, 0.754, 0.028, 0.036, 0.796, 0.748, 0.016, 0.024, 0.054, 0.062, 0.272, 0.028, 0.032, 0.102, 0.018, 0.064, 0.816, 0.008, 0.03, 0.2, 0.02, 0.076, 0.034, 0.028, 0.022, 0.034, 0.048, 0.626, 0.544, 0.054, 0.01, 0.018, 0.034, 0.014, 0.042, 0.016, 0.032, 0.028, 0.838, 0.028, 0.054, 0.034, 0.11, 0.036, 0.036, 0.036, 0.048, 0.016, 0.086, 0.018, 0.026, 0.024, 0.814, 0.042, 0.022, 0.024, 0.054, 0.026, 0.034, 0.056, 0.016, 0.046, 0.086, 0.032, 0.146, 0.018, 0.044, 0.026, 0.022, 0.01, 0.866, 0.078, 0.034, 0.024, 0.026, 0.084, 0.068, 0.008, 0.03, 0.044, 0.014, 0.022, 0.04, 0.048, 0.028, 0.058, 0.144, 0.028, 0.188, 0.36, 0.028, 0.024, 0.022, 0.036, 0.04, 0.03, 0.042, 0.034, 0.01, 0.056, 0.046, 0.048, 0.018, 0.026, 0.084, 0.104, 0.042, 0.044, 0.034, 0.102, 0.148, 0.03, 0.018, 0.008, 0.37, 0.082, 0.034, 0.61, 0.044, 0.016, 0.478, 0.158, 0.038, 0.016, 0.026, 0.268, 0.02, 0.072, 0.01, 0.032, 0.028, 0.016, 0.02, 0.796, 0.022, 0.044, 0.046, 0.018, 0.044, 0.066, 0.038, 0.028, 0.026, 0.136, 0.51, 0.03, 0.04, 0.184, 0.032, 0.028, 0.118, 0.204, 0.042, 0.03, 0.034, 0.088, 0.028, 0.082, 0.024, 0.01, 0.736, 0.026, 0.028, 0.028, 0.036, 0.042, 0.092, 0.052, 0.712, 0.31, 0.032, 0.044, 0.016, 0.04, 0.016, 0.032, 0.02, 0.038, 0.11, 0.026, 0.034, 0.042, 0.032, 0.042, 0.016, 0.022, 0.028, 0.012, 0.046, 0.052, 0.03, 0.036, 0.016, 0.048, 0.04, 0.032, 0.048, 0.022, 0.018, 0.04, 0.036, 0.022, 0.216, 0.044, 0.006, 0.032, 0.036, 0.048, 0.718, 0.022, 0.022, 0.066, 0.042, 0.02, 0.022, 0.028, 0.018, 0.026, 0.022, 0.216, 0.074, 0.018, 0.03, 0.042, 0.42, 0.04, 0.026, 0.036, 0.026, 0.146, 0.012, 0.104, 0.04, 0.016, 0.046, 0.024, 0.038, 0.034, 0.032, 0.028, 0.004, 0.024, 0.02, 0.038, 0.022, 0.012, 0.022, 0.02, 0.014, 0.05, 0.49, 0.018, 0.024, 0.014, 0.024, 0.02, 0.034, 0.012, 0.158, 0.024, 0.028, 0.02, 0.35, 0.054, 0.012, 0.204, 0.118, 0.648, 0.706, 0.478, 0.616, 0.038, 0.026, 0.06, 0.214, 0.064, 0.046, 0.048, 0.018, 0.152, 0.018, 0.03, 0.052, 0.012, 0.036, 0.026, 0.032, 0.022, 0.142, 0.406, 0.708, 0.038, 0.036, 0.04, 0.018, 0.06, 0.466, 0.04, 0.024, 0.05, 0.032, 0.0, 0.244, 0.008], "computation-time": 700.9663348197937, "max-memory-usage": 32919987950}