{"auroc": 0.6057364333333333, "aupr": 0.1355621628300334}