{"auroc": 0.5979155611111111, "aupr": 0.1366057918499432}