{"auroc": 0.9901181888888887, "aupr": 0.9350248316001155}