{"auroc": 0.6660869666666667, "aupr": 0.17181514632837866}