{"auroc": 0.6550571000000001, "aupr": 0.17037353603528285}