{"auroc": 0.9953240000000001, "aupr": 0.9952264217997842, "y": [1, 1, 0, 1, 1, 0, 0, 0, 0, 0, 1, 1, 0, 1, 0, 1, 1, 1, 1, 1, 0, 1, 1, 1, 1, 0, 1, 1, 0, 1, 1, 1, 0, 1, 1, 1, 0, 1, 0, 0, 1, 0, 1, 1, 0, 0, 1, 0, 1, 0, 0, 0, 0, 0, 1, 1, 0, 0, 0, 1, 1, 0, 0, 1, 0, 0, 1, 1, 1, 1, 0, 0, 0, 1, 1, 1, 0, 0, 1, 1, 0, 1, 1, 1, 0, 1, 0, 1, 0, 1, 1, 0, 0, 0, 1, 0, 1, 0, 0, 1, 0, 0, 1, 1, 1, 1, 0, 1, 1, 0, 1, 0, 1, 0, 1, 1, 0, 0, 0, 1, 0, 1, 0, 1, 0, 0, 1, 0, 0, 0, 0, 0, 0, 1, 0, 1, 1, 1, 0, 1, 1, 1, 0, 1, 1, 1, 0, 1, 1, 0, 1, 0, 1, 1, 1, 0, 1, 0, 1, 0, 1, 0, 1, 0, 1, 0, 0, 0, 1, 1, 1, 1, 0, 0, 1, 1, 1, 1, 1, 0, 0, 1, 0, 0, 0, 1, 0, 1, 1, 0, 1, 1, 1, 0, 1, 0, 0, 0, 1, 1, 1, 1, 0, 1, 0, 0, 1, 0, 1, 0, 1, 0, 1, 1, 0, 0, 1, 0, 1, 0, 1, 1, 0, 1, 0, 0, 1, 1, 0, 0, 0, 0, 1, 0, 0, 0, 0, 1, 0, 1, 1, 0, 0, 0, 0, 1, 1, 1, 1, 1, 1, 1, 1, 0, 1, 0, 1, 1, 0, 1, 1, 0, 0, 1, 0, 1, 0, 1, 1, 1, 0, 0, 1, 1, 0, 0, 0, 1, 1, 1, 1, 1, 0, 1, 0, 0, 0, 1, 0, 1, 0, 0, 1, 1, 0, 1, 1, 1, 1, 0, 1, 1, 0, 0, 0, 0, 0, 1, 1, 1, 1, 1, 0, 0, 1, 1, 0, 0, 1, 0, 0, 0, 1, 0, 1, 0, 1, 0, 0, 0, 1, 0, 0, 1, 0, 1, 1, 0, 1, 1, 1, 1, 0, 0, 0, 1, 1, 1, 1, 0, 1, 0, 1, 0, 0, 0, 1, 1, 0, 1, 1, 1, 1, 0, 1, 0, 1, 1, 0, 1, 0, 0, 1, 1, 0, 0, 0, 1, 1, 0, 1, 1, 1, 0, 1, 0, 0, 0, 1, 0, 0, 1, 1, 0, 0, 0, 1, 0, 1, 1, 1, 1, 0, 1, 1, 0, 0, 0, 0, 0, 0, 1, 0, 0, 0, 1, 0, 0, 0, 0, 1, 1, 1, 0, 1, 0, 1, 1, 0, 0, 1, 0, 0, 1, 0, 1, 1, 1, 1, 1, 0, 0, 0, 1, 1, 1, 1, 0, 0, 0, 0, 1, 0, 1, 0, 1, 0, 0, 1, 0, 0, 1, 0, 0, 1, 1, 1, 0, 1, 0, 1, 0, 0, 1, 1, 1, 1, 0, 0, 1, 1, 1, 0, 0, 1, 1, 0, 1, 1, 0, 0, 1, 1, 0, 0, 1, 1, 1, 1, 0, 1, 1, 0, 0, 1, 0, 0, 1, 0, 1, 0, 1, 1, 1, 0, 0, 0, 0, 0, 0, 1, 0, 1, 1, 1, 0, 0, 1, 1, 1, 0, 0, 1, 0, 1, 1, 0, 1, 0, 1, 0, 1, 0, 0, 0, 0, 1, 1, 1, 1, 1, 0, 0, 0, 1, 0, 1, 1, 0, 1, 1, 1, 1, 0, 0, 1, 0, 0, 0, 0, 1, 1, 0, 1, 1, 1, 1, 1, 1, 0, 0, 0, 0, 0, 1, 0, 0, 0, 1, 1, 1, 0, 0, 0, 0, 1, 0, 1, 1, 0, 1, 1, 0, 1, 0, 0, 0, 0, 1, 1, 0, 1, 1, 0, 1, 0, 0, 0, 0, 1, 0, 0, 0, 0, 1, 1, 1, 0, 0, 0, 0, 1, 1, 0, 1, 1, 0, 1, 1, 1, 0, 1, 0, 0, 1, 0, 0, 1, 0, 1, 0, 0, 0, 1, 0, 0, 0, 0, 0, 1, 1, 1, 1, 0, 0, 0, 1, 0, 0, 1, 0, 0, 1, 1, 0, 0, 0, 1, 0, 1, 0, 1, 0, 1, 1, 0, 1, 1, 1, 1, 1, 0, 1, 1, 0, 0, 0, 0, 1, 0, 1, 0, 0, 1, 0, 0, 1, 1, 0, 0, 1, 1, 0, 0, 1, 0, 0, 0, 0, 1, 1, 1, 1, 1, 1, 1, 0, 0, 1, 0, 1, 1, 1, 1, 0, 0, 0, 1, 1, 1, 0, 0, 0, 0, 1, 0, 1, 0, 1, 0, 0, 1, 0, 1, 0, 1, 1, 0, 1, 1, 1, 0, 1, 0, 1, 1, 0, 1, 0, 0, 0, 0, 1, 1, 0, 1, 0, 1, 1, 0, 0, 0, 0, 0, 0, 1, 0, 0, 0, 0, 0, 0, 1, 0, 1, 0, 1, 1, 0, 1, 0, 1, 0, 0, 0, 1, 1, 1, 0, 0, 0, 1, 0, 1, 1, 1, 0, 0, 0, 1, 1, 0, 1, 1, 0, 0, 1, 0, 0, 1, 0, 1, 0, 1, 1, 1, 0, 0, 0, 1, 1, 0, 0, 1, 1, 1, 0, 0, 1, 0, 0, 0, 1, 0, 1, 0, 0, 1, 1, 1, 0, 1, 0, 0, 0, 1, 1, 0, 1, 1, 1, 0, 0, 1, 0, 1, 0, 0, 1, 1, 0, 0, 0, 1, 1, 1, 0, 1, 1, 1, 0, 0, 1, 1, 0, 1, 1, 0, 0, 0, 0, 0, 0, 0, 1, 0, 0, 0, 1, 0, 1, 1, 1, 1, 0, 0, 0, 0, 1, 1, 1, 1, 1, 0, 1, 0, 1, 0, 0, 0, 0, 0, 0, 0, 1, 0, 1, 1, 1, 0, 0, 0, 0, 1, 0, 1, 0, 1, 0, 1, 0, 1, 0, 0, 1, 1, 0, 1, 1, 1, 0, 1, 0, 1, 1, 0, 1, 1, 1, 0, 0, 1, 0, 1, 0, 0, 0, 1, 1, 1, 1, 1, 0, 1, 0, 0, 1, 1, 1, 0, 0, 1, 0, 1, 0, 0, 1, 1, 0, 0], "y-hat": [0.432, 0.996, 0.054, 0.992, 0.994, 0.006, 0.006, 0.034, 0.02, 0.03, 0.982, 0.954, 0.164, 0.998, 0.126, 0.964, 0.942, 0.978, 0.984, 0.998, 0.076, 0.992, 0.992, 0.96, 0.978, 0.026, 0.992, 0.998, 0.128, 0.662, 0.66, 0.672, 0.104, 0.974, 0.816, 0.996, 0.232, 0.996, 0.172, 0.046, 0.994, 0.022, 0.998, 1.0, 0.06, 0.036, 0.992, 0.27, 0.8, 0.124, 0.186, 0.042, 0.022, 0.012, 0.922, 0.99, 0.19, 0.094, 0.536, 0.988, 0.99, 0.006, 0.008, 0.942, 0.162, 0.11, 0.996, 0.988, 0.968, 0.894, 0.126, 0.194, 0.142, 0.998, 0.66, 0.99, 0.118, 0.052, 0.99, 0.998, 0.076, 0.998, 0.59, 0.966, 0.334, 0.972, 0.132, 1.0, 0.146, 0.982, 0.952, 0.7, 0.092, 0.014, 1.0, 0.056, 1.0, 0.072, 0.418, 0.986, 0.066, 0.122, 0.648, 0.996, 0.998, 0.794, 0.018, 0.97, 0.984, 0.008, 0.664, 0.12, 0.702, 0.076, 0.878, 1.0, 0.002, 0.014, 0.06, 0.874, 0.03, 0.966, 0.296, 0.622, 0.1, 0.042, 0.996, 0.016, 0.012, 0.212, 0.198, 0.084, 0.046, 0.678, 0.018, 0.994, 0.826, 0.984, 0.014, 0.98, 1.0, 0.83, 0.062, 0.998, 0.93, 0.846, 0.052, 0.962, 0.906, 0.006, 0.996, 0.054, 0.966, 0.99, 0.912, 0.08, 0.988, 0.034, 0.972, 0.058, 0.996, 0.148, 0.994, 0.148, 0.376, 0.028, 0.184, 0.056, 0.992, 0.996, 0.9, 0.81, 0.024, 0.156, 0.928, 0.984, 0.958, 0.722, 0.992, 0.022, 0.018, 0.986, 0.212, 0.148, 0.076, 0.992, 0.93, 0.994, 0.998, 0.194, 0.996, 0.462, 0.996, 0.01, 0.928, 0.132, 0.014, 0.014, 1.0, 1.0, 0.908, 0.992, 0.03, 0.988, 0.096, 0.122, 0.994, 0.014, 0.998, 0.156, 0.85, 0.076, 0.994, 1.0, 0.06, 0.04, 0.772, 0.008, 0.99, 0.09, 0.884, 0.642, 0.018, 0.996, 0.018, 0.1, 0.994, 0.622, 0.146, 0.458, 0.002, 0.034, 0.992, 0.008, 0.044, 0.026, 0.076, 0.968, 0.108, 0.796, 0.83, 0.238, 0.01, 0.008, 0.016, 0.476, 0.632, 0.394, 0.998, 0.996, 0.89, 0.994, 0.988, 0.058, 0.996, 0.028, 0.968, 0.89, 0.074, 0.99, 0.998, 0.072, 0.044, 0.496, 0.07, 0.988, 0.06, 0.992, 0.976, 0.454, 0.038, 0.01, 0.656, 0.646, 0.02, 0.01, 0.13, 0.93, 0.992, 0.978, 0.942, 0.818, 0.012, 0.99, 0.068, 0.196, 0.052, 0.878, 0.006, 1.0, 0.006, 0.152, 0.362, 0.974, 0.012, 0.992, 0.944, 0.562, 1.0, 0.15, 0.976, 1.0, 0.112, 0.104, 0.008, 0.204, 0.03, 0.756, 0.424, 0.776, 0.986, 1.0, 0.01, 0.026, 0.68, 0.996, 0.018, 0.022, 0.996, 0.18, 0.018, 0.14, 0.994, 0.114, 0.802, 0.006, 0.728, 0.93, 0.128, 0.164, 0.882, 0.06, 0.02, 0.622, 0.022, 0.99, 0.972, 0.284, 0.99, 0.98, 0.992, 0.978, 0.336, 0.112, 0.038, 0.6, 0.97, 0.988, 0.984, 0.054, 0.924, 0.028, 0.886, 0.056, 0.028, 0.114, 0.988, 0.952, 0.852, 0.45, 0.976, 0.996, 0.992, 0.212, 0.948, 0.056, 0.18, 0.992, 0.12, 0.952, 0.122, 0.026, 0.74, 0.694, 0.122, 0.054, 0.006, 0.998, 1.0, 0.068, 0.722, 0.994, 0.994, 0.126, 0.75, 0.048, 0.09, 0.44, 0.906, 0.246, 0.124, 0.952, 1.0, 0.058, 0.044, 0.082, 0.982, 0.016, 0.648, 0.996, 0.994, 0.988, 0.034, 0.97, 0.966, 0.364, 0.024, 0.34, 0.292, 0.326, 0.016, 0.938, 0.106, 0.02, 0.484, 0.982, 0.42, 0.038, 0.044, 0.03, 1.0, 0.958, 1.0, 0.092, 0.976, 0.008, 1.0, 0.996, 0.014, 0.154, 0.536, 0.076, 0.036, 0.702, 0.05, 0.922, 0.998, 0.998, 0.996, 0.986, 0.066, 0.18, 0.014, 0.984, 0.996, 0.96, 0.672, 0.006, 0.05, 0.03, 0.142, 0.98, 0.04, 0.91, 0.242, 0.772, 0.06, 0.012, 0.998, 0.058, 0.04, 0.916, 0.472, 0.072, 0.992, 0.788, 0.998, 0.024, 0.946, 0.016, 0.996, 0.01, 0.074, 0.932, 0.988, 0.984, 0.968, 0.094, 0.038, 0.84, 0.982, 0.784, 0.144, 0.01, 0.996, 0.878, 0.142, 0.708, 0.976, 0.03, 0.006, 0.586, 0.73, 0.02, 0.016, 0.986, 0.628, 0.966, 0.984, 0.09, 0.67, 0.992, 0.022, 0.006, 0.49, 0.056, 0.04, 0.884, 0.254, 0.908, 0.058, 0.978, 0.974, 0.078, 0.01, 0.036, 0.074, 0.05, 0.01, 0.046, 0.236, 0.006, 0.636, 0.986, 0.386, 0.052, 0.128, 0.996, 0.56, 0.982, 0.184, 0.12, 0.85, 0.17, 0.686, 0.99, 0.19, 0.99, 0.04, 0.846, 0.186, 0.868, 0.004, 0.04, 0.176, 0.078, 0.98, 0.996, 0.992, 0.918, 0.986, 0.04, 0.02, 0.03, 0.91, 0.116, 1.0, 0.888, 0.038, 0.978, 0.962, 1.0, 0.996, 0.024, 0.028, 0.808, 0.028, 0.048, 0.02, 0.104, 0.796, 0.86, 0.12, 0.99, 0.986, 0.172, 0.994, 0.606, 0.954, 0.01, 0.072, 0.004, 0.06, 0.38, 0.742, 0.028, 0.074, 0.014, 0.99, 0.988, 1.0, 0.186, 0.162, 0.052, 0.052, 0.904, 0.1, 0.894, 0.996, 0.064, 0.428, 0.842, 0.03, 0.684, 0.008, 0.152, 0.006, 0.25, 0.992, 0.984, 0.366, 0.994, 0.998, 0.014, 0.978, 0.06, 0.014, 0.104, 0.028, 0.562, 0.078, 0.188, 0.112, 0.274, 0.944, 0.772, 0.998, 0.016, 0.032, 0.142, 0.074, 0.986, 0.796, 0.098, 0.996, 0.976, 0.08, 0.99, 0.964, 0.98, 0.146, 0.984, 0.186, 0.322, 0.396, 0.008, 0.038, 0.758, 0.21, 1.0, 0.02, 0.086, 0.136, 0.884, 0.004, 0.006, 0.184, 0.048, 0.02, 0.966, 0.982, 0.99, 0.914, 0.07, 0.114, 0.034, 0.994, 0.046, 0.116, 0.998, 0.112, 0.206, 0.99, 0.942, 0.056, 0.034, 0.142, 0.998, 0.054, 0.712, 0.068, 0.794, 0.156, 0.998, 0.94, 0.014, 0.936, 0.344, 0.982, 0.846, 0.938, 0.006, 0.988, 0.998, 0.034, 0.032, 0.02, 0.036, 0.978, 0.092, 0.982, 0.006, 0.028, 0.996, 0.052, 0.094, 0.764, 0.99, 0.05, 0.188, 0.978, 1.0, 0.114, 0.092, 0.972, 0.056, 0.114, 0.004, 0.08, 0.992, 0.998, 1.0, 1.0, 0.98, 0.952, 0.74, 0.092, 0.226, 0.996, 0.07, 0.956, 0.924, 