{"auroc": 0.9948980000000001, "aupr": 0.994630217528176, "y": [1, 1, 0, 1, 1, 0, 0, 0, 0, 0, 1, 1, 0, 1, 0, 1, 1, 1, 1, 1, 0, 1, 1, 1, 1, 0, 1, 1, 0, 1, 1, 1, 0, 1, 1, 1, 0, 1, 0, 0, 1, 0, 1, 1, 0, 0, 1, 0, 1, 0, 0, 0, 0, 0, 1, 1, 0, 0, 0, 1, 1, 0, 0, 1, 0, 0, 1, 1, 1, 1, 0, 0, 0, 1, 1, 1, 0, 0, 1, 1, 0, 1, 1, 1, 0, 1, 0, 1, 0, 1, 1, 0, 0, 0, 1, 0, 1, 0, 0, 1, 0, 0, 1, 1, 1, 1, 0, 1, 1, 0, 1, 0, 1, 0, 1, 1, 0, 0, 0, 1, 0, 1, 0, 1, 0, 0, 1, 0, 0, 0, 0, 0, 0, 1, 0, 1, 1, 1, 0, 1, 1, 1, 0, 1, 1, 1, 0, 1, 1, 0, 1, 0, 1, 1, 1, 0, 1, 0, 1, 0, 1, 0, 1, 0, 1, 0, 0, 0, 1, 1, 1, 1, 0, 0, 1, 1, 1, 1, 1, 0, 0, 1, 0, 0, 0, 1, 0, 1, 1, 0, 1, 1, 1, 0, 1, 0, 0, 0, 1, 1, 1, 1, 0, 1, 0, 0, 1, 0, 1, 0, 1, 0, 1, 1, 0, 0, 1, 0, 1, 0, 1, 1, 0, 1, 0, 0, 1, 1, 0, 0, 0, 0, 1, 0, 0, 0, 0, 1, 0, 1, 1, 0, 0, 0, 0, 1, 1, 1, 1, 1, 1, 1, 1, 0, 1, 0, 1, 1, 0, 1, 1, 0, 0, 1, 0, 1, 0, 1, 1, 1, 0, 0, 1, 1, 0, 0, 0, 1, 1, 1, 1, 1, 0, 1, 0, 0, 0, 1, 0, 1, 0, 0, 1, 1, 0, 1, 1, 1, 1, 0, 1, 1, 0, 0, 0, 0, 0, 1, 1, 1, 1, 1, 0, 0, 1, 1, 0, 0, 1, 0, 0, 0, 1, 0, 1, 0, 1, 0, 0, 0, 1, 0, 0, 1, 0, 1, 1, 0, 1, 1, 1, 1, 0, 0, 0, 1, 1, 1, 1, 0, 1, 0, 1, 0, 0, 0, 1, 1, 0, 1, 1, 1, 1, 0, 1, 0, 1, 1, 0, 1, 0, 0, 1, 1, 0, 0, 0, 1, 1, 0, 1, 1, 1, 0, 1, 0, 0, 0, 1, 0, 0, 1, 1, 0, 0, 0, 1, 0, 1, 1, 1, 1, 0, 1, 1, 0, 0, 0, 0, 0, 0, 1, 0, 0, 0, 1, 0, 0, 0, 0, 1, 1, 1, 0, 1, 0, 1, 1, 0, 0, 1, 0, 0, 1, 0, 1, 1, 1, 1, 1, 0, 0, 0, 1, 1, 1, 1, 0, 0, 0, 0, 1, 0, 1, 0, 1, 0, 0, 1, 0, 0, 1, 0, 0, 1, 1, 1, 0, 1, 0, 1, 0, 0, 1, 1, 1, 1, 0, 0, 1, 1, 1, 0, 0, 1, 1, 0, 1, 1, 0, 0, 1, 1, 0, 0, 1, 1, 1, 1, 0, 1, 1, 0, 0, 1, 0, 0, 1, 0, 1, 0, 1, 1, 1, 0, 0, 0, 0, 0, 0, 1, 0, 1, 1, 1, 0, 0, 1, 1, 1, 0, 0, 1, 0, 1, 1, 0, 1, 0, 1, 0, 1, 0, 0, 0, 0, 1, 1, 1, 1, 1, 0, 0, 0, 1, 0, 1, 1, 0, 1, 1, 1, 1, 0, 0, 1, 0, 0, 0, 0, 1, 1, 0, 1, 1, 1, 1, 1, 1, 0, 0, 0, 0, 0, 1, 0, 0, 0, 1, 1, 1, 0, 0, 0, 0, 1, 0, 1, 1, 0, 1, 1, 0, 1, 0, 0, 0, 0, 1, 1, 0, 1, 1, 0, 1, 0, 0, 0, 0, 1, 0, 0, 0, 0, 1, 1, 1, 0, 0, 0, 0, 1, 1, 0, 1, 1, 0, 1, 1, 1, 0, 1, 0, 0, 1, 0, 0, 1, 0, 1, 0, 0, 0, 1, 0, 0, 0, 0, 0, 1, 1, 1, 1, 0, 0, 0, 1, 0, 0, 1, 0, 0, 1, 1, 0, 0, 0, 1, 0, 1, 0, 1, 0, 1, 1, 0, 1, 1, 1, 1, 1, 0, 1, 1, 0, 0, 0, 0, 1, 0, 1, 0, 0, 1, 0, 0, 1, 1, 0, 0, 1, 1, 0, 0, 1, 0, 0, 0, 0, 1, 1, 1, 1, 1, 1, 1, 0, 0, 1, 0, 1, 1, 1, 1, 0, 0, 0, 1, 1, 1, 0, 0, 0, 0, 1, 0, 1, 0, 1, 0, 0, 1, 0, 1, 0, 1, 1, 0, 1, 1, 1, 0, 1, 0, 1, 1, 0, 1, 0, 0, 0, 0, 1, 1, 0, 1, 0, 1, 1, 0, 0, 0, 0, 0, 0, 1, 0, 0, 0, 0, 0, 0, 1, 0, 1, 0, 1, 1, 0, 1, 0, 1, 0, 0, 0, 1, 1, 1, 0, 0, 0, 1, 0, 1, 1, 1, 0, 0, 0, 1, 1, 0, 1, 1, 0, 0, 1, 0, 0, 1, 0, 1, 0, 1, 1, 1, 0, 0, 0, 1, 1, 0, 0, 1, 1, 1, 0, 0, 1, 0, 0, 0, 1, 0, 1, 0, 0, 1, 1, 1, 0, 1, 0, 0, 0, 1, 1, 0, 1, 1, 1, 0, 0, 1, 0, 1, 0, 0, 1, 1, 0, 0, 0, 1, 1, 1, 0, 1, 1, 1, 0, 0, 1, 1, 0, 1, 1, 0, 0, 0, 0, 0, 0, 0, 1, 0, 0, 0, 1, 0, 1, 1, 1, 1, 0, 0, 0, 0, 1, 1, 1, 1, 1, 0, 1, 0, 1, 0, 0, 0, 0, 0, 0, 0, 1, 0, 1, 1, 1, 0, 0, 0, 0, 1, 0, 1, 0, 1, 0, 1, 0, 1, 0, 0, 1, 1, 0, 1, 1, 1, 0, 1, 0, 1, 1, 0, 1, 1, 1, 0, 0, 1, 0, 1, 0, 0, 0, 1, 1, 1, 1, 1, 0, 1, 0, 0, 1, 1, 1, 0, 0, 1, 0, 1, 0, 0, 1, 1, 0, 0], "y-hat": [0.454, 0.996, 0.098, 0.988, 0.986, 0.026, 0.004, 0.032, 0.01, 0.048, 0.978, 0.932, 0.168, 0.986, 0.17, 0.948, 0.976, 0.954, 0.988, 0.994, 0.056, 0.998, 0.99, 0.97, 0.958, 0.042, 0.984, 0.996, 0.158, 0.678, 0.632, 0.636, 0.108, 0.972, 0.848, 0.994, 0.196, 0.996, 0.144, 0.032, 1.0, 0.02, 0.98, 1.0, 0.042, 0.032, 0.984, 0.296, 0.764, 0.124, 0.208, 0.056, 0.038, 0.01, 0.918, 0.984, 0.184, 0.09, 0.426, 0.968, 0.992, 0.022, 0.012, 0.946, 0.226, 0.104, 0.992, 0.982, 0.988, 0.874, 0.188, 0.162, 0.198, 0.996, 0.692, 0.988, 0.158, 0.054, 0.99, 0.998, 0.068, 0.994, 0.608, 0.976, 0.348, 0.974, 0.138, 0.992, 0.194, 0.962, 0.93, 0.774, 0.078, 0.032, 0.99, 0.092, 1.0, 0.07, 0.406, 0.996, 0.108, 0.106, 0.608, 0.994, 0.998, 0.828, 0.014, 0.974, 0.96, 0.014, 0.606, 0.116, 0.704, 0.086, 0.806, 1.0, 0.01, 0.012, 0.086, 0.82, 0.034, 0.968, 0.244, 0.69, 0.036, 0.044, 0.98, 0.038, 0.03, 0.244, 0.23, 0.098, 0.066, 0.652, 0.03, 0.974, 0.838, 0.994, 0.024, 0.984, 0.998, 0.824, 0.058, 0.994, 0.95, 0.844, 0.064, 0.966, 0.902, 0.02, 0.984, 0.052, 0.952, 0.974, 0.94, 0.092, 0.982, 0.044, 0.96, 0.068, 0.998, 0.116, 0.972, 0.128, 0.318, 0.056, 0.142, 0.046, 0.992, 0.99, 0.936, 0.792, 0.028, 0.202, 0.964, 0.988, 0.944, 0.686, 0.98, 0.066, 0.022, 0.98, 0.2, 0.14, 0.102, 0.992, 0.936, 0.986, 0.986, 0.214, 0.998, 0.43, 0.996, 0.016, 0.914, 0.12, 0.022, 0.002, 0.994, 0.994, 0.858, 0.976, 0.054, 0.988, 0.08, 0.148, 0.992, 0.022, 1.0, 0.14, 0.792, 0.094, 0.99, 0.998, 0.048, 0.062, 0.774, 0.02, 0.984, 0.13, 0.866, 0.576, 0.036, 0.99, 0.028, 0.114, 0.994, 0.662, 0.174, 0.476, 0.014, 0.018, 0.984, 0.018, 0.042, 0.046, 0.044, 0.966, 0.09, 0.812, 0.808, 0.23, 0.02, 0.014, 0.016, 0.46, 0.606, 0.336, 0.986, 0.99, 0.972, 0.992, 0.988, 0.058, 0.992, 0.052, 0.976, 0.876, 0.096, 0.982, 0.992, 0.108, 0.048, 0.504, 0.106, 0.996, 0.054, 0.98, 0.952, 0.406, 0.044, 0.02, 0.614, 0.648, 0.028, 0.02, 0.084, 0.88, 0.99, 0.976, 0.948, 0.828, 0.038, 0.976, 0.062, 0.15, 0.088, 0.862, 0.032, 0.998, 0.01, 0.09, 0.358, 0.968, 0.006, 0.992, 0.934, 0.766, 0.99, 0.208, 0.958, 0.998, 0.16, 0.108, 0.012, 0.17, 0.03, 0.76, 0.406, 0.728, 0.986, 0.994, 0.036, 0.04, 0.682, 0.992, 0.034, 0.042, 0.998, 0.186, 0.03, 0.184, 0.994, 0.126, 0.762, 0.03, 0.75, 0.896, 0.142, 0.252, 0.892, 0.03, 0.04, 0.58, 0.012, 0.99, 0.98, 0.362, 0.99, 0.986, 0.982, 0.986, 0.382, 0.114, 0.034, 0.558, 0.986, 0.984, 0.976, 0.052, 0.896, 0.062, 0.876, 0.092, 0.036, 0.172, 0.992, 0.972, 0.902, 0.452, 0.964, 0.996, 0.99, 0.124, 0.954, 0.058, 0.184, 0.992, 0.07, 0.918, 0.108, 0.032, 0.744, 0.692, 0.116, 0.038, 0.01, 1.0, 0.992, 0.068, 0.742, 0.984, 0.992, 0.116, 0.686, 0.052, 0.06, 0.482, 0.878, 0.312, 0.138, 0.956, 0.992, 0.078, 0.042, 0.09, 0.972, 0.022, 0.706, 0.994, 0.996, 0.988, 0.046, 0.97, 0.97, 0.354, 0.02, 0.356, 0.302, 0.37, 0.018, 0.954, 0.112, 0.018, 0.606, 0.99, 0.454, 0.044, 0.05, 0.026, 0.99, 0.922, 0.99, 0.104, 0.96, 0.014, 1.0, 0.998, 0.014, 0.162, 0.518, 0.078, 0.036, 0.688, 0.07, 0.878, 0.994, 0.998, 0.994, 0.98, 0.09, 0.236, 0.03, 0.984, 0.99, 0.962, 0.648, 0.03, 0.11, 0.038, 0.172, 0.992, 0.052, 0.912, 0.286, 0.792, 0.068, 0.022, 0.994, 0.064, 0.044, 0.862, 0.484, 0.076, 0.99, 0.82, 0.996, 0.042, 0.944, 0.024, 0.992, 0.02, 0.062, 0.928, 0.966, 0.974, 0.986, 0.108, 0.064, 0.812, 0.978, 0.738, 0.196, 0.024, 0.992, 0.874, 0.17, 0.678, 0.988, 0.052, 0.014, 0.608, 0.812, 0.026, 0.032, 0.984, 0.584, 0.962, 0.98, 0.078, 0.626, 0.988, 0.02, 0.022, 0.462, 0.042, 0.076, 0.864, 0.31, 0.866, 0.05, 0.978, 0.958, 0.112, 0.018, 0.046, 0.084, 0.042, 0.018, 0.056, 0.26, 0.016, 0.612, 0.978, 0.406, 0.068, 0.172, 0.994, 0.506, 0.986, 0.146, 0.082, 0.812, 0.208, 0.638, 0.982, 0.186, 0.996, 0.032, 0.86, 0.148, 0.846, 0.01, 0.056, 0.15, 0.078, 0.97, 0.994, 0.992, 0.904, 0.978, 0.052, 0.04, 0.06, 0.922, 0.116, 0.956, 0.862, 0.052, 0.986, 0.95, 0.982, 0.984, 0.03, 0.038, 0.82, 0.042, 0.066, 0.046, 0.128, 0.842, 0.868, 0.086, 0.982, 0.99, 0.188, 0.996, 0.56, 0.962, 0.016, 0.098, 0.034, 0.046, 0.368, 0.784, 0.02, 0.09, 0.032, 0.98, 0.974, 0.998, 0.212, 0.204, 0.076, 0.076, 0.914, 0.086, 0.888, 0.988, 0.04, 0.436, 0.804, 0.044, 0.688, 0.014, 0.076, 0.01, 0.268, 0.988, 0.986, 0.356, 0.99, 0.994, 0.016, 0.952, 0.086, 0.01, 0.14, 0.028, 0.552, 0.102, 0.262, 0.132, 0.26, 0.918, 0.728, 0.986, 0.01, 0.04, 0.11, 0.068, 0.964, 0.82, 0.094, 0.984, 0.978, 0.072, 0.992, 0.966, 0.976, 0.178, 0.972, 0.266, 0.29, 0.478, 0.014, 0.064, 0.724, 0.224, 0.996, 0.016, 0.118, 0.1, 0.834, 0.01, 0.012, 0.174, 0.064, 0.026, 0.972, 0.968, 0.972, 0.916, 0.11, 0.102, 0.048, 0.98, 0.062, 0.13, 0.99, 0.092, 0.162, 0.988, 0.948, 0.088, 0.03, 0.152, 0.994, 0.076, 0.728, 0.036, 0.772, 0.228, 0.974, 0.878, 0.004, 0.892, 0.314, 0.974, 0.816, 0.932, 0.026, 0.994, 0.99, 0.034, 0.044, 0.046, 0.036, 0.95, 0.082, 0.984, 0.012, 0.028, 0.998, 0.082, 0.162, 0.724, 0.986, 0.062, 0.148, 0.98, 0.99, 0.126, 0.114, 0.982, 0.11, 0.122, 0.004, 0.082, 0.988, 0.984, 0.992, 0.998, 0.976, 0.98, 