{"auroc": 0.9950079999999999, "aupr": 0.9949902849360461, "y": [1, 1, 0, 1, 1, 0, 0, 0, 0, 0, 1, 1, 0, 1, 0, 1, 1, 1, 1, 1, 0, 1, 1, 1, 1, 0, 1, 1, 0, 1, 1, 1, 0, 1, 1, 1, 0, 1, 0, 0, 1, 0, 1, 1, 0, 0, 1, 0, 1, 0, 0, 0, 0, 0, 1, 1, 0, 0, 0, 1, 1, 0, 0, 1, 0, 0, 1, 1, 1, 1, 0, 0, 0, 1, 1, 1, 0, 0, 1, 1, 0, 1, 1, 1, 0, 1, 0, 1, 0, 1, 1, 0, 0, 0, 1, 0, 1, 0, 0, 1, 0, 0, 1, 1, 1, 1, 0, 1, 1, 0, 1, 0, 1, 0, 1, 1, 0, 0, 0, 1, 0, 1, 0, 1, 0, 0, 1, 0, 0, 0, 0, 0, 0, 1, 0, 1, 1, 1, 0, 1, 1, 1, 0, 1, 1, 1, 0, 1, 1, 0, 1, 0, 1, 1, 1, 0, 1, 0, 1, 0, 1, 0, 1, 0, 1, 0, 0, 0, 1, 1, 1, 1, 0, 0, 1, 1, 1, 1, 1, 0, 0, 1, 0, 0, 0, 1, 0, 1, 1, 0, 1, 1, 1, 0, 1, 0, 0, 0, 1, 1, 1, 1, 0, 1, 0, 0, 1, 0, 1, 0, 1, 0, 1, 1, 0, 0, 1, 0, 1, 0, 1, 1, 0, 1, 0, 0, 1, 1, 0, 0, 0, 0, 1, 0, 0, 0, 0, 1, 0, 1, 1, 0, 0, 0, 0, 1, 1, 1, 1, 1, 1, 1, 1, 0, 1, 0, 1, 1, 0, 1, 1, 0, 0, 1, 0, 1, 0, 1, 1, 1, 0, 0, 1, 1, 0, 0, 0, 1, 1, 1, 1, 1, 0, 1, 0, 0, 0, 1, 0, 1, 0, 0, 1, 1, 0, 1, 1, 1, 1, 0, 1, 1, 0, 0, 0, 0, 0, 1, 1, 1, 1, 1, 0, 0, 1, 1, 0, 0, 1, 0, 0, 0, 1, 0, 1, 0, 1, 0, 0, 0, 1, 0, 0, 1, 0, 1, 1, 0, 1, 1, 1, 1, 0, 0, 0, 1, 1, 1, 1, 0, 1, 0, 1, 0, 0, 0, 1, 1, 0, 1, 1, 1, 1, 0, 1, 0, 1, 1, 0, 1, 0, 0, 1, 1, 0, 0, 0, 1, 1, 0, 1, 1, 1, 0, 1, 0, 0, 0, 1, 0, 0, 1, 1, 0, 0, 0, 1, 0, 1, 1, 1, 1, 0, 1, 1, 0, 0, 0, 0, 0, 0, 1, 0, 0, 0, 1, 0, 0, 0, 0, 1, 1, 1, 0, 1, 0, 1, 1, 0, 0, 1, 0, 0, 1, 0, 1, 1, 1, 1, 1, 0, 0, 0, 1, 1, 1, 1, 0, 0, 0, 0, 1, 0, 1, 0, 1, 0, 0, 1, 0, 0, 1, 0, 0, 1, 1, 1, 0, 1, 0, 1, 0, 0, 1, 1, 1, 1, 0, 0, 1, 1, 1, 0, 0, 1, 1, 0, 1, 1, 0, 0, 1, 1, 0, 0, 1, 1, 1, 1, 0, 1, 1, 0, 0, 1, 0, 0, 1, 0, 1, 0, 1, 1, 1, 0, 0, 0, 0, 0, 0, 1, 0, 1, 1, 1, 0, 0, 1, 1, 1, 0, 0, 1, 0, 1, 1, 0, 1, 0, 1, 0, 1, 0, 0, 0, 0, 1, 1, 1, 1, 1, 0, 0, 0, 1, 0, 1, 1, 0, 1, 1, 1, 1, 0, 0, 1, 0, 0, 0, 0, 1, 1, 0, 1, 1, 1, 1, 1, 1, 0, 0, 0, 0, 0, 1, 0, 0, 0, 1, 1, 1, 0, 0, 0, 0, 1, 0, 1, 1, 0, 1, 1, 0, 1, 0, 0, 0, 0, 1, 1, 0, 1, 1, 0, 1, 0, 0, 0, 0, 1, 0, 0, 0, 0, 1, 1, 1, 0, 0, 0, 0, 1, 1, 0, 1, 1, 0, 1, 1, 1, 0, 1, 0, 0, 1, 0, 0, 1, 0, 1, 0, 0, 0, 1, 0, 0, 0, 0, 0, 1, 1, 1, 1, 0, 0, 0, 1, 0, 0, 1, 0, 0, 1, 1, 0, 0, 0, 1, 0, 1, 0, 1, 0, 1, 1, 0, 1, 1, 1, 1, 1, 0, 1, 1, 0, 0, 0, 0, 1, 0, 1, 0, 0, 1, 0, 0, 1, 1, 0, 0, 1, 1, 0, 0, 1, 0, 0, 0, 0, 1, 1, 1, 1, 1, 1, 1, 0, 0, 1, 0, 1, 1, 1, 1, 0, 0, 0, 1, 1, 1, 0, 0, 0, 0, 1, 0, 1, 0, 1, 0, 0, 1, 0, 1, 0, 1, 1, 0, 1, 1, 1, 0, 1, 0, 1, 1, 0, 1, 0, 0, 0, 0, 1, 1, 0, 1, 0, 1, 1, 0, 0, 0, 0, 0, 0, 1, 0, 0, 0, 0, 0, 0, 1, 0, 1, 0, 1, 1, 0, 1, 0, 1, 0, 0, 0, 1, 1, 1, 0, 0, 0, 1, 0, 1, 1, 1, 0, 0, 0, 1, 1, 0, 1, 1, 0, 0, 1, 0, 0, 1, 0, 1, 0, 1, 1, 1, 0, 0, 0, 1, 1, 0, 0, 1, 1, 1, 0, 0, 1, 0, 0, 0, 1, 0, 1, 0, 0, 1, 1, 1, 0, 1, 0, 0, 0, 1, 1, 0, 1, 1, 1, 0, 0, 1, 0, 1, 0, 0, 1, 1, 0, 0, 0, 1, 1, 1, 0, 1, 1, 1, 0, 0, 1, 1, 0, 1, 1, 0, 0, 0, 0, 0, 0, 0, 1, 0, 0, 0, 1, 0, 1, 1, 1, 1, 0, 0, 0, 0, 1, 1, 1, 1, 1, 0, 1, 0, 1, 0, 0, 0, 0, 0, 0, 0, 1, 0, 1, 1, 1, 0, 0, 0, 0, 1, 0, 1, 0, 1, 0, 1, 0, 1, 0, 0, 1, 1, 0, 1, 1, 1, 0, 1, 0, 1, 1, 0, 1, 1, 1, 0, 0, 1, 0, 1, 0, 0, 0, 1, 1, 1, 1, 1, 0, 1, 0, 0, 1, 1, 1, 0, 0, 1, 0, 1, 0, 0, 1, 1, 0, 0], "y-hat": [0.44, 0.986, 0.086, 0.986, 1.0, 0.018, 0.002, 0.026, 0.026, 0.052, 0.992, 0.922, 0.2, 0.988, 0.16, 0.948, 0.954, 0.97, 0.988, 0.998, 0.068, 0.984, 0.994, 0.974, 0.968, 0.048, 0.996, 0.992, 0.136, 0.656, 0.672, 0.636, 0.134, 0.952, 0.784, 0.988, 0.246, 0.998, 0.19, 0.058, 0.988, 0.032, 0.996, 0.998, 0.082, 0.046, 0.994, 0.266, 0.798, 0.112, 0.242, 0.032, 0.032, 0.02, 0.942, 0.988, 0.228, 0.106, 0.506, 0.98, 0.988, 0.012, 0.01, 0.95, 0.2, 0.08, 0.992, 0.992, 0.984, 0.882, 0.14, 0.196, 0.18, 0.982, 0.634, 0.982, 0.128, 0.084, 0.988, 0.99, 0.072, 0.994, 0.596, 0.972, 0.328, 0.958, 0.158, 0.996, 0.178, 0.976, 0.922, 0.716, 0.096, 0.01, 0.994, 0.09, 0.992, 0.086, 0.412, 0.988, 0.072, 0.074, 0.624, 0.992, 0.996, 0.818, 0.022, 0.974, 0.972, 0.022, 0.664, 0.116, 0.652, 0.058, 0.85, 1.0, 0.004, 0.012, 0.066, 0.842, 0.028, 0.972, 0.33, 0.684, 0.114, 0.036, 0.984, 0.018, 0.014, 0.238, 0.186, 0.114, 0.06, 0.634, 0.03, 0.992, 0.81, 0.992, 0.042, 0.966, 0.994, 0.848, 0.084, 0.994, 0.928, 0.806, 0.05, 0.964, 0.862, 0.014, 0.988, 0.078, 0.94, 0.99, 0.934, 0.108, 0.978, 0.06, 0.958, 0.064, 0.994, 0.136, 0.988, 0.16, 0.342, 0.04, 0.192, 0.072, 0.994, 0.996, 0.898, 0.852, 0.036, 0.204, 0.916, 0.986, 0.958, 0.698, 0.984, 0.042, 0.028, 0.982, 0.208, 0.144, 0.11, 0.982, 0.932, 0.986, 0.988, 0.202, 0.994, 0.454, 0.988, 0.008, 0.928, 0.16, 0.034, 0.004, 0.996, 0.99, 0.862, 0.994, 0.042, 0.986, 0.08, 0.132, 0.994, 0.024, 0.998, 0.154, 0.81, 0.076, 0.994, 0.998, 0.084, 0.068, 0.772, 0.022, 0.984, 0.09, 0.836, 0.622, 0.03, 0.996, 0.042, 0.128, 0.998, 0.602, 0.156, 0.476, 0.014, 0.06, 0.99, 0.006, 0.03, 0.042, 0.112, 0.948, 0.09, 0.81, 0.792, 0.258, 0.02, 0.016, 0.012, 0.494, 0.59, 0.332, 0.996, 0.978, 0.892, 0.992, 0.994, 0.076, 0.99, 0.05, 0.988, 0.89, 0.08, 0.982, 0.992, 0.102, 0.038, 0.5, 0.072, 0.98, 0.056, 0.982, 0.968, 0.466, 0.046, 0.008, 0.64, 0.65, 0.02, 0.02, 0.138, 0.916, 0.982, 0.976, 0.942, 0.814, 0.028, 0.99, 0.058, 0.182, 0.074, 0.888, 0.024, 0.988, 0.014, 0.12, 0.3, 0.978, 0.008, 0.994, 0.936, 0.574, 0.986, 0.158, 0.984, 0.992, 0.114, 0.15, 0.018, 0.214, 0.038, 0.734, 0.43, 0.778, 0.98, 0.994, 0.018, 0.04, 0.616, 0.99, 0.01, 0.036, 0.992, 0.16, 0.012, 0.164, 0.992, 0.162, 0.73, 0.02, 0.722, 0.912, 0.116, 0.256, 0.91, 0.084, 0.036, 0.618, 0.014, 0.996, 0.96, 0.314, 0.982, 0.978, 0.982, 0.984, 0.406, 0.166, 0.038, 0.53, 0.968, 0.986, 0.978, 0.07, 0.908, 0.042, 0.866, 0.068, 0.026, 0.102, 0.984, 0.96, 0.816, 0.378, 0.98, 0.99, 0.98, 0.188, 0.964, 0.054, 0.158, 0.988, 0.082, 0.918, 0.148, 0.03, 0.74, 0.668, 0.126, 0.046, 0.004, 0.998, 0.986, 0.086, 0.752, 0.992, 0.998, 0.108, 0.7, 0.086, 0.086, 0.422, 0.854, 0.322, 0.18, 0.938, 0.998, 0.04, 0.05, 0.076, 0.976, 0.012, 0.742, 0.998, 0.996, 0.978, 0.032, 0.964, 0.98, 0.336, 0.024, 0.292, 0.272, 0.338, 0.008, 0.936, 0.08, 0.024, 0.548, 0.98, 0.474, 0.06, 0.062, 0.018, 0.992, 0.966, 0.998, 0.098, 0.944, 0.012, 0.998, 0.98, 0.022, 0.168, 0.54, 0.076, 0.038, 0.67, 0.064, 0.896, 0.998, 0.996, 1.0, 0.984, 0.068, 0.192, 0.024, 0.988, 0.994, 0.964, 0.678, 0.02, 0.07, 0.024, 0.17, 0.962, 0.072, 0.91, 0.244, 0.76, 0.056, 0.018, 1.0, 0.062, 0.046, 0.872, 0.456, 0.102, 0.98, 0.804, 0.99, 0.032, 0.962, 0.006, 0.996, 0.008, 0.088, 0.928, 0.97, 0.974, 0.988, 0.07, 0.056, 0.808, 0.986, 0.766, 0.188, 0.018, 0.992, 0.846, 0.154, 0.7, 0.982, 0.032, 0.016, 0.584, 0.746, 0.02, 0.028, 0.986, 0.618, 0.962, 0.974, 0.082, 0.664, 0.986, 0.018, 0.018, 0.488, 0.046, 0.038, 0.878, 0.3, 0.91, 0.054, 0.99, 0.98, 0.078, 0.008, 0.024, 0.078, 0.048, 0.018, 0.044, 0.226, 0.018, 0.61, 0.986, 0.398, 0.056, 0.144, 0.996, 0.538, 0.998, 0.158, 0.112, 0.872, 0.2, 0.676, 0.982, 0.22, 0.988, 0.06, 0.82, 0.164, 0.874, 0.002, 0.054, 0.168, 0.054, 0.962, 0.988, 0.99, 0.906, 0.972, 0.056, 0.022, 0.044, 0.88, 0.108, 0.968, 0.882, 0.044, 0.98, 0.964, 0.988, 0.994, 0.02, 0.036, 0.776, 0.05, 0.086, 0.05, 0.114, 0.77, 0.848, 0.112, 0.992, 0.984, 0.202, 0.994, 0.632, 0.96, 0.01, 0.064, 0.02, 0.056, 0.404, 0.74, 0.03, 0.086, 0.014, 0.968, 0.992, 1.0, 0.184, 0.168, 0.056, 0.054, 0.928, 0.088, 0.878, 0.998, 0.066, 0.384, 0.834, 0.034, 0.712, 0.018, 0.116, 0.008, 0.236, 1.0, 0.982, 0.3, 0.994, 0.994, 0.014, 0.968, 0.084, 0.014, 0.146, 0.024, 0.622, 0.11, 0.214, 0.118, 0.298, 0.932, 0.742, 0.996, 0.008, 0.04, 0.104, 0.084, 0.978, 0.764, 0.108, 0.99, 0.966, 0.09, 0.99, 0.966, 0.986, 0.206, 0.974, 0.21, 0.31, 0.43, 0.002, 0.056, 0.744, 0.226, 0.992, 0.016, 0.084, 0.166, 0.862, 0.002, 0.01, 0.162, 0.044, 0.032, 0.974, 0.956, 0.974, 0.926, 0.076, 0.07, 0.03, 0.998, 0.06, 0.086, 0.996, 0.106, 0.188, 0.988, 0.938, 0.084, 0.032, 0.13, 0.992, 0.046, 0.77, 0.056, 0.826, 0.19, 0.964, 0.914, 0.01, 0.942, 0.342, 0.988, 0.828, 0.916, 0.02, 0.984, 0.982, 0.024, 0.05, 0.026, 0.026, 0.958, 0.082, 0.974, 0.03, 0.038, 0.992, 0.05, 0.08, 0.758, 0.984, 0.056, 0.174, 0.966, 0.996, 0.134, 0.092, 0.966, 0.048, 0.138, 0.016, 0.08, 0.988, 0.99, 0.992, 0.998, 0.974, 0.966, 0.742, 