{"auroc": 0.9947860000000001, "aupr": 0.9946196525584837, "y": [1, 1, 0, 1, 1, 0, 0, 0, 0, 0, 1, 1, 0, 1, 0, 1, 1, 1, 1, 1, 0, 1, 1, 1, 1, 0, 1, 1, 0, 1, 1, 1, 0, 1, 1, 1, 0, 1, 0, 0, 1, 0, 1, 1, 0, 0, 1, 0, 1, 0, 0, 0, 0, 0, 1, 1, 0, 0, 0, 1, 1, 0, 0, 1, 0, 0, 1, 1, 1, 1, 0, 0, 0, 1, 1, 1, 0, 0, 1, 1, 0, 1, 1, 1, 0, 1, 0, 1, 0, 1, 1, 0, 0, 0, 1, 0, 1, 0, 0, 1, 0, 0, 1, 1, 1, 1, 0, 1, 1, 0, 1, 0, 1, 0, 1, 1, 0, 0, 0, 1, 0, 1, 0, 1, 0, 0, 1, 0, 0, 0, 0, 0, 0, 1, 0, 1, 1, 1, 0, 1, 1, 1, 0, 1, 1, 1, 0, 1, 1, 0, 1, 0, 1, 1, 1, 0, 1, 0, 1, 0, 1, 0, 1, 0, 1, 0, 0, 0, 1, 1, 1, 1, 0, 0, 1, 1, 1, 1, 1, 0, 0, 1, 0, 0, 0, 1, 0, 1, 1, 0, 1, 1, 1, 0, 1, 0, 0, 0, 1, 1, 1, 1, 0, 1, 0, 0, 1, 0, 1, 0, 1, 0, 1, 1, 0, 0, 1, 0, 1, 0, 1, 1, 0, 1, 0, 0, 1, 1, 0, 0, 0, 0, 1, 0, 0, 0, 0, 1, 0, 1, 1, 0, 0, 0, 0, 1, 1, 1, 1, 1, 1, 1, 1, 0, 1, 0, 1, 1, 0, 1, 1, 0, 0, 1, 0, 1, 0, 1, 1, 1, 0, 0, 1, 1, 0, 0, 0, 1, 1, 1, 1, 1, 0, 1, 0, 0, 0, 1, 0, 1, 0, 0, 1, 1, 0, 1, 1, 1, 1, 0, 1, 1, 0, 0, 0, 0, 0, 1, 1, 1, 1, 1, 0, 0, 1, 1, 0, 0, 1, 0, 0, 0, 1, 0, 1, 0, 1, 0, 0, 0, 1, 0, 0, 1, 0, 1, 1, 0, 1, 1, 1, 1, 0, 0, 0, 1, 1, 1, 1, 0, 1, 0, 1, 0, 0, 0, 1, 1, 0, 1, 1, 1, 1, 0, 1, 0, 1, 1, 0, 1, 0, 0, 1, 1, 0, 0, 0, 1, 1, 0, 1, 1, 1, 0, 1, 0, 0, 0, 1, 0, 0, 1, 1, 0, 0, 0, 1, 0, 1, 1, 1, 1, 0, 1, 1, 0, 0, 0, 0, 0, 0, 1, 0, 0, 0, 1, 0, 0, 0, 0, 1, 1, 1, 0, 1, 0, 1, 1, 0, 0, 1, 0, 0, 1, 0, 1, 1, 1, 1, 1, 0, 0, 0, 1, 1, 1, 1, 0, 0, 0, 0, 1, 0, 1, 0, 1, 0, 0, 1, 0, 0, 1, 0, 0, 1, 1, 1, 0, 1, 0, 1, 0, 0, 1, 1, 1, 1, 0, 0, 1, 1, 1, 0, 0, 1, 1, 0, 1, 1, 0, 0, 1, 1, 0, 0, 1, 1, 1, 1, 0, 1, 1, 0, 0, 1, 0, 0, 1, 0, 1, 0, 1, 1, 1, 0, 0, 0, 0, 0, 0, 1, 0, 1, 1, 1, 0, 0, 1, 1, 1, 0, 0, 1, 0, 1, 1, 0, 1, 0, 1, 0, 1, 0, 0, 0, 0, 1, 1, 1, 1, 1, 0, 0, 0, 1, 0, 1, 1, 0, 1, 1, 1, 1, 0, 0, 1, 0, 0, 0, 0, 1, 1, 0, 1, 1, 1, 1, 1, 1, 0, 0, 0, 0, 0, 1, 0, 0, 0, 1, 1, 1, 0, 0, 0, 0, 1, 0, 1, 1, 0, 1, 1, 0, 1, 0, 0, 0, 0, 1, 1, 0, 1, 1, 0, 1, 0, 0, 0, 0, 1, 0, 0, 0, 0, 1, 1, 1, 0, 0, 0, 0, 1, 1, 0, 1, 1, 0, 1, 1, 1, 0, 1, 0, 0, 1, 0, 0, 1, 0, 1, 0, 0, 0, 1, 0, 0, 0, 0, 0, 1, 1, 1, 1, 0, 0, 0, 1, 0, 0, 1, 0, 0, 1, 1, 0, 0, 0, 1, 0, 1, 0, 1, 0, 1, 1, 0, 1, 1, 1, 1, 1, 0, 1, 1, 0, 0, 0, 0, 1, 0, 1, 0, 0, 1, 0, 0, 1, 1, 0, 0, 1, 1, 0, 0, 1, 0, 0, 0, 0, 1, 1, 1, 1, 1, 1, 1, 0, 0, 1, 0, 1, 1, 1, 1, 0, 0, 0, 1, 1, 1, 0, 0, 0, 0, 1, 0, 1, 0, 1, 0, 0, 1, 0, 1, 0, 1, 1, 0, 1, 1, 1, 0, 1, 0, 1, 1, 0, 1, 0, 0, 0, 0, 1, 1, 0, 1, 0, 1, 1, 0, 0, 0, 0, 0, 0, 1, 0, 0, 0, 0, 0, 0, 1, 0, 1, 0, 1, 1, 0, 1, 0, 1, 0, 0, 0, 1, 1, 1, 0, 0, 0, 1, 0, 1, 1, 1, 0, 0, 0, 1, 1, 0, 1, 1, 0, 0, 1, 0, 0, 1, 0, 1, 0, 1, 1, 1, 0, 0, 0, 1, 1, 0, 0, 1, 1, 1, 0, 0, 1, 0, 0, 0, 1, 0, 1, 0, 0, 1, 1, 1, 0, 1, 0, 0, 0, 1, 1, 0, 1, 1, 1, 0, 0, 1, 0, 1, 0, 0, 1, 1, 0, 0, 0, 1, 1, 1, 0, 1, 1, 1, 0, 0, 1, 1, 0, 1, 1, 0, 0, 0, 0, 0, 0, 0, 1, 0, 0, 0, 1, 0, 1, 1, 1, 1, 0, 0, 0, 0, 1, 1, 1, 1, 1, 0, 1, 0, 1, 0, 0, 0, 0, 0, 0, 0, 1, 0, 1, 1, 1, 0, 0, 0, 0, 1, 0, 1, 0, 1, 0, 1, 0, 1, 0, 0, 1, 1, 0, 1, 1, 1, 0, 1, 0, 1, 1, 0, 1, 1, 1, 0, 0, 1, 0, 1, 0, 0, 0, 1, 1, 1, 1, 1, 0, 1, 0, 0, 1, 1, 1, 0, 0, 1, 0, 1, 0, 0, 1, 1, 0, 0], "y-hat": [0.434, 0.996, 0.07, 0.99, 0.99, 0.022, 0.002, 0.054, 0.024, 0.052, 0.988, 0.952, 0.15, 0.992, 0.158, 0.958, 0.96, 0.972, 0.986, 0.988, 0.04, 0.996, 0.994, 0.956, 0.968, 0.028, 0.994, 1.0, 0.128, 0.67, 0.664, 0.63, 0.094, 0.97, 0.816, 0.992, 0.268, 0.996, 0.188, 0.058, 0.994, 0.016, 0.994, 1.0, 0.026, 0.03, 0.976, 0.252, 0.772, 0.102, 0.228, 0.046, 0.028, 0.014, 0.932, 0.994, 0.206, 0.102, 0.44, 0.98, 0.988, 0.01, 0.01, 0.938, 0.192, 0.106, 0.998, 0.99, 0.972, 0.854, 0.136, 0.212, 0.184, 0.998, 0.638, 0.99, 0.122, 0.066, 0.986, 0.994, 0.098, 0.996, 0.602, 0.976, 0.362, 0.958, 0.142, 0.994, 0.182, 0.97, 0.916, 0.738, 0.1, 0.022, 0.998, 0.094, 1.0, 0.088, 0.364, 0.99, 0.064, 0.104, 0.626, 0.994, 0.996, 0.82, 0.014, 0.97, 0.974, 0.026, 0.67, 0.138, 0.654, 0.078, 0.854, 0.998, 0.008, 0.016, 0.056, 0.84, 0.026, 0.976, 0.286, 0.694, 0.116, 0.038, 0.988, 0.034, 0.028, 0.256, 0.208, 0.096, 0.048, 0.654, 0.03, 0.984, 0.804, 0.998, 0.036, 0.982, 0.992, 0.85, 0.082, 0.996, 0.922, 0.774, 0.058, 0.948, 0.882, 0.014, 0.998, 0.076, 0.974, 0.978, 0.93, 0.098, 0.986, 0.032, 0.962, 0.07, 0.996, 0.164, 0.986, 0.138, 0.322, 0.048, 0.156, 0.05, 0.998, 0.998, 0.924, 0.806, 0.036, 0.154, 0.904, 0.994, 0.97, 0.692, 0.982, 0.044, 0.018, 0.978, 0.146, 0.134, 0.078, 0.99, 0.934, 0.986, 0.99, 0.19, 0.994, 0.484, 0.992, 0.006, 0.946, 0.13, 0.038, 0.014, 0.998, 0.992, 0.866, 0.996, 0.038, 0.988, 0.066, 0.14, 0.988, 0.006, 0.996, 0.17, 0.82, 0.09, 0.996, 0.996, 0.064, 0.064, 0.75, 0.018, 0.99, 0.106, 0.856, 0.65, 0.034, 0.994, 0.03, 0.12, 0.99, 0.658, 0.122, 0.422, 0.012, 0.042, 0.984, 0.01, 0.022, 0.02, 0.082, 0.97, 0.108, 0.812, 0.828, 0.254, 0.024, 0.032, 0.016, 0.494, 0.604, 0.372, 0.998, 0.988, 0.878, 0.998, 0.996, 0.066, 0.994, 0.054, 0.992, 0.868, 0.064, 0.984, 0.996, 0.084, 0.044, 0.47, 0.062, 0.994, 0.072, 0.988, 0.962, 0.44, 0.05, 0.014, 0.584, 0.662, 0.022, 0.024, 0.13, 0.934, 0.986, 0.976, 0.958, 0.82, 0.048, 0.992, 0.078, 0.172, 0.062, 0.862, 0.022, 0.992, 0.018, 0.156, 0.374, 0.978, 0.01, 0.994, 0.956, 0.558, 0.994, 0.164, 0.984, 1.0, 0.142, 0.104, 0.006, 0.206, 0.052, 0.716, 0.408, 0.792, 0.994, 0.998, 0.014, 0.038, 0.618, 0.984, 0.022, 0.044, 0.986, 0.138, 0.02, 0.156, 0.988, 0.148, 0.752, 0.02, 0.746, 0.932, 0.12, 0.238, 0.878, 0.062, 0.046, 0.578, 0.034, 1.0, 0.974, 0.294, 0.982, 0.988, 0.98, 0.99, 0.384, 0.14, 0.034, 0.51, 0.984, 0.98, 0.98, 0.048, 0.928, 0.042, 0.884, 0.044, 0.018, 0.146, 0.99, 0.968, 0.88, 0.398, 0.97, 0.988, 0.994, 0.184, 0.95, 0.054, 0.15, 0.994, 0.1, 0.924, 0.18, 0.03, 0.786, 0.684, 0.086, 0.058, 0.008, 0.998, 0.994, 0.056, 0.718, 0.986, 0.994, 0.096, 0.72, 0.06, 0.066, 0.45, 0.91, 0.274, 0.162, 0.95, 0.998, 0.056, 0.048, 0.068, 0.978, 0.012, 0.706, 0.998, 0.998, 0.986, 0.024, 0.982, 0.96, 0.32, 0.032, 0.308, 0.262, 0.316, 0.016, 0.942, 0.13, 0.022, 0.532, 0.986, 0.462, 0.042, 0.06, 0.026, 0.994, 0.95, 1.0, 0.078, 0.936, 0.012, 1.0, 0.994, 0.014, 0.176, 0.486, 0.076, 0.03, 0.718, 0.068, 0.896, 0.986, 0.998, 0.996, 0.978, 0.05, 0.194, 0.024, 0.996, 1.0, 0.96, 0.704, 0.034, 0.072, 0.038, 0.16, 0.98, 0.084, 0.9, 0.274, 0.754, 0.05, 0.016, 0.998, 0.048, 0.04, 0.89, 0.506, 0.072, 0.988, 0.802, 1.0, 0.04, 0.966, 0.018, 0.988, 0.016, 0.056, 0.934, 0.978, 0.976, 0.99, 0.074, 0.044, 0.808, 0.976, 0.782, 0.218, 0.014, 0.996, 0.816, 0.174, 0.748, 0.988, 0.032, 0.014, 0.604, 0.714, 0.012, 0.02, 0.988, 0.612, 0.976, 0.994, 0.09, 0.712, 0.996, 0.02, 0.028, 0.458, 0.036, 0.052, 0.886, 0.256, 0.91, 0.064, 0.992, 0.982, 0.096, 0.008, 0.024, 0.078, 0.048, 0.026, 0.052, 0.208, 0.006, 0.594, 0.988, 0.416, 0.074, 0.142, 0.996, 0.542, 0.996, 0.15, 0.092, 0.842, 0.172, 0.636, 0.978, 0.198, 0.984, 0.048, 0.854, 0.156, 0.862, 0.004, 0.036, 0.17, 0.048, 0.96, 0.996, 0.998, 0.874, 0.99, 0.032, 0.02, 0.032, 0.908, 0.1, 0.974, 0.86, 0.028, 0.99, 0.97, 0.99, 0.996, 0.012, 0.026, 0.778, 0.046, 0.084, 0.036, 0.098, 0.812, 0.88, 0.128, 1.0, 0.996, 0.16, 0.994, 0.61, 0.956, 0.016, 0.094, 0.008, 0.042, 0.342, 0.696, 0.014, 0.09, 0.024, 0.98, 0.998, 0.99, 0.174, 0.172, 0.066, 0.052, 0.92, 0.104, 0.864, 1.0, 0.068, 0.388, 0.834, 0.042, 0.688, 0.01, 0.146, 0.008, 0.256, 0.992, 0.986, 0.358, 0.99, 0.996, 0.01, 0.98, 0.086, 0.026, 0.128, 0.024, 0.522, 0.1, 0.228, 0.116, 0.258, 0.926, 0.786, 0.986, 0.014, 0.038, 0.108, 0.09, 0.986, 0.772, 0.076, 0.988, 0.988, 0.074, 0.992, 0.968, 0.982, 0.202, 0.968, 0.2, 0.284, 0.422, 0.01, 0.068, 0.77, 0.208, 0.994, 0.026, 0.098, 0.122, 0.878, 0.004, 0.014, 0.168, 0.054, 0.024, 0.972, 0.978, 0.97, 0.92, 0.08, 0.108, 0.042, 0.994, 0.08, 0.094, 0.998, 0.106, 0.248, 0.994, 0.948, 0.092, 0.028, 0.126, 0.996, 0.074, 0.8, 0.056, 0.816, 0.154, 0.99, 0.904, 0.018, 0.904, 0.334, 0.988, 0.794, 0.94, 0.014, 0.984, 0.984, 0.044, 0.018, 0.026, 0.03, 0.97, 0.06, 0.984, 0.018, 0.02, 0.998, 0.046, 0.09, 0.736, 0.978, 0.046, 0.194, 0.968, 0.99, 0.122, 0.116, 0.962, 0.056, 0.114, 0.01, 0.084, 0.994, 0.992, 0.996, 1.0, 0.974, 0.944, 0.742, 0.076, 