{"auroc": 0.995428, "aupr": 0.9953083038880398, "y": [1, 1, 0, 1, 1, 0, 0, 0, 0, 0, 1, 1, 0, 1, 0, 1, 1, 1, 1, 1, 0, 1, 1, 1, 1, 0, 1, 1, 0, 1, 1, 1, 0, 1, 1, 1, 0, 1, 0, 0, 1, 0, 1, 1, 0, 0, 1, 0, 1, 0, 0, 0, 0, 0, 1, 1, 0, 0, 0, 1, 1, 0, 0, 1, 0, 0, 1, 1, 1, 1, 0, 0, 0, 1, 1, 1, 0, 0, 1, 1, 0, 1, 1, 1, 0, 1, 0, 1, 0, 1, 1, 0, 0, 0, 1, 0, 1, 0, 0, 1, 0, 0, 1, 1, 1, 1, 0, 1, 1, 0, 1, 0, 1, 0, 1, 1, 0, 0, 0, 1, 0, 1, 0, 1, 0, 0, 1, 0, 0, 0, 0, 0, 0, 1, 0, 1, 1, 1, 0, 1, 1, 1, 0, 1, 1, 1, 0, 1, 1, 0, 1, 0, 1, 1, 1, 0, 1, 0, 1, 0, 1, 0, 1, 0, 1, 0, 0, 0, 1, 1, 1, 1, 0, 0, 1, 1, 1, 1, 1, 0, 0, 1, 0, 0, 0, 1, 0, 1, 1, 0, 1, 1, 1, 0, 1, 0, 0, 0, 1, 1, 1, 1, 0, 1, 0, 0, 1, 0, 1, 0, 1, 0, 1, 1, 0, 0, 1, 0, 1, 0, 1, 1, 0, 1, 0, 0, 1, 1, 0, 0, 0, 0, 1, 0, 0, 0, 0, 1, 0, 1, 1, 0, 0, 0, 0, 1, 1, 1, 1, 1, 1, 1, 1, 0, 1, 0, 1, 1, 0, 1, 1, 0, 0, 1, 0, 1, 0, 1, 1, 1, 0, 0, 1, 1, 0, 0, 0, 1, 1, 1, 1, 1, 0, 1, 0, 0, 0, 1, 0, 1, 0, 0, 1, 1, 0, 1, 1, 1, 1, 0, 1, 1, 0, 0, 0, 0, 0, 1, 1, 1, 1, 1, 0, 0, 1, 1, 0, 0, 1, 0, 0, 0, 1, 0, 1, 0, 1, 0, 0, 0, 1, 0, 0, 1, 0, 1, 1, 0, 1, 1, 1, 1, 0, 0, 0, 1, 1, 1, 1, 0, 1, 0, 1, 0, 0, 0, 1, 1, 0, 1, 1, 1, 1, 0, 1, 0, 1, 1, 0, 1, 0, 0, 1, 1, 0, 0, 0, 1, 1, 0, 1, 1, 1, 0, 1, 0, 0, 0, 1, 0, 0, 1, 1, 0, 0, 0, 1, 0, 1, 1, 1, 1, 0, 1, 1, 0, 0, 0, 0, 0, 0, 1, 0, 0, 0, 1, 0, 0, 0, 0, 1, 1, 1, 0, 1, 0, 1, 1, 0, 0, 1, 0, 0, 1, 0, 1, 1, 1, 1, 1, 0, 0, 0, 1, 1, 1, 1, 0, 0, 0, 0, 1, 0, 1, 0, 1, 0, 0, 1, 0, 0, 1, 0, 0, 1, 1, 1, 0, 1, 0, 1, 0, 0, 1, 1, 1, 1, 0, 0, 1, 1, 1, 0, 0, 1, 1, 0, 1, 1, 0, 0, 1, 1, 0, 0, 1, 1, 1, 1, 0, 1, 1, 0, 0, 1, 0, 0, 1, 0, 1, 0, 1, 1, 1, 0, 0, 0, 0, 0, 0, 1, 0, 1, 1, 1, 0, 0, 1, 1, 1, 0, 0, 1, 0, 1, 1, 0, 1, 0, 1, 0, 1, 0, 0, 0, 0, 1, 1, 1, 1, 1, 0, 0, 0, 1, 0, 1, 1, 0, 1, 1, 1, 1, 0, 0, 1, 0, 0, 0, 0, 1, 1, 0, 1, 1, 1, 1, 1, 1, 0, 0, 0, 0, 0, 1, 0, 0, 0, 1, 1, 1, 0, 0, 0, 0, 1, 0, 1, 1, 0, 1, 1, 0, 1, 0, 0, 0, 0, 1, 1, 0, 1, 1, 0, 1, 0, 0, 0, 0, 1, 0, 0, 0, 0, 1, 1, 1, 0, 0, 0, 0, 1, 1, 0, 1, 1, 0, 1, 1, 1, 0, 1, 0, 0, 1, 0, 0, 1, 0, 1, 0, 0, 0, 1, 0, 0, 0, 0, 0, 1, 1, 1, 1, 0, 0, 0, 1, 0, 0, 1, 0, 0, 1, 1, 0, 0, 0, 1, 0, 1, 0, 1, 0, 1, 1, 0, 1, 1, 1, 1, 1, 0, 1, 1, 0, 0, 0, 0, 1, 0, 1, 0, 0, 1, 0, 0, 1, 1, 0, 0, 1, 1, 0, 0, 1, 0, 0, 0, 0, 1, 1, 1, 1, 1, 1, 1, 0, 0, 1, 0, 1, 1, 1, 1, 0, 0, 0, 1, 1, 1, 0, 0, 0, 0, 1, 0, 1, 0, 1, 0, 0, 1, 0, 1, 0, 1, 1, 0, 1, 1, 1, 0, 1, 0, 1, 1, 0, 1, 0, 0, 0, 0, 1, 1, 0, 1, 0, 1, 1, 0, 0, 0, 0, 0, 0, 1, 0, 0, 0, 0, 0, 0, 1, 0, 1, 0, 1, 1, 0, 1, 0, 1, 0, 0, 0, 1, 1, 1, 0, 0, 0, 1, 0, 1, 1, 1, 0, 0, 0, 1, 1, 0, 1, 1, 0, 0, 1, 0, 0, 1, 0, 1, 0, 1, 1, 1, 0, 0, 0, 1, 1, 0, 0, 1, 1, 1, 0, 0, 1, 0, 0, 0, 1, 0, 1, 0, 0, 1, 1, 1, 0, 1, 0, 0, 0, 1, 1, 0, 1, 1, 1, 0, 0, 1, 0, 1, 0, 0, 1, 1, 0, 0, 0, 1, 1, 1, 0, 1, 1, 1, 0, 0, 1, 1, 0, 1, 1, 0, 0, 0, 0, 0, 0, 0, 1, 0, 0, 0, 1, 0, 1, 1, 1, 1, 0, 0, 0, 0, 1, 1, 1, 1, 1, 0, 1, 0, 1, 0, 0, 0, 0, 0, 0, 0, 1, 0, 1, 1, 1, 0, 0, 0, 0, 1, 0, 1, 0, 1, 0, 1, 0, 1, 0, 0, 1, 1, 0, 1, 1, 1, 0, 1, 0, 1, 1, 0, 1, 1, 1, 0, 0, 1, 0, 1, 0, 0, 0, 1, 1, 1, 1, 1, 0, 1, 0, 0, 1, 1, 1, 0, 0, 1, 0, 1, 0, 0, 1, 1, 0, 0], "y-hat": [0.452, 0.99, 0.098, 0.986, 0.998, 0.008, 0.01, 0.062, 0.038, 0.04, 0.992, 0.91, 0.158, 0.996, 0.168, 0.966, 0.96, 0.974, 0.98, 0.996, 0.078, 0.994, 0.998, 0.958, 0.976, 0.05, 0.996, 0.992, 0.156, 0.706, 0.636, 0.65, 0.132, 0.976, 0.824, 0.996, 0.272, 0.998, 0.192, 0.048, 0.992, 0.02, 0.996, 0.998, 0.044, 0.05, 0.994, 0.2, 0.78, 0.134, 0.232, 0.038, 0.016, 0.01, 0.94, 0.986, 0.204, 0.064, 0.528, 0.984, 0.998, 0.016, 0.014, 0.946, 0.196, 0.102, 1.0, 0.988, 0.99, 0.858, 0.144, 0.22, 0.184, 0.99, 0.614, 0.986, 0.142, 0.06, 0.988, 0.994, 0.106, 0.986, 0.568, 0.988, 0.33, 0.954, 0.14, 0.986, 0.17, 0.986, 0.932, 0.694, 0.094, 0.024, 0.994, 0.086, 0.998, 0.096, 0.448, 0.992, 0.06, 0.076, 0.644, 0.998, 0.994, 0.8, 0.012, 0.98, 0.968, 0.014, 0.67, 0.116, 0.68, 0.066, 0.834, 0.996, 0.006, 0.012, 0.054, 0.824, 0.028, 0.96, 0.3, 0.648, 0.12, 0.046, 0.982, 0.02, 0.038, 0.242, 0.222, 0.116, 0.04, 0.646, 0.042, 0.982, 0.826, 0.994, 0.028, 0.972, 0.996, 0.842, 0.092, 0.996, 0.906, 0.792, 0.038, 0.96, 0.874, 0.018, 0.996, 0.058, 0.96, 0.996, 0.918, 0.088, 0.984, 0.054, 0.962, 0.074, 0.99, 0.178, 0.982, 0.164, 0.396, 0.036, 0.134, 0.062, 0.992, 0.992, 0.902, 0.836, 0.04, 0.178, 0.924, 0.988, 0.966, 0.71, 0.988, 0.042, 0.032, 0.99, 0.196, 0.198, 0.106, 0.99, 0.918, 0.986, 0.992, 0.2, 0.992, 0.528, 0.996, 0.016, 0.908, 0.122, 0.022, 0.014, 0.994, 0.994, 0.896, 0.984, 0.032, 0.996, 0.07, 0.164, 0.992, 0.022, 0.99, 0.174, 0.784, 0.094, 0.994, 0.992, 0.09, 0.05, 0.756, 0.024, 0.986, 0.092, 0.872, 0.628, 0.022, 0.988, 0.026, 0.118, 0.986, 0.668, 0.138, 0.47, 0.012, 0.046, 0.99, 0.02, 0.04, 0.046, 0.098, 0.958, 0.098, 0.812, 0.778, 0.238, 0.018, 0.01, 0.02, 0.476, 0.626, 0.326, 0.982, 0.984, 0.906, 0.992, 0.994, 0.07, 0.99, 0.036, 0.968, 0.888, 0.062, 0.986, 0.984, 0.06, 0.022, 0.534, 0.074, 0.99, 0.07, 0.994, 0.964, 0.49, 0.04, 0.022, 0.63, 0.63, 0.018, 0.014, 0.124, 0.934, 0.984, 0.97, 0.948, 0.82, 0.024, 1.0, 0.058, 0.152, 0.076, 0.856, 0.038, 0.99, 0.028, 0.164, 0.324, 0.974, 0.014, 0.992, 0.942, 0.576, 0.994, 0.202, 0.964, 0.998, 0.172, 0.122, 0.008, 0.216, 0.034, 0.76, 0.384, 0.746, 0.988, 0.996, 0.036, 0.028, 0.674, 0.982, 0.016, 0.05, 0.988, 0.16, 0.032, 0.128, 0.992, 0.134, 0.76, 0.02, 0.732, 0.904, 0.148, 0.18, 0.892, 0.09, 0.05, 0.58, 0.016, 0.988, 0.978, 0.28, 0.98, 0.974, 0.984, 0.986, 0.338, 0.14, 0.034, 0.574, 0.968, 0.992, 0.98, 0.06, 0.922, 0.082, 0.862, 0.066, 0.032, 0.13, 0.986, 0.958, 0.856, 0.376, 0.97, 0.986, 0.99, 0.18, 0.964, 0.052, 0.204, 0.992, 0.112, 0.916, 0.126, 0.028, 0.74, 0.712, 0.126, 0.048, 0.01, 1.0, 0.994, 0.082, 0.7, 0.974, 0.99, 0.108, 0.706, 0.064, 0.082, 0.41, 0.882, 0.282, 0.144, 0.944, 0.992, 0.05, 0.07, 0.062, 0.98, 0.022, 0.664, 0.986, 0.994, 0.984, 0.034, 0.962, 0.962, 0.312, 0.02, 0.322, 0.298, 0.318, 0.02, 0.936, 0.13, 0.03, 0.504, 0.978, 0.446, 0.04, 0.05, 0.016, 0.99, 0.952, 0.996, 0.116, 0.942, 0.014, 0.994, 0.99, 0.022, 0.138, 0.56, 0.06, 0.028, 0.706, 0.086, 0.902, 0.988, 0.992, 0.996, 0.978, 0.078, 0.188, 0.02, 0.99, 0.99, 0.956, 0.734, 0.038, 0.068, 0.052, 0.164, 0.97, 0.072, 0.91, 0.262, 0.774, 0.042, 0.016, 0.99, 0.074, 0.042, 0.892, 0.506, 0.076, 0.99, 0.748, 0.996, 0.058, 0.95, 0.022, 0.988, 0.026, 0.084, 0.94, 0.958, 0.978, 0.988, 0.07, 0.05, 0.802, 0.972, 0.766, 0.17, 0.016, 0.998, 0.862, 0.156, 0.738, 0.986, 0.034, 0.018, 0.602, 0.708, 0.02, 0.01, 0.982, 0.598, 0.964, 0.99, 0.088, 0.716, 0.99, 0.018, 0.028, 0.498, 0.06, 0.046, 0.896, 0.262, 0.914, 0.046, 0.974, 0.966, 0.104, 0.01, 0.03, 0.072, 0.044, 0.022, 0.056, 0.2, 0.004, 0.654, 0.974, 0.412, 0.044, 0.15, 0.984, 0.542, 0.984, 0.19, 0.102, 0.824, 0.192, 0.654, 0.994, 0.214, 0.988, 0.056, 0.85, 0.16, 0.868, 0.008, 0.042, 0.178, 0.07, 0.966, 0.992, 0.994, 0.904, 0.976, 0.066, 0.024, 0.042, 0.882, 0.1, 0.96, 0.838, 0.074, 0.982, 0.964, 0.992, 0.988, 0.016, 0.04, 0.792, 0.04, 0.088, 0.038, 0.112, 0.804, 0.858, 0.13, 0.978, 0.992, 0.186, 0.996, 0.604, 0.95, 0.014, 0.084, 0.006, 0.06, 0.436, 0.746, 0.008, 0.08, 0.026, 0.984, 0.986, 0.992, 0.188, 0.152, 0.068, 0.054, 0.926, 0.106, 0.872, 0.998, 0.066, 0.36, 0.798, 0.048, 0.674, 0.004, 0.14, 0.004, 0.284, 0.992, 0.98, 0.338, 0.992, 0.994, 0.014, 0.978, 0.068, 0.026, 0.136, 0.036, 0.572, 0.05, 0.218, 0.11, 0.286, 0.932, 0.796, 0.986, 0.016, 0.04, 0.154, 0.066, 0.988, 0.78, 0.082, 0.994, 0.978, 0.08, 0.988, 0.954, 0.99, 0.172, 0.984, 0.194, 0.294, 0.414, 0.01, 0.07, 0.76, 0.198, 0.992, 0.014, 0.1, 0.1, 0.864, 0.012, 0.018, 0.152, 0.06, 0.028, 0.966, 0.98, 0.968, 0.924, 0.106, 0.122, 0.048, 0.992, 0.058, 0.114, 0.992, 0.104, 0.186, 0.986, 0.94, 0.062, 0.03, 0.134, 0.998, 0.07, 0.754, 0.078, 0.78, 0.194, 0.99, 0.906, 0.01, 0.942, 0.344, 0.98, 0.834, 0.942, 0.01, 0.99, 0.992, 0.03, 0.028, 0.044, 0.022, 0.962, 0.058, 0.978, 0.02, 0.034, 0.994, 0.064, 0.086, 0.73, 0.986, 0.05, 0.18, 0.974, 0.992, 0.15, 0.108, 0.95, 0.074, 0.094, 0.008, 0.114, 0.968, 0.992, 0.998, 0.988, 0.97, 0.95, 0.742, 0.096, 0.236, 0.996, 0.052, 