{"auroc": 0.994716, "aupr": 0.9945626666953564, "y": [1, 1, 0, 1, 1, 0, 0, 0, 0, 0, 1, 1, 0, 1, 0, 1, 1, 1, 1, 1, 0, 1, 1, 1, 1, 0, 1, 1, 0, 1, 1, 1, 0, 1, 1, 1, 0, 1, 0, 0, 1, 0, 1, 1, 0, 0, 1, 0, 1, 0, 0, 0, 0, 0, 1, 1, 0, 0, 0, 1, 1, 0, 0, 1, 0, 0, 1, 1, 1, 1, 0, 0, 0, 1, 1, 1, 0, 0, 1, 1, 0, 1, 1, 1, 0, 1, 0, 1, 0, 1, 1, 0, 0, 0, 1, 0, 1, 0, 0, 1, 0, 0, 1, 1, 1, 1, 0, 1, 1, 0, 1, 0, 1, 0, 1, 1, 0, 0, 0, 1, 0, 1, 0, 1, 0, 0, 1, 0, 0, 0, 0, 0, 0, 1, 0, 1, 1, 1, 0, 1, 1, 1, 0, 1, 1, 1, 0, 1, 1, 0, 1, 0, 1, 1, 1, 0, 1, 0, 1, 0, 1, 0, 1, 0, 1, 0, 0, 0, 1, 1, 1, 1, 0, 0, 1, 1, 1, 1, 1, 0, 0, 1, 0, 0, 0, 1, 0, 1, 1, 0, 1, 1, 1, 0, 1, 0, 0, 0, 1, 1, 1, 1, 0, 1, 0, 0, 1, 0, 1, 0, 1, 0, 1, 1, 0, 0, 1, 0, 1, 0, 1, 1, 0, 1, 0, 0, 1, 1, 0, 0, 0, 0, 1, 0, 0, 0, 0, 1, 0, 1, 1, 0, 0, 0, 0, 1, 1, 1, 1, 1, 1, 1, 1, 0, 1, 0, 1, 1, 0, 1, 1, 0, 0, 1, 0, 1, 0, 1, 1, 1, 0, 0, 1, 1, 0, 0, 0, 1, 1, 1, 1, 1, 0, 1, 0, 0, 0, 1, 0, 1, 0, 0, 1, 1, 0, 1, 1, 1, 1, 0, 1, 1, 0, 0, 0, 0, 0, 1, 1, 1, 1, 1, 0, 0, 1, 1, 0, 0, 1, 0, 0, 0, 1, 0, 1, 0, 1, 0, 0, 0, 1, 0, 0, 1, 0, 1, 1, 0, 1, 1, 1, 1, 0, 0, 0, 1, 1, 1, 1, 0, 1, 0, 1, 0, 0, 0, 1, 1, 0, 1, 1, 1, 1, 0, 1, 0, 1, 1, 0, 1, 0, 0, 1, 1, 0, 0, 0, 1, 1, 0, 1, 1, 1, 0, 1, 0, 0, 0, 1, 0, 0, 1, 1, 0, 0, 0, 1, 0, 1, 1, 1, 1, 0, 1, 1, 0, 0, 0, 0, 0, 0, 1, 0, 0, 0, 1, 0, 0, 0, 0, 1, 1, 1, 0, 1, 0, 1, 1, 0, 0, 1, 0, 0, 1, 0, 1, 1, 1, 1, 1, 0, 0, 0, 1, 1, 1, 1, 0, 0, 0, 0, 1, 0, 1, 0, 1, 0, 0, 1, 0, 0, 1, 0, 0, 1, 1, 1, 0, 1, 0, 1, 0, 0, 1, 1, 1, 1, 0, 0, 1, 1, 1, 0, 0, 1, 1, 0, 1, 1, 0, 0, 1, 1, 0, 0, 1, 1, 1, 1, 0, 1, 1, 0, 0, 1, 0, 0, 1, 0, 1, 0, 1, 1, 1, 0, 0, 0, 0, 0, 0, 1, 0, 1, 1, 1, 0, 0, 1, 1, 1, 0, 0, 1, 0, 1, 1, 0, 1, 0, 1, 0, 1, 0, 0, 0, 0, 1, 1, 1, 1, 1, 0, 0, 0, 1, 0, 1, 1, 0, 1, 1, 1, 1, 0, 0, 1, 0, 0, 0, 0, 1, 1, 0, 1, 1, 1, 1, 1, 1, 0, 0, 0, 0, 0, 1, 0, 0, 0, 1, 1, 1, 0, 0, 0, 0, 1, 0, 1, 1, 0, 1, 1, 0, 1, 0, 0, 0, 0, 1, 1, 0, 1, 1, 0, 1, 0, 0, 0, 0, 1, 0, 0, 0, 0, 1, 1, 1, 0, 0, 0, 0, 1, 1, 0, 1, 1, 0, 1, 1, 1, 0, 1, 0, 0, 1, 0, 0, 1, 0, 1, 0, 0, 0, 1, 0, 0, 0, 0, 0, 1, 1, 1, 1, 0, 0, 0, 1, 0, 0, 1, 0, 0, 1, 1, 0, 0, 0, 1, 0, 1, 0, 1, 0, 1, 1, 0, 1, 1, 1, 1, 1, 0, 1, 1, 0, 0, 0, 0, 1, 0, 1, 0, 0, 1, 0, 0, 1, 1, 0, 0, 1, 1, 0, 0, 1, 0, 0, 0, 0, 1, 1, 1, 1, 1, 1, 1, 0, 0, 1, 0, 1, 1, 1, 1, 0, 0, 0, 1, 1, 1, 0, 0, 0, 0, 1, 0, 1, 0, 1, 0, 0, 1, 0, 1, 0, 1, 1, 0, 1, 1, 1, 0, 1, 0, 1, 1, 0, 1, 0, 0, 0, 0, 1, 1, 0, 1, 0, 1, 1, 0, 0, 0, 0, 0, 0, 1, 0, 0, 0, 0, 0, 0, 1, 0, 1, 0, 1, 1, 0, 1, 0, 1, 0, 0, 0, 1, 1, 1, 0, 0, 0, 1, 0, 1, 1, 1, 0, 0, 0, 1, 1, 0, 1, 1, 0, 0, 1, 0, 0, 1, 0, 1, 0, 1, 1, 1, 0, 0, 0, 1, 1, 0, 0, 1, 1, 1, 0, 0, 1, 0, 0, 0, 1, 0, 1, 0, 0, 1, 1, 1, 0, 1, 0, 0, 0, 1, 1, 0, 1, 1, 1, 0, 0, 1, 0, 1, 0, 0, 1, 1, 0, 0, 0, 1, 1, 1, 0, 1, 1, 1, 0, 0, 1, 1, 0, 1, 1, 0, 0, 0, 0, 0, 0, 0, 1, 0, 0, 0, 1, 0, 1, 1, 1, 1, 0, 0, 0, 0, 1, 1, 1, 1, 1, 0, 1, 0, 1, 0, 0, 0, 0, 0, 0, 0, 1, 0, 1, 1, 1, 0, 0, 0, 0, 1, 0, 1, 0, 1, 0, 1, 0, 1, 0, 0, 1, 1, 0, 1, 1, 1, 0, 1, 0, 1, 1, 0, 1, 1, 1, 0, 0, 1, 0, 1, 0, 0, 0, 1, 1, 1, 1, 1, 0, 1, 0, 0, 1, 1, 1, 0, 0, 1, 0, 1, 0, 0, 1, 1, 0, 0], "y-hat": [0.482, 0.984, 0.114, 0.994, 0.986, 0.02, 0.008, 0.048, 0.026, 0.052, 0.99, 0.93, 0.148, 0.988, 0.174, 0.944, 0.954, 0.976, 0.976, 0.992, 0.064, 0.988, 0.978, 0.954, 0.968, 0.048, 0.992, 0.994, 0.128, 0.624, 0.634, 0.6, 0.138, 0.956, 0.808, 0.994, 0.31, 0.998, 0.212, 0.06, 0.984, 0.024, 0.994, 1.0, 0.05, 0.048, 0.984, 0.26, 0.776, 0.128, 0.256, 0.038, 0.014, 0.022, 0.91, 0.982, 0.222, 0.08, 0.564, 0.964, 0.99, 0.03, 0.02, 0.928, 0.232, 0.106, 0.998, 0.986, 0.978, 0.852, 0.148, 0.218, 0.196, 0.994, 0.604, 0.988, 0.144, 0.064, 0.986, 0.996, 0.096, 0.994, 0.578, 0.954, 0.356, 0.958, 0.182, 0.998, 0.17, 0.958, 0.944, 0.702, 0.096, 0.026, 0.996, 0.082, 0.994, 0.098, 0.368, 0.992, 0.058, 0.132, 0.608, 0.988, 0.996, 0.776, 0.02, 0.966, 0.958, 0.024, 0.652, 0.108, 0.698, 0.104, 0.864, 0.994, 0.006, 0.014, 0.068, 0.822, 0.022, 0.948, 0.27, 0.686, 0.09, 0.072, 0.99, 0.04, 0.032, 0.234, 0.196, 0.102, 0.062, 0.66, 0.036, 0.982, 0.81, 0.964, 0.038, 0.972, 0.992, 0.806, 0.09, 0.994, 0.918, 0.858, 0.066, 0.952, 0.86, 0.02, 0.982, 0.044, 0.956, 0.994, 0.926, 0.132, 0.99, 0.05, 0.958, 0.07, 0.994, 0.176, 0.982, 0.152, 0.35, 0.07, 0.154, 0.052, 0.992, 0.996, 0.918, 0.864, 0.038, 0.164, 0.908, 0.99, 0.968, 0.672, 0.984, 0.028, 0.038, 0.97, 0.222, 0.186, 0.082, 0.996, 0.93, 0.99, 0.99, 0.184, 0.994, 0.486, 0.998, 0.012, 0.904, 0.162, 0.04, 0.014, 0.994, 0.998, 0.886, 0.986, 0.058, 0.99, 0.076, 0.12, 0.992, 0.024, 1.0, 0.156, 0.8, 0.098, 0.99, 1.0, 0.088, 0.074, 0.756, 0.008, 0.994, 0.13, 0.864, 0.608, 0.028, 0.99, 0.024, 0.144, 0.992, 0.638, 0.154, 0.434, 0.014, 0.062, 0.988, 0.018, 0.032, 0.038, 0.092, 0.976, 0.104, 0.84, 0.828, 0.226, 0.012, 0.024, 0.006, 0.47, 0.582, 0.314, 0.984, 0.992, 0.878, 0.994, 0.99, 0.072, 0.992, 0.036, 0.984, 0.878, 0.066, 0.986, 0.99, 0.104, 0.064, 0.45, 0.09, 0.988, 0.058, 0.984, 0.956, 0.478, 0.048, 0.016, 0.616, 0.61, 0.01, 0.012, 0.17, 0.932, 0.982, 0.978, 0.928, 0.802, 0.038, 0.984, 0.056, 0.186, 0.064, 0.834, 0.022, 1.0, 0.014, 0.122, 0.326, 0.972, 0.014, 0.986, 0.938, 0.618, 0.99, 0.196, 0.974, 0.992, 0.146, 0.156, 0.012, 0.178, 0.042, 0.758, 0.392, 0.748, 0.976, 0.992, 0.024, 0.034, 0.66, 0.992, 0.024, 0.03, 0.994, 0.156, 0.022, 0.144, 0.988, 0.152, 0.75, 0.016, 0.736, 0.916, 0.19, 0.188, 0.858, 0.088, 0.068, 0.582, 0.028, 0.992, 0.946, 0.276, 0.972, 0.972, 0.978, 0.976, 0.374, 0.144, 0.038, 0.532, 0.958, 0.98, 0.962, 0.082, 0.902, 0.038, 0.82, 0.074, 0.028, 0.124, 0.964, 0.96, 0.856, 0.412, 0.948, 0.992, 0.99, 0.186, 0.946, 0.086, 0.134, 0.996, 0.11, 0.92, 0.188, 0.036, 0.712, 0.724, 0.136, 0.064, 0.018, 0.998, 0.996, 0.07, 0.73, 0.986, 0.988, 0.12, 0.726, 0.076, 0.084, 0.486, 0.898, 0.298, 0.162, 0.954, 0.996, 0.082, 0.062, 0.092, 0.968, 0.02, 0.73, 0.996, 0.996, 0.996, 0.034, 0.966, 0.962, 0.338, 0.026, 0.3, 0.29, 0.304, 0.018, 0.922, 0.102, 0.012, 0.476, 0.986, 0.448, 0.064, 0.066, 0.026, 0.982, 0.94, 0.984, 0.104, 0.952, 0.016, 1.0, 0.982, 0.02, 0.178, 0.522, 0.086, 0.036, 0.688, 0.088, 0.91, 0.996, 0.998, 0.998, 0.98, 0.078, 0.226, 0.024, 0.994, 0.988, 0.982, 0.636, 0.016, 0.072, 0.034, 0.142, 0.948, 0.07, 0.9, 0.26, 0.768, 0.064, 0.018, 0.994, 0.074, 0.044, 0.868, 0.458, 0.108, 0.988, 0.778, 0.994, 0.056, 0.964, 0.01, 0.978, 0.016, 0.09, 0.912, 0.976, 0.968, 0.982, 0.09, 0.05, 0.794, 0.976, 0.79, 0.198, 0.024, 0.994, 0.83, 0.148, 0.694, 0.98, 0.04, 0.018, 0.614, 0.728, 0.024, 0.026, 0.98, 0.632, 0.946, 0.968, 0.098, 0.682, 0.986, 0.016, 0.026, 0.494, 0.064, 0.048, 0.874, 0.23, 0.884, 0.062, 0.978, 0.964, 0.118, 0.01, 0.046, 0.104, 0.058, 0.026, 0.052, 0.248, 0.006, 0.686, 0.97, 0.396, 0.054, 0.146, 0.992, 0.528, 0.992, 0.192, 0.118, 0.872, 0.22, 0.592, 0.978, 0.214, 0.998, 0.066, 0.862, 0.192, 0.878, 0.008, 0.078, 0.17, 0.076, 0.98, 0.994, 0.994, 0.876, 0.976, 0.054, 0.018, 0.068, 0.838, 0.098, 0.986, 0.86, 0.06, 0.978, 0.944, 0.994, 0.992, 0.018, 0.024, 0.816, 0.064, 0.076, 0.044, 0.118, 0.754, 0.832, 0.114, 0.978, 0.98, 0.164, 0.994, 0.576, 0.93, 0.022, 0.086, 0.016, 0.056, 0.396, 0.782, 0.016, 0.098, 0.022, 0.984, 0.976, 0.996, 0.148, 0.202, 0.06, 0.06, 0.878, 0.08, 0.878, 0.988, 0.078, 0.404, 0.844, 0.036, 0.704, 0.012, 0.134, 0.008, 0.266, 0.994, 0.98, 0.346, 0.996, 0.998, 0.026, 0.972, 0.072, 0.028, 0.156, 0.032, 0.538, 0.104, 0.256, 0.126, 0.3, 0.932, 0.766, 0.994, 0.012, 0.058, 0.13, 0.068, 0.98, 0.782, 0.09, 0.994, 0.97, 0.09, 0.988, 0.966, 0.99, 0.206, 0.984, 0.202, 0.336, 0.412, 0.018, 0.04, 0.762, 0.216, 1.0, 0.012, 0.092, 0.146, 0.864, 0.01, 0.004, 0.2, 0.086, 0.034, 0.956, 0.974, 0.966, 0.914, 0.114, 0.118, 0.056, 0.998, 0.07, 0.102, 0.998, 0.134, 0.234, 0.984, 0.912, 0.078, 0.046, 0.138, 0.99, 0.08, 0.754, 0.078, 0.834, 0.188, 0.988, 0.902, 0.02, 0.922, 0.322, 0.98, 0.8, 0.898, 0.018, 0.99, 0.984, 0.042, 0.032, 0.046, 0.024, 0.976, 0.072, 0.974, 0.014, 0.03, 0.998, 0.054, 0.078, 0.75, 0.976, 0.02, 0.156, 0.966, 0.996, 0.172, 0.104, 0.96, 0.08, 0.11, 0.012, 0.114, 0.994, 0.988, 0.998, 0.994, 0.98, 0.966, 