{"auroc": 0.9947739999999999, "aupr": 0.9947350979862651, "y": [1, 1, 0, 1, 1, 0, 0, 0, 0, 0, 1, 1, 0, 1, 0, 1, 1, 1, 1, 1, 0, 1, 1, 1, 1, 0, 1, 1, 0, 1, 1, 1, 0, 1, 1, 1, 0, 1, 0, 0, 1, 0, 1, 1, 0, 0, 1, 0, 1, 0, 0, 0, 0, 0, 1, 1, 0, 0, 0, 1, 1, 0, 0, 1, 0, 0, 1, 1, 1, 1, 0, 0, 0, 1, 1, 1, 0, 0, 1, 1, 0, 1, 1, 1, 0, 1, 0, 1, 0, 1, 1, 0, 0, 0, 1, 0, 1, 0, 0, 1, 0, 0, 1, 1, 1, 1, 0, 1, 1, 0, 1, 0, 1, 0, 1, 1, 0, 0, 0, 1, 0, 1, 0, 1, 0, 0, 1, 0, 0, 0, 0, 0, 0, 1, 0, 1, 1, 1, 0, 1, 1, 1, 0, 1, 1, 1, 0, 1, 1, 0, 1, 0, 1, 1, 1, 0, 1, 0, 1, 0, 1, 0, 1, 0, 1, 0, 0, 0, 1, 1, 1, 1, 0, 0, 1, 1, 1, 1, 1, 0, 0, 1, 0, 0, 0, 1, 0, 1, 1, 0, 1, 1, 1, 0, 1, 0, 0, 0, 1, 1, 1, 1, 0, 1, 0, 0, 1, 0, 1, 0, 1, 0, 1, 1, 0, 0, 1, 0, 1, 0, 1, 1, 0, 1, 0, 0, 1, 1, 0, 0, 0, 0, 1, 0, 0, 0, 0, 1, 0, 1, 1, 0, 0, 0, 0, 1, 1, 1, 1, 1, 1, 1, 1, 0, 1, 0, 1, 1, 0, 1, 1, 0, 0, 1, 0, 1, 0, 1, 1, 1, 0, 0, 1, 1, 0, 0, 0, 1, 1, 1, 1, 1, 0, 1, 0, 0, 0, 1, 0, 1, 0, 0, 1, 1, 0, 1, 1, 1, 1, 0, 1, 1, 0, 0, 0, 0, 0, 1, 1, 1, 1, 1, 0, 0, 1, 1, 0, 0, 1, 0, 0, 0, 1, 0, 1, 0, 1, 0, 0, 0, 1, 0, 0, 1, 0, 1, 1, 0, 1, 1, 1, 1, 0, 0, 0, 1, 1, 1, 1, 0, 1, 0, 1, 0, 0, 0, 1, 1, 0, 1, 1, 1, 1, 0, 1, 0, 1, 1, 0, 1, 0, 0, 1, 1, 0, 0, 0, 1, 1, 0, 1, 1, 1, 0, 1, 0, 0, 0, 1, 0, 0, 1, 1, 0, 0, 0, 1, 0, 1, 1, 1, 1, 0, 1, 1, 0, 0, 0, 0, 0, 0, 1, 0, 0, 0, 1, 0, 0, 0, 0, 1, 1, 1, 0, 1, 0, 1, 1, 0, 0, 1, 0, 0, 1, 0, 1, 1, 1, 1, 1, 0, 0, 0, 1, 1, 1, 1, 0, 0, 0, 0, 1, 0, 1, 0, 1, 0, 0, 1, 0, 0, 1, 0, 0, 1, 1, 1, 0, 1, 0, 1, 0, 0, 1, 1, 1, 1, 0, 0, 1, 1, 1, 0, 0, 1, 1, 0, 1, 1, 0, 0, 1, 1, 0, 0, 1, 1, 1, 1, 0, 1, 1, 0, 0, 1, 0, 0, 1, 0, 1, 0, 1, 1, 1, 0, 0, 0, 0, 0, 0, 1, 0, 1, 1, 1, 0, 0, 1, 1, 1, 0, 0, 1, 0, 1, 1, 0, 1, 0, 1, 0, 1, 0, 0, 0, 0, 1, 1, 1, 1, 1, 0, 0, 0, 1, 0, 1, 1, 0, 1, 1, 1, 1, 0, 0, 1, 0, 0, 0, 0, 1, 1, 0, 1, 1, 1, 1, 1, 1, 0, 0, 0, 0, 0, 1, 0, 0, 0, 1, 1, 1, 0, 0, 0, 0, 1, 0, 1, 1, 0, 1, 1, 0, 1, 0, 0, 0, 0, 1, 1, 0, 1, 1, 0, 1, 0, 0, 0, 0, 1, 0, 0, 0, 0, 1, 1, 1, 0, 0, 0, 0, 1, 1, 0, 1, 1, 0, 1, 1, 1, 0, 1, 0, 0, 1, 0, 0, 1, 0, 1, 0, 0, 0, 1, 0, 0, 0, 0, 0, 1, 1, 1, 1, 0, 0, 0, 1, 0, 0, 1, 0, 0, 1, 1, 0, 0, 0, 1, 0, 1, 0, 1, 0, 1, 1, 0, 1, 1, 1, 1, 1, 0, 1, 1, 0, 0, 0, 0, 1, 0, 1, 0, 0, 1, 0, 0, 1, 1, 0, 0, 1, 1, 0, 0, 1, 0, 0, 0, 0, 1, 1, 1, 1, 1, 1, 1, 0, 0, 1, 0, 1, 1, 1, 1, 0, 0, 0, 1, 1, 1, 0, 0, 0, 0, 1, 0, 1, 0, 1, 0, 0, 1, 0, 1, 0, 1, 1, 0, 1, 1, 1, 0, 1, 0, 1, 1, 0, 1, 0, 0, 0, 0, 1, 1, 0, 1, 0, 1, 1, 0, 0, 0, 0, 0, 0, 1, 0, 0, 0, 0, 0, 0, 1, 0, 1, 0, 1, 1, 0, 1, 0, 1, 0, 0, 0, 1, 1, 1, 0, 0, 0, 1, 0, 1, 1, 1, 0, 0, 0, 1, 1, 0, 1, 1, 0, 0, 1, 0, 0, 1, 0, 1, 0, 1, 1, 1, 0, 0, 0, 1, 1, 0, 0, 1, 1, 1, 0, 0, 1, 0, 0, 0, 1, 0, 1, 0, 0, 1, 1, 1, 0, 1, 0, 0, 0, 1, 1, 0, 1, 1, 1, 0, 0, 1, 0, 1, 0, 0, 1, 1, 0, 0, 0, 1, 1, 1, 0, 1, 1, 1, 0, 0, 1, 1, 0, 1, 1, 0, 0, 0, 0, 0, 0, 0, 1, 0, 0, 0, 1, 0, 1, 1, 1, 1, 0, 0, 0, 0, 1, 1, 1, 1, 1, 0, 1, 0, 1, 0, 0, 0, 0, 0, 0, 0, 1, 0, 1, 1, 1, 0, 0, 0, 0, 1, 0, 1, 0, 1, 0, 1, 0, 1, 0, 0, 1, 1, 0, 1, 1, 1, 0, 1, 0, 1, 1, 0, 1, 1, 1, 0, 0, 1, 0, 1, 0, 0, 0, 1, 1, 1, 1, 1, 0, 1, 0, 0, 1, 1, 1, 0, 0, 1, 0, 1, 0, 0, 1, 1, 0, 0], "y-hat": [0.454, 0.994, 0.078, 0.998, 0.996, 0.028, 0.0, 0.05, 0.016, 0.022, 0.99, 0.936, 0.148, 0.994, 0.144, 0.944, 0.946, 0.974, 0.988, 0.996, 0.048, 0.992, 0.998, 0.952, 0.956, 0.04, 0.992, 0.994, 0.144, 0.63, 0.638, 0.646, 0.114, 0.978, 0.854, 0.992, 0.23, 0.996, 0.184, 0.064, 0.998, 0.008, 0.992, 0.998, 0.07, 0.044, 0.984, 0.286, 0.742, 0.136, 0.246, 0.05, 0.024, 0.016, 0.942, 0.988, 0.194, 0.094, 0.48, 0.982, 0.99, 0.01, 0.014, 0.946, 0.2, 0.126, 0.99, 0.992, 0.98, 0.878, 0.138, 0.186, 0.174, 0.996, 0.652, 0.986, 0.16, 0.048, 0.99, 0.996, 0.082, 1.0, 0.626, 0.984, 0.348, 0.972, 0.176, 0.992, 0.184, 0.982, 0.928, 0.75, 0.078, 0.022, 0.998, 0.08, 0.996, 0.086, 0.434, 0.992, 0.064, 0.11, 0.684, 0.996, 0.996, 0.804, 0.028, 0.976, 0.976, 0.02, 0.658, 0.128, 0.658, 0.06, 0.87, 0.994, 0.012, 0.022, 0.052, 0.834, 0.034, 0.982, 0.298, 0.646, 0.086, 0.048, 0.984, 0.018, 0.026, 0.24, 0.212, 0.098, 0.068, 0.654, 0.026, 0.99, 0.826, 0.996, 0.026, 0.966, 0.994, 0.826, 0.086, 0.994, 0.942, 0.786, 0.058, 0.962, 0.886, 0.014, 0.992, 0.068, 0.976, 0.994, 0.934, 0.092, 0.986, 0.03, 0.966, 0.062, 0.998, 0.166, 0.984, 0.174, 0.356, 0.038, 0.18, 0.046, 0.996, 0.994, 0.922, 0.82, 0.028, 0.174, 0.91, 0.996, 0.962, 0.688, 0.974, 0.028, 0.018, 0.976, 0.18, 0.172, 0.096, 0.994, 0.908, 0.992, 0.996, 0.208, 0.994, 0.458, 0.996, 0.014, 0.902, 0.132, 0.032, 0.006, 0.998, 0.99, 0.904, 1.0, 0.054, 0.988, 0.078, 0.178, 0.992, 0.016, 1.0, 0.158, 0.786, 0.11, 0.998, 0.996, 0.064, 0.056, 0.758, 0.008, 0.986, 0.094, 0.868, 0.612, 0.02, 1.0, 0.032, 0.106, 0.994, 0.68, 0.152, 0.46, 0.006, 0.024, 0.98, 0.014, 0.028, 0.048, 0.078, 0.966, 0.09, 0.808, 0.83, 0.248, 0.02, 0.018, 0.018, 0.458, 0.596, 0.288, 0.996, 0.99, 0.89, 0.996, 0.994, 0.094, 0.992, 0.034, 0.98, 0.9, 0.076, 0.988, 0.996, 0.084, 0.04, 0.486, 0.076, 0.994, 0.056, 0.99, 0.966, 0.466, 0.044, 0.014, 0.584, 0.648, 0.018, 0.022, 0.142, 0.926, 0.992, 0.974, 0.948, 0.826, 0.026, 0.99, 0.07, 0.16, 0.07, 0.858, 0.02, 0.99, 0.01, 0.124, 0.356, 0.956, 0.002, 0.996, 0.95, 0.562, 0.986, 0.236, 0.968, 0.996, 0.118, 0.11, 0.016, 0.18, 0.036, 0.724, 0.39, 0.79, 0.982, 0.996, 0.016, 0.04, 0.644, 0.992, 0.014, 0.056, 0.992, 0.168, 0.02, 0.134, 0.988, 0.114, 0.76, 0.012, 0.682, 0.912, 0.118, 0.222, 0.87, 0.064, 0.032, 0.586, 0.028, 1.0, 0.95, 0.298, 0.992, 0.99, 0.982, 0.99, 0.388, 0.124, 0.024, 0.548, 0.97, 0.984, 0.986, 0.04, 0.93, 0.04, 0.878, 0.052, 0.016, 0.114, 0.986, 0.96, 0.88, 0.43, 0.974, 0.992, 0.992, 0.178, 0.942, 0.064, 0.142, 0.998, 0.086, 0.916, 0.166, 0.024, 0.76, 0.666, 0.126, 0.054, 0.006, 0.998, 0.988, 0.056, 0.734, 0.99, 0.984, 0.098, 0.692, 0.072, 0.074, 0.484, 0.87, 0.276, 0.13, 0.954, 0.998, 0.06, 0.044, 0.078, 0.968, 0.012, 0.71, 0.994, 0.998, 0.992, 0.046, 0.978, 0.972, 0.334, 0.028, 0.298, 0.28, 0.338, 0.01, 0.96, 0.09, 0.024, 0.54, 0.99, 0.48, 0.06, 0.054, 0.018, 0.984, 0.958, 0.998, 0.068, 0.954, 0.004, 0.996, 0.996, 0.012, 0.152, 0.546, 0.056, 0.034, 0.696, 0.058, 0.882, 0.994, 1.0, 0.998, 0.982, 0.08, 0.208, 0.026, 0.992, 0.99, 0.944, 0.686, 0.016, 0.056, 0.036, 0.154, 0.984, 0.054, 0.904, 0.274, 0.794, 0.058, 0.02, 0.988, 0.064, 0.048, 0.844, 0.478, 0.062, 0.99, 0.766, 0.998, 0.046, 0.938, 0.016, 0.986, 0.022, 0.078, 0.936, 0.958, 0.978, 0.976, 0.112, 0.056, 0.828, 0.986, 0.758, 0.178, 0.014, 0.996, 0.85, 0.166, 0.726, 0.98, 0.048, 0.004, 0.592, 0.726, 0.014, 0.02, 0.992, 0.586, 0.968, 0.978, 0.096, 0.698, 0.998, 0.006, 0.018, 0.502, 0.048, 0.032, 0.894, 0.262, 0.91, 0.034, 0.984, 0.986, 0.082, 0.006, 0.03, 0.074, 0.052, 0.016, 0.048, 0.226, 0.01, 0.598, 0.97, 0.408, 0.064, 0.126, 0.996, 0.536, 0.988, 0.204, 0.12, 0.852, 0.18, 0.686, 0.976, 0.16, 0.994, 0.048, 0.85, 0.164, 0.854, 0.01, 0.072, 0.156, 0.084, 0.972, 0.996, 0.998, 0.888, 0.99, 0.048, 0.022, 0.032, 0.904, 0.104, 0.948, 0.868, 0.056, 0.98, 0.974, 0.994, 0.99, 0.008, 0.042, 0.8, 0.046, 0.09, 0.028, 0.076, 0.802, 0.86, 0.1, 0.992, 0.996, 0.18, 0.998, 0.588, 0.96, 0.018, 0.068, 0.01, 0.054, 0.47, 0.696, 0.02, 0.092, 0.022, 0.982, 0.99, 0.992, 0.216, 0.156, 0.05, 0.054, 0.934, 0.094, 0.884, 0.998, 0.062, 0.382, 0.832, 0.032, 0.696, 0.01, 0.152, 0.006, 0.268, 0.992, 0.994, 0.378, 0.996, 0.994, 0.008, 0.974, 0.074, 0.008, 0.162, 0.014, 0.556, 0.096, 0.232, 0.1, 0.298, 0.918, 0.772, 0.99, 0.01, 0.05, 0.12, 0.06, 0.974, 0.808, 0.096, 0.992, 0.982, 0.084, 0.988, 0.954, 0.98, 0.178, 0.986, 0.188, 0.322, 0.4, 0.002, 0.044, 0.748, 0.2, 0.986, 0.016, 0.074, 0.12, 0.872, 0.002, 0.018, 0.154, 0.046, 0.014, 0.972, 0.984, 0.964, 0.938, 0.07, 0.1, 0.048, 0.99, 0.074, 0.078, 0.99, 0.108, 0.212, 0.974, 0.964, 0.066, 0.028, 0.124, 0.996, 0.078, 0.758, 0.056, 0.808, 0.19, 0.998, 0.91, 0.012, 0.924, 0.354, 0.968, 0.822, 0.916, 0.016, 0.988, 0.98, 0.026, 0.02, 0.026, 0.04, 0.976, 0.07, 0.994, 0.014, 0.03, 0.992, 0.064, 0.096, 0.77, 0.99, 0.054, 0.172, 0.978, 0.996, 0.144, 0.088, 0.974, 0.06, 0.124, 0.012, 0.09, 0.99, 0.984, 0.994, 0.996, 0.984, 0.954, 0.7, 0.094, 