{"auroc": 0.9952540000000001, "aupr": 0.9950379413667391, "y": [1, 1, 0, 1, 1, 0, 0, 0, 0, 0, 1, 1, 0, 1, 0, 1, 1, 1, 1, 1, 0, 1, 1, 1, 1, 0, 1, 1, 0, 1, 1, 1, 0, 1, 1, 1, 0, 1, 0, 0, 1, 0, 1, 1, 0, 0, 1, 0, 1, 0, 0, 0, 0, 0, 1, 1, 0, 0, 0, 1, 1, 0, 0, 1, 0, 0, 1, 1, 1, 1, 0, 0, 0, 1, 1, 1, 0, 0, 1, 1, 0, 1, 1, 1, 0, 1, 0, 1, 0, 1, 1, 0, 0, 0, 1, 0, 1, 0, 0, 1, 0, 0, 1, 1, 1, 1, 0, 1, 1, 0, 1, 0, 1, 0, 1, 1, 0, 0, 0, 1, 0, 1, 0, 1, 0, 0, 1, 0, 0, 0, 0, 0, 0, 1, 0, 1, 1, 1, 0, 1, 1, 1, 0, 1, 1, 1, 0, 1, 1, 0, 1, 0, 1, 1, 1, 0, 1, 0, 1, 0, 1, 0, 1, 0, 1, 0, 0, 0, 1, 1, 1, 1, 0, 0, 1, 1, 1, 1, 1, 0, 0, 1, 0, 0, 0, 1, 0, 1, 1, 0, 1, 1, 1, 0, 1, 0, 0, 0, 1, 1, 1, 1, 0, 1, 0, 0, 1, 0, 1, 0, 1, 0, 1, 1, 0, 0, 1, 0, 1, 0, 1, 1, 0, 1, 0, 0, 1, 1, 0, 0, 0, 0, 1, 0, 0, 0, 0, 1, 0, 1, 1, 0, 0, 0, 0, 1, 1, 1, 1, 1, 1, 1, 1, 0, 1, 0, 1, 1, 0, 1, 1, 0, 0, 1, 0, 1, 0, 1, 1, 1, 0, 0, 1, 1, 0, 0, 0, 1, 1, 1, 1, 1, 0, 1, 0, 0, 0, 1, 0, 1, 0, 0, 1, 1, 0, 1, 1, 1, 1, 0, 1, 1, 0, 0, 0, 0, 0, 1, 1, 1, 1, 1, 0, 0, 1, 1, 0, 0, 1, 0, 0, 0, 1, 0, 1, 0, 1, 0, 0, 0, 1, 0, 0, 1, 0, 1, 1, 0, 1, 1, 1, 1, 0, 0, 0, 1, 1, 1, 1, 0, 1, 0, 1, 0, 0, 0, 1, 1, 0, 1, 1, 1, 1, 0, 1, 0, 1, 1, 0, 1, 0, 0, 1, 1, 0, 0, 0, 1, 1, 0, 1, 1, 1, 0, 1, 0, 0, 0, 1, 0, 0, 1, 1, 0, 0, 0, 1, 0, 1, 1, 1, 1, 0, 1, 1, 0, 0, 0, 0, 0, 0, 1, 0, 0, 0, 1, 0, 0, 0, 0, 1, 1, 1, 0, 1, 0, 1, 1, 0, 0, 1, 0, 0, 1, 0, 1, 1, 1, 1, 1, 0, 0, 0, 1, 1, 1, 1, 0, 0, 0, 0, 1, 0, 1, 0, 1, 0, 0, 1, 0, 0, 1, 0, 0, 1, 1, 1, 0, 1, 0, 1, 0, 0, 1, 1, 1, 1, 0, 0, 1, 1, 1, 0, 0, 1, 1, 0, 1, 1, 0, 0, 1, 1, 0, 0, 1, 1, 1, 1, 0, 1, 1, 0, 0, 1, 0, 0, 1, 0, 1, 0, 1, 1, 1, 0, 0, 0, 0, 0, 0, 1, 0, 1, 1, 1, 0, 0, 1, 1, 1, 0, 0, 1, 0, 1, 1, 0, 1, 0, 1, 0, 1, 0, 0, 0, 0, 1, 1, 1, 1, 1, 0, 0, 0, 1, 0, 1, 1, 0, 1, 1, 1, 1, 0, 0, 1, 0, 0, 0, 0, 1, 1, 0, 1, 1, 1, 1, 1, 1, 0, 0, 0, 0, 0, 1, 0, 0, 0, 1, 1, 1, 0, 0, 0, 0, 1, 0, 1, 1, 0, 1, 1, 0, 1, 0, 0, 0, 0, 1, 1, 0, 1, 1, 0, 1, 0, 0, 0, 0, 1, 0, 0, 0, 0, 1, 1, 1, 0, 0, 0, 0, 1, 1, 0, 1, 1, 0, 1, 1, 1, 0, 1, 0, 0, 1, 0, 0, 1, 0, 1, 0, 0, 0, 1, 0, 0, 0, 0, 0, 1, 1, 1, 1, 0, 0, 0, 1, 0, 0, 1, 0, 0, 1, 1, 0, 0, 0, 1, 0, 1, 0, 1, 0, 1, 1, 0, 1, 1, 1, 1, 1, 0, 1, 1, 0, 0, 0, 0, 1, 0, 1, 0, 0, 1, 0, 0, 1, 1, 0, 0, 1, 1, 0, 0, 1, 0, 0, 0, 0, 1, 1, 1, 1, 1, 1, 1, 0, 0, 1, 0, 1, 1, 1, 1, 0, 0, 0, 1, 1, 1, 0, 0, 0, 0, 1, 0, 1, 0, 1, 0, 0, 1, 0, 1, 0, 1, 1, 0, 1, 1, 1, 0, 1, 0, 1, 1, 0, 1, 0, 0, 0, 0, 1, 1, 0, 1, 0, 1, 1, 0, 0, 0, 0, 0, 0, 1, 0, 0, 0, 0, 0, 0, 1, 0, 1, 0, 1, 1, 0, 1, 0, 1, 0, 0, 0, 1, 1, 1, 0, 0, 0, 1, 0, 1, 1, 1, 0, 0, 0, 1, 1, 0, 1, 1, 0, 0, 1, 0, 0, 1, 0, 1, 0, 1, 1, 1, 0, 0, 0, 1, 1, 0, 0, 1, 1, 1, 0, 0, 1, 0, 0, 0, 1, 0, 1, 0, 0, 1, 1, 1, 0, 1, 0, 0, 0, 1, 1, 0, 1, 1, 1, 0, 0, 1, 0, 1, 0, 0, 1, 1, 0, 0, 0, 1, 1, 1, 0, 1, 1, 1, 0, 0, 1, 1, 0, 1, 1, 0, 0, 0, 0, 0, 0, 0, 1, 0, 0, 0, 1, 0, 1, 1, 1, 1, 0, 0, 0, 0, 1, 1, 1, 1, 1, 0, 1, 0, 1, 0, 0, 0, 0, 0, 0, 0, 1, 0, 1, 1, 1, 0, 0, 0, 0, 1, 0, 1, 0, 1, 0, 1, 0, 1, 0, 0, 1, 1, 0, 1, 1, 1, 0, 1, 0, 1, 1, 0, 1, 1, 1, 0, 0, 1, 0, 1, 0, 0, 0, 1, 1, 1, 1, 1, 0, 1, 0, 0, 1, 1, 1, 0, 0, 1, 0, 1, 0, 0, 1, 1, 0, 0], "y-hat": [0.478, 0.996, 0.094, 0.996, 0.998, 0.018, 0.014, 0.038, 0.028, 0.044, 0.994, 0.936, 0.124, 0.996, 0.136, 0.962, 0.96, 0.976, 0.994, 0.998, 0.056, 0.99, 0.986, 0.96, 0.97, 0.038, 1.0, 0.996, 0.146, 0.702, 0.596, 0.648, 0.1, 0.968, 0.804, 0.998, 0.276, 0.996, 0.222, 0.058, 0.992, 0.012, 0.984, 0.998, 0.042, 0.044, 0.986, 0.268, 0.742, 0.106, 0.266, 0.058, 0.026, 0.008, 0.954, 0.986, 0.172, 0.104, 0.484, 0.976, 0.982, 0.014, 0.008, 0.914, 0.206, 0.102, 0.994, 0.98, 0.984, 0.864, 0.168, 0.212, 0.202, 0.996, 0.628, 0.988, 0.11, 0.06, 0.984, 1.0, 0.058, 0.996, 0.602, 0.976, 0.334, 0.942, 0.142, 0.992, 0.182, 0.968, 0.932, 0.756, 0.096, 0.016, 0.994, 0.082, 0.998, 0.096, 0.424, 0.996, 0.07, 0.114, 0.624, 0.996, 0.996, 0.802, 0.016, 0.984, 0.972, 0.026, 0.668, 0.138, 0.712, 0.062, 0.87, 0.994, 0.008, 0.01, 0.058, 0.842, 0.02, 0.956, 0.26, 0.64, 0.088, 0.04, 0.994, 0.026, 0.02, 0.232, 0.202, 0.094, 0.068, 0.648, 0.026, 0.98, 0.822, 0.984, 0.038, 0.97, 0.99, 0.814, 0.076, 0.996, 0.938, 0.756, 0.044, 0.968, 0.904, 0.008, 0.998, 0.08, 0.964, 0.986, 0.938, 0.096, 0.98, 0.068, 0.98, 0.042, 0.996, 0.14, 0.982, 0.164, 0.384, 0.022, 0.168, 0.08, 0.992, 0.992, 0.924, 0.826, 0.02, 0.186, 0.934, 0.996, 0.96, 0.674, 0.988, 0.052, 0.032, 0.982, 0.192, 0.152, 0.086, 0.992, 0.938, 0.998, 0.992, 0.188, 0.994, 0.474, 0.994, 0.012, 0.91, 0.128, 0.032, 0.008, 0.996, 0.992, 0.874, 0.986, 0.04, 0.984, 0.074, 0.132, 0.986, 0.02, 0.998, 0.16, 0.804, 0.098, 0.998, 0.992, 0.07, 0.042, 0.738, 0.016, 0.994, 0.122, 0.852, 0.662, 0.036, 0.996, 0.032, 0.086, 0.992, 0.658, 0.134, 0.49, 0.02, 0.04, 0.988, 0.02, 0.03, 0.036, 0.084, 0.974, 0.064, 0.808, 0.784, 0.264, 0.02, 0.016, 0.01, 0.456, 0.626, 0.366, 0.994, 0.982, 0.9, 0.992, 0.992, 0.088, 0.994, 0.036, 0.974, 0.896, 0.072, 0.982, 0.99, 0.086, 0.028, 0.518, 0.05, 0.992, 0.074, 0.996, 0.984, 0.466, 0.048, 0.014, 0.616, 0.644, 0.008, 0.01, 0.124, 0.944, 0.988, 0.968, 0.914, 0.828, 0.042, 0.988, 0.048, 0.142, 0.06, 0.872, 0.014, 0.99, 0.01, 0.12, 0.322, 0.97, 0.0, 1.0, 0.942, 0.576, 0.992, 0.19, 0.976, 1.0, 0.152, 0.13, 0.012, 0.186, 0.028, 0.752, 0.432, 0.768, 0.974, 0.998, 0.012, 0.036, 0.69, 0.99, 0.012, 0.054, 0.98, 0.168, 0.006, 0.146, 0.992, 0.124, 0.756, 0.004, 0.718, 0.918, 0.15, 0.19, 0.864, 0.046, 0.038, 0.582, 0.022, 0.99, 0.974, 0.29, 0.98, 0.992, 0.996, 0.98, 0.396, 0.136, 0.03, 0.542, 0.98, 0.986, 0.968, 0.064, 0.93, 0.046, 0.86, 0.062, 0.032, 0.118, 0.992, 0.946, 0.858, 0.37, 0.968, 0.994, 0.994, 0.204, 0.95, 0.078, 0.176, 0.988, 0.102, 0.934, 0.15, 0.018, 0.774, 0.696, 0.106, 0.038, 0.01, 0.998, 0.998, 0.066, 0.716, 0.994, 0.996, 0.108, 0.706, 0.078, 0.094, 0.476, 0.894, 0.282, 0.152, 0.954, 0.996, 0.052, 0.05, 0.082, 0.986, 0.014, 0.658, 0.998, 0.996, 0.97, 0.034, 0.954, 0.95, 0.326, 0.032, 0.302, 0.282, 0.346, 0.01, 0.938, 0.076, 0.006, 0.514, 0.988, 0.464, 0.04, 0.03, 0.024, 0.994, 0.97, 0.992, 0.094, 0.946, 0.008, 1.0, 0.986, 0.014, 0.142, 0.49, 0.074, 0.04, 0.694, 0.062, 0.888, 0.994, 0.994, 0.996, 0.98, 0.086, 0.224, 0.038, 0.992, 1.0, 0.97, 0.686, 0.01, 0.084, 0.028, 0.172, 0.972, 0.076, 0.922, 0.276, 0.782, 0.064, 0.01, 0.986, 0.052, 0.03, 0.876, 0.494, 0.104, 0.998, 0.72, 0.996, 0.052, 0.95, 0.012, 0.994, 0.022, 0.092, 0.928, 0.974, 0.972, 0.972, 0.088, 0.05, 0.788, 0.978, 0.796, 0.176, 0.032, 1.0, 0.874, 0.136, 0.738, 0.974, 0.048, 0.004, 0.602, 0.776, 0.012, 0.014, 0.986, 0.594, 0.956, 0.984, 0.098, 0.648, 0.99, 0.024, 0.02, 0.494, 0.046, 0.074, 0.902, 0.24, 0.892, 0.048, 0.98, 0.976, 0.108, 0.014, 0.036, 0.068, 0.04, 0.028, 0.046, 0.222, 0.004, 0.67, 0.986, 0.414, 0.036, 0.148, 0.998, 0.554, 0.992, 0.17, 0.106, 0.828, 0.18, 0.638, 0.974, 0.202, 0.988, 0.036, 0.804, 0.184, 0.832, 0.002, 0.058, 0.174, 0.066, 0.97, 0.998, 0.998, 0.894, 0.986, 0.062, 0.032, 0.048, 0.886, 0.112, 0.956, 0.852, 0.04, 0.984, 0.942, 0.988, 0.996, 0.024, 0.044, 0.828, 0.034, 0.052, 0.03, 0.1, 0.79, 0.862, 0.11, 0.988, 0.992, 0.196, 0.998, 0.584, 0.95, 0.014, 0.078, 0.008, 0.054, 0.44, 0.774, 0.022, 0.062, 0.03, 0.98, 0.978, 0.996, 0.182, 0.188, 0.052, 0.036, 0.934, 0.124, 0.88, 0.996, 0.044, 0.384, 0.836, 0.024, 0.71, 0.018, 0.112, 0.01, 0.26, 0.992, 0.99, 0.39, 0.994, 0.996, 0.016, 0.972, 0.072, 0.014, 0.132, 0.024, 0.558, 0.098, 0.246, 0.106, 0.27, 0.934, 0.758, 0.99, 0.012, 0.044, 0.11, 0.074, 0.986, 0.776, 0.066, 1.0, 0.976, 0.076, 0.992, 0.978, 0.982, 0.176, 0.982, 0.21, 0.326, 0.404, 0.014, 0.07, 0.742, 0.206, 0.996, 0.02, 0.12, 0.118, 0.862, 0.008, 0.008, 0.168, 0.068, 0.014, 0.972, 0.988, 0.966, 0.948, 0.076, 0.102, 0.042, 0.994, 0.06, 0.12, 0.992, 0.124, 0.226, 0.986, 0.954, 0.056, 0.032, 0.11, 0.986, 0.044, 0.73, 0.06, 0.788, 0.174, 0.956, 0.918, 0.014, 0.944, 0.32, 0.99, 0.86, 0.938, 0.014, 0.98, 0.986, 0.052, 0.02, 0.024, 0.038, 0.962, 0.054, 0.992, 0.012, 0.03, 0.996, 0.058, 0.09, 0.71, 0.984, 0.054, 0.164, 0.974, 1.0, 0.14, 0.1, 0.96, 0.076, 0.124, 0.016, 0.096, 0.992, 0.988, 0.992, 0.994, 0.972, 0.952, 