{"auroc": 0.994852, "aupr": 0.9945495293511983, "y": [1, 1, 0, 1, 1, 0, 0, 0, 0, 0, 1, 1, 0, 1, 0, 1, 1, 1, 1, 1, 0, 1, 1, 1, 1, 0, 1, 1, 0, 1, 1, 1, 0, 1, 1, 1, 0, 1, 0, 0, 1, 0, 1, 1, 0, 0, 1, 0, 1, 0, 0, 0, 0, 0, 1, 1, 0, 0, 0, 1, 1, 0, 0, 1, 0, 0, 1, 1, 1, 1, 0, 0, 0, 1, 1, 1, 0, 0, 1, 1, 0, 1, 1, 1, 0, 1, 0, 1, 0, 1, 1, 0, 0, 0, 1, 0, 1, 0, 0, 1, 0, 0, 1, 1, 1, 1, 0, 1, 1, 0, 1, 0, 1, 0, 1, 1, 0, 0, 0, 1, 0, 1, 0, 1, 0, 0, 1, 0, 0, 0, 0, 0, 0, 1, 0, 1, 1, 1, 0, 1, 1, 1, 0, 1, 1, 1, 0, 1, 1, 0, 1, 0, 1, 1, 1, 0, 1, 0, 1, 0, 1, 0, 1, 0, 1, 0, 0, 0, 1, 1, 1, 1, 0, 0, 1, 1, 1, 1, 1, 0, 0, 1, 0, 0, 0, 1, 0, 1, 1, 0, 1, 1, 1, 0, 1, 0, 0, 0, 1, 1, 1, 1, 0, 1, 0, 0, 1, 0, 1, 0, 1, 0, 1, 1, 0, 0, 1, 0, 1, 0, 1, 1, 0, 1, 0, 0, 1, 1, 0, 0, 0, 0, 1, 0, 0, 0, 0, 1, 0, 1, 1, 0, 0, 0, 0, 1, 1, 1, 1, 1, 1, 1, 1, 0, 1, 0, 1, 1, 0, 1, 1, 0, 0, 1, 0, 1, 0, 1, 1, 1, 0, 0, 1, 1, 0, 0, 0, 1, 1, 1, 1, 1, 0, 1, 0, 0, 0, 1, 0, 1, 0, 0, 1, 1, 0, 1, 1, 1, 1, 0, 1, 1, 0, 0, 0, 0, 0, 1, 1, 1, 1, 1, 0, 0, 1, 1, 0, 0, 1, 0, 0, 0, 1, 0, 1, 0, 1, 0, 0, 0, 1, 0, 0, 1, 0, 1, 1, 0, 1, 1, 1, 1, 0, 0, 0, 1, 1, 1, 1, 0, 1, 0, 1, 0, 0, 0, 1, 1, 0, 1, 1, 1, 1, 0, 1, 0, 1, 1, 0, 1, 0, 0, 1, 1, 0, 0, 0, 1, 1, 0, 1, 1, 1, 0, 1, 0, 0, 0, 1, 0, 0, 1, 1, 0, 0, 0, 1, 0, 1, 1, 1, 1, 0, 1, 1, 0, 0, 0, 0, 0, 0, 1, 0, 0, 0, 1, 0, 0, 0, 0, 1, 1, 1, 0, 1, 0, 1, 1, 0, 0, 1, 0, 0, 1, 0, 1, 1, 1, 1, 1, 0, 0, 0, 1, 1, 1, 1, 0, 0, 0, 0, 1, 0, 1, 0, 1, 0, 0, 1, 0, 0, 1, 0, 0, 1, 1, 1, 0, 1, 0, 1, 0, 0, 1, 1, 1, 1, 0, 0, 1, 1, 1, 0, 0, 1, 1, 0, 1, 1, 0, 0, 1, 1, 0, 0, 1, 1, 1, 1, 0, 1, 1, 0, 0, 1, 0, 0, 1, 0, 1, 0, 1, 1, 1, 0, 0, 0, 0, 0, 0, 1, 0, 1, 1, 1, 0, 0, 1, 1, 1, 0, 0, 1, 0, 1, 1, 0, 1, 0, 1, 0, 1, 0, 0, 0, 0, 1, 1, 1, 1, 1, 0, 0, 0, 1, 0, 1, 1, 0, 1, 1, 1, 1, 0, 0, 1, 0, 0, 0, 0, 1, 1, 0, 1, 1, 1, 1, 1, 1, 0, 0, 0, 0, 0, 1, 0, 0, 0, 1, 1, 1, 0, 0, 0, 0, 1, 0, 1, 1, 0, 1, 1, 0, 1, 0, 0, 0, 0, 1, 1, 0, 1, 1, 0, 1, 0, 0, 0, 0, 1, 0, 0, 0, 0, 1, 1, 1, 0, 0, 0, 0, 1, 1, 0, 1, 1, 0, 1, 1, 1, 0, 1, 0, 0, 1, 0, 0, 1, 0, 1, 0, 0, 0, 1, 0, 0, 0, 0, 0, 1, 1, 1, 1, 0, 0, 0, 1, 0, 0, 1, 0, 0, 1, 1, 0, 0, 0, 1, 0, 1, 0, 1, 0, 1, 1, 0, 1, 1, 1, 1, 1, 0, 1, 1, 0, 0, 0, 0, 1, 0, 1, 0, 0, 1, 0, 0, 1, 1, 0, 0, 1, 1, 0, 0, 1, 0, 0, 0, 0, 1, 1, 1, 1, 1, 1, 1, 0, 0, 1, 0, 1, 1, 1, 1, 0, 0, 0, 1, 1, 1, 0, 0, 0, 0, 1, 0, 1, 0, 1, 0, 0, 1, 0, 1, 0, 1, 1, 0, 1, 1, 1, 0, 1, 0, 1, 1, 0, 1, 0, 0, 0, 0, 1, 1, 0, 1, 0, 1, 1, 0, 0, 0, 0, 0, 0, 1, 0, 0, 0, 0, 0, 0, 1, 0, 1, 0, 1, 1, 0, 1, 0, 1, 0, 0, 0, 1, 1, 1, 0, 0, 0, 1, 0, 1, 1, 1, 0, 0, 0, 1, 1, 0, 1, 1, 0, 0, 1, 0, 0, 1, 0, 1, 0, 1, 1, 1, 0, 0, 0, 1, 1, 0, 0, 1, 1, 1, 0, 0, 1, 0, 0, 0, 1, 0, 1, 0, 0, 1, 1, 1, 0, 1, 0, 0, 0, 1, 1, 0, 1, 1, 1, 0, 0, 1, 0, 1, 0, 0, 1, 1, 0, 0, 0, 1, 1, 1, 0, 1, 1, 1, 0, 0, 1, 1, 0, 1, 1, 0, 0, 0, 0, 0, 0, 0, 1, 0, 0, 0, 1, 0, 1, 1, 1, 1, 0, 0, 0, 0, 1, 1, 1, 1, 1, 0, 1, 0, 1, 0, 0, 0, 0, 0, 0, 0, 1, 0, 1, 1, 1, 0, 0, 0, 0, 1, 0, 1, 0, 1, 0, 1, 0, 1, 0, 0, 1, 1, 0, 1, 1, 1, 0, 1, 0, 1, 1, 0, 1, 1, 1, 0, 0, 1, 0, 1, 0, 0, 0, 1, 1, 1, 1, 1, 0, 1, 0, 0, 1, 1, 1, 0, 0, 1, 0, 1, 0, 0, 1, 1, 0, 0], "y-hat": [0.474, 0.996, 0.078, 0.996, 0.998, 0.01, 0.01, 0.032, 0.034, 0.046, 0.988, 0.94, 0.166, 0.99, 0.168, 0.96, 0.954, 0.978, 0.99, 0.992, 0.056, 0.992, 0.988, 0.978, 0.974, 0.046, 0.988, 0.994, 0.13, 0.65, 0.606, 0.656, 0.102, 0.976, 0.814, 0.988, 0.25, 0.994, 0.18, 0.056, 0.994, 0.014, 0.99, 0.998, 0.098, 0.036, 0.988, 0.29, 0.8, 0.118, 0.19, 0.04, 0.02, 0.006, 0.932, 0.99, 0.156, 0.068, 0.494, 0.98, 0.992, 0.006, 0.016, 0.942, 0.186, 0.104, 0.996, 0.982, 0.994, 0.846, 0.154, 0.17, 0.176, 1.0, 0.648, 0.982, 0.116, 0.058, 0.992, 0.998, 0.074, 0.998, 0.586, 0.986, 0.35, 0.972, 0.132, 0.996, 0.142, 0.958, 0.928, 0.738, 0.086, 0.028, 0.998, 0.082, 1.0, 0.08, 0.374, 0.994, 0.062, 0.094, 0.624, 0.996, 1.0, 0.864, 0.01, 0.99, 0.978, 0.034, 0.7, 0.132, 0.684, 0.058, 0.888, 0.996, 0.004, 0.014, 0.04, 0.844, 0.022, 0.972, 0.288, 0.66, 0.092, 0.036, 0.994, 0.034, 0.028, 0.23, 0.214, 0.106, 0.036, 0.618, 0.026, 0.994, 0.826, 0.996, 0.022, 0.974, 0.996, 0.86, 0.082, 0.998, 0.956, 0.81, 0.046, 0.956, 0.894, 0.01, 0.992, 0.066, 0.954, 0.99, 0.932, 0.088, 0.988, 0.052, 0.964, 0.072, 0.998, 0.138, 0.98, 0.138, 0.346, 0.044, 0.178, 0.054, 0.99, 0.998, 0.924, 0.822, 0.032, 0.178, 0.942, 0.988, 0.966, 0.698, 0.972, 0.024, 0.01, 0.996, 0.19, 0.16, 0.076, 0.99, 0.966, 0.996, 0.986, 0.198, 0.996, 0.45, 0.998, 0.008, 0.898, 0.168, 0.018, 0.004, 0.996, 0.988, 0.884, 0.992, 0.04, 0.988, 0.076, 0.146, 0.994, 0.022, 0.996, 0.158, 0.812, 0.088, 0.996, 0.998, 0.066, 0.044, 0.758, 0.012, 0.998, 0.126, 0.844, 0.612, 0.03, 0.994, 0.02, 0.11, 0.99, 0.674, 0.174, 0.448, 0.012, 0.044, 0.984, 0.01, 0.038, 0.042, 0.088, 0.966, 0.102, 0.804, 0.79, 0.26, 0.014, 0.01, 0.024, 0.468, 0.568, 0.316, 0.994, 0.982, 0.944, 0.992, 1.0, 0.08, 0.998, 0.022, 0.978, 0.896, 0.076, 0.98, 0.996, 0.078, 0.046, 0.498, 0.066, 0.99, 0.076, 0.994, 0.968, 0.472, 0.034, 0.004, 0.622, 0.66, 0.018, 0.008, 0.106, 0.94, 0.994, 0.972, 0.932, 0.798, 0.028, 0.978, 0.05, 0.116, 0.074, 0.876, 0.022, 0.984, 0.006, 0.134, 0.324, 0.972, 0.01, 0.996, 0.936, 0.54, 0.996, 0.164, 0.97, 1.0, 0.116, 0.098, 0.008, 0.198, 0.052, 0.776, 0.414, 0.79, 0.982, 0.994, 0.016, 0.022, 0.666, 1.0, 0.026, 0.032, 0.996, 0.18, 0.012, 0.14, 0.992, 0.156, 0.756, 0.02, 0.724, 0.936, 0.138, 0.194, 0.858, 0.058, 0.028, 0.598, 0.016, 0.998, 0.976, 0.28, 0.994, 0.976, 0.99, 0.988, 0.34, 0.142, 0.028, 0.538, 0.978, 0.986, 0.978, 0.068, 0.918, 0.042, 0.9, 0.07, 0.02, 0.106, 0.97, 0.954, 0.87, 0.378, 0.972, 0.996, 0.994, 0.176, 0.98, 0.06, 0.184, 0.996, 0.094, 0.93, 0.152, 0.02, 0.746, 0.656, 0.102, 0.064, 0.008, 0.998, 0.998, 0.07, 0.728, 0.994, 0.992, 0.12, 0.68, 0.084, 0.072, 0.406, 0.886, 0.276, 0.158, 0.948, 0.996, 0.054, 0.048, 0.07, 0.976, 0.014, 0.69, 0.994, 0.992, 0.988, 0.024, 0.966, 0.958, 0.356, 0.018, 0.368, 0.336, 0.336, 0.004, 0.938, 0.098, 0.02, 0.534, 0.982, 0.432, 0.05, 0.028, 0.024, 0.998, 0.954, 1.0, 0.074, 0.93, 0.014, 0.996, 0.98, 0.024, 0.172, 0.484, 0.056, 0.03, 0.666, 0.06, 0.888, 0.998, 0.998, 0.998, 0.982, 0.084, 0.186, 0.016, 0.99, 0.996, 0.968, 0.682, 0.02, 0.064, 0.026, 0.15, 0.988, 0.06, 0.906, 0.252, 0.78, 0.052, 0.01, 0.992, 0.056, 0.034, 0.916, 0.526, 0.108, 0.998, 0.768, 1.0, 0.036, 0.954, 0.018, 0.99, 0.02, 0.06, 0.952, 0.966, 0.982, 0.986, 0.074, 0.038, 0.814, 0.984, 0.75, 0.14, 0.016, 1.0, 0.85, 0.152, 0.714, 0.97, 0.04, 0.014, 0.546, 0.766, 0.014, 0.032, 0.986, 0.59, 0.976, 0.986, 0.084, 0.678, 0.998, 0.01, 0.022, 0.464, 0.056, 0.05, 0.884, 0.252, 0.908, 0.046, 0.988, 0.962, 0.08, 0.014, 0.024, 0.086, 0.042, 0.024, 0.052, 0.224, 0.012, 0.594, 0.986, 0.388, 0.038, 0.144, 0.996, 0.53, 0.982, 0.192, 0.084, 0.796, 0.194, 0.642, 0.992, 0.216, 0.988, 0.054, 0.87, 0.148, 0.842, 0.01, 0.038, 0.154, 0.068, 0.956, 0.996, 0.986, 0.886, 0.986, 0.05, 0.02, 0.042, 0.908, 0.118, 0.994, 0.862, 0.042, 0.984, 0.972, 0.98, 0.996, 0.022, 0.026, 0.834, 0.042, 0.068, 0.046, 0.118, 0.822, 0.874, 0.126, 0.99, 0.988, 0.196, 0.994, 0.59, 0.932, 0.014, 0.09, 0.016, 0.04, 0.364, 0.73, 0.03, 0.056, 0.03, 0.982, 0.976, 0.998, 0.166, 0.158, 0.042, 0.05, 0.914, 0.1, 0.894, 1.0, 0.052, 0.386, 0.824, 0.022, 0.688, 0.016, 0.15, 0.006, 0.214, 0.996, 0.992, 0.39, 0.99, 0.996, 0.02, 0.978, 0.066, 0.018, 0.134, 0.02, 0.56, 0.09, 0.232, 0.144, 0.282, 0.938, 0.73, 0.998, 0.016, 0.042, 0.116, 0.06, 0.982, 0.728, 0.08, 0.99, 0.976, 0.084, 0.978, 0.97, 0.98, 0.172, 0.986, 0.184, 0.304, 0.396, 0.022, 0.044, 0.768, 0.232, 0.99, 0.006, 0.102, 0.142, 0.844, 0.002, 0.01, 0.17, 0.068, 0.01, 0.984, 0.972, 0.978, 0.938, 0.072, 0.1, 0.024, 0.988, 0.072, 0.124, 0.996, 0.14, 0.238, 0.996, 0.942, 0.054, 0.036, 0.144, 0.992, 0.052, 0.74, 0.048, 0.762, 0.184, 0.996, 0.908, 0.006, 0.96, 0.32, 0.984, 0.816, 0.922, 0.024, 0.984, 0.992, 0.04, 0.026, 0.034, 0.014, 0.97, 0.084, 0.99, 0.012, 0.016, 0.996, 0.04, 0.126, 0.792, 0.982, 0.066, 0.168, 0.986, 0.994, 0.134, 0.106, 0.986, 0.052, 0.112, 0.008, 0.102, 0.996, 0.994, 0.994, 0.99, 0.968, 0.972, 0.768, 0.084, 0.264, 0.996, 