{"auroc": 0.9949020000000001, "aupr": 0.9948550647697355, "y": [1, 1, 0, 1, 1, 0, 0, 0, 0, 0, 1, 1, 0, 1, 0, 1, 1, 1, 1, 1, 0, 1, 1, 1, 1, 0, 1, 1, 0, 1, 1, 1, 0, 1, 1, 1, 0, 1, 0, 0, 1, 0, 1, 1, 0, 0, 1, 0, 1, 0, 0, 0, 0, 0, 1, 1, 0, 0, 0, 1, 1, 0, 0, 1, 0, 0, 1, 1, 1, 1, 0, 0, 0, 1, 1, 1, 0, 0, 1, 1, 0, 1, 1, 1, 0, 1, 0, 1, 0, 1, 1, 0, 0, 0, 1, 0, 1, 0, 0, 1, 0, 0, 1, 1, 1, 1, 0, 1, 1, 0, 1, 0, 1, 0, 1, 1, 0, 0, 0, 1, 0, 1, 0, 1, 0, 0, 1, 0, 0, 0, 0, 0, 0, 1, 0, 1, 1, 1, 0, 1, 1, 1, 0, 1, 1, 1, 0, 1, 1, 0, 1, 0, 1, 1, 1, 0, 1, 0, 1, 0, 1, 0, 1, 0, 1, 0, 0, 0, 1, 1, 1, 1, 0, 0, 1, 1, 1, 1, 1, 0, 0, 1, 0, 0, 0, 1, 0, 1, 1, 0, 1, 1, 1, 0, 1, 0, 0, 0, 1, 1, 1, 1, 0, 1, 0, 0, 1, 0, 1, 0, 1, 0, 1, 1, 0, 0, 1, 0, 1, 0, 1, 1, 0, 1, 0, 0, 1, 1, 0, 0, 0, 0, 1, 0, 0, 0, 0, 1, 0, 1, 1, 0, 0, 0, 0, 1, 1, 1, 1, 1, 1, 1, 1, 0, 1, 0, 1, 1, 0, 1, 1, 0, 0, 1, 0, 1, 0, 1, 1, 1, 0, 0, 1, 1, 0, 0, 0, 1, 1, 1, 1, 1, 0, 1, 0, 0, 0, 1, 0, 1, 0, 0, 1, 1, 0, 1, 1, 1, 1, 0, 1, 1, 0, 0, 0, 0, 0, 1, 1, 1, 1, 1, 0, 0, 1, 1, 0, 0, 1, 0, 0, 0, 1, 0, 1, 0, 1, 0, 0, 0, 1, 0, 0, 1, 0, 1, 1, 0, 1, 1, 1, 1, 0, 0, 0, 1, 1, 1, 1, 0, 1, 0, 1, 0, 0, 0, 1, 1, 0, 1, 1, 1, 1, 0, 1, 0, 1, 1, 0, 1, 0, 0, 1, 1, 0, 0, 0, 1, 1, 0, 1, 1, 1, 0, 1, 0, 0, 0, 1, 0, 0, 1, 1, 0, 0, 0, 1, 0, 1, 1, 1, 1, 0, 1, 1, 0, 0, 0, 0, 0, 0, 1, 0, 0, 0, 1, 0, 0, 0, 0, 1, 1, 1, 0, 1, 0, 1, 1, 0, 0, 1, 0, 0, 1, 0, 1, 1, 1, 1, 1, 0, 0, 0, 1, 1, 1, 1, 0, 0, 0, 0, 1, 0, 1, 0, 1, 0, 0, 1, 0, 0, 1, 0, 0, 1, 1, 1, 0, 1, 0, 1, 0, 0, 1, 1, 1, 1, 0, 0, 1, 1, 1, 0, 0, 1, 1, 0, 1, 1, 0, 0, 1, 1, 0, 0, 1, 1, 1, 1, 0, 1, 1, 0, 0, 1, 0, 0, 1, 0, 1, 0, 1, 1, 1, 0, 0, 0, 0, 0, 0, 1, 0, 1, 1, 1, 0, 0, 1, 1, 1, 0, 0, 1, 0, 1, 1, 0, 1, 0, 1, 0, 1, 0, 0, 0, 0, 1, 1, 1, 1, 1, 0, 0, 0, 1, 0, 1, 1, 0, 1, 1, 1, 1, 0, 0, 1, 0, 0, 0, 0, 1, 1, 0, 1, 1, 1, 1, 1, 1, 0, 0, 0, 0, 0, 1, 0, 0, 0, 1, 1, 1, 0, 0, 0, 0, 1, 0, 1, 1, 0, 1, 1, 0, 1, 0, 0, 0, 0, 1, 1, 0, 1, 1, 0, 1, 0, 0, 0, 0, 1, 0, 0, 0, 0, 1, 1, 1, 0, 0, 0, 0, 1, 1, 0, 1, 1, 0, 1, 1, 1, 0, 1, 0, 0, 1, 0, 0, 1, 0, 1, 0, 0, 0, 1, 0, 0, 0, 0, 0, 1, 1, 1, 1, 0, 0, 0, 1, 0, 0, 1, 0, 0, 1, 1, 0, 0, 0, 1, 0, 1, 0, 1, 0, 1, 1, 0, 1, 1, 1, 1, 1, 0, 1, 1, 0, 0, 0, 0, 1, 0, 1, 0, 0, 1, 0, 0, 1, 1, 0, 0, 1, 1, 0, 0, 1, 0, 0, 0, 0, 1, 1, 1, 1, 1, 1, 1, 0, 0, 1, 0, 1, 1, 1, 1, 0, 0, 0, 1, 1, 1, 0, 0, 0, 0, 1, 0, 1, 0, 1, 0, 0, 1, 0, 1, 0, 1, 1, 0, 1, 1, 1, 0, 1, 0, 1, 1, 0, 1, 0, 0, 0, 0, 1, 1, 0, 1, 0, 1, 1, 0, 0, 0, 0, 0, 0, 1, 0, 0, 0, 0, 0, 0, 1, 0, 1, 0, 1, 1, 0, 1, 0, 1, 0, 0, 0, 1, 1, 1, 0, 0, 0, 1, 0, 1, 1, 1, 0, 0, 0, 1, 1, 0, 1, 1, 0, 0, 1, 0, 0, 1, 0, 1, 0, 1, 1, 1, 0, 0, 0, 1, 1, 0, 0, 1, 1, 1, 0, 0, 1, 0, 0, 0, 1, 0, 1, 0, 0, 1, 1, 1, 0, 1, 0, 0, 0, 1, 1, 0, 1, 1, 1, 0, 0, 1, 0, 1, 0, 0, 1, 1, 0, 0, 0, 1, 1, 1, 0, 1, 1, 1, 0, 0, 1, 1, 0, 1, 1, 0, 0, 0, 0, 0, 0, 0, 1, 0, 0, 0, 1, 0, 1, 1, 1, 1, 0, 0, 0, 0, 1, 1, 1, 1, 1, 0, 1, 0, 1, 0, 0, 0, 0, 0, 0, 0, 1, 0, 1, 1, 1, 0, 0, 0, 0, 1, 0, 1, 0, 1, 0, 1, 0, 1, 0, 0, 1, 1, 0, 1, 1, 1, 0, 1, 0, 1, 1, 0, 1, 1, 1, 0, 0, 1, 0, 1, 0, 0, 0, 1, 1, 1, 1, 1, 0, 1, 0, 0, 1, 1, 1, 0, 0, 1, 0, 1, 0, 0, 1, 1, 0, 0], "y-hat": [0.446, 0.986, 0.104, 0.986, 0.998, 0.016, 0.0, 0.062, 0.02, 0.064, 0.998, 0.934, 0.154, 0.992, 0.162, 0.958, 0.96, 0.962, 0.994, 0.994, 0.066, 0.99, 0.988, 0.952, 0.976, 0.054, 0.994, 0.988, 0.154, 0.662, 0.574, 0.628, 0.112, 0.968, 0.814, 0.99, 0.26, 0.998, 0.196, 0.072, 0.994, 0.014, 0.992, 1.0, 0.07, 0.04, 0.986, 0.27, 0.76, 0.096, 0.244, 0.038, 0.028, 0.018, 0.938, 0.992, 0.194, 0.074, 0.452, 0.988, 0.99, 0.02, 0.01, 0.922, 0.206, 0.12, 0.992, 0.976, 0.992, 0.856, 0.132, 0.224, 0.194, 0.992, 0.6, 0.992, 0.142, 0.05, 0.99, 0.998, 0.084, 0.998, 0.62, 0.98, 0.336, 0.964, 0.172, 0.996, 0.18, 0.972, 0.926, 0.716, 0.106, 0.022, 0.996, 0.07, 0.998, 0.078, 0.394, 0.994, 0.08, 0.114, 0.632, 0.996, 0.996, 0.816, 0.016, 0.986, 0.976, 0.018, 0.712, 0.114, 0.624, 0.066, 0.856, 1.0, 0.01, 0.012, 0.062, 0.824, 0.028, 0.986, 0.32, 0.642, 0.104, 0.048, 1.0, 0.032, 0.034, 0.222, 0.214, 0.066, 0.06, 0.634, 0.034, 0.988, 0.824, 0.99, 0.03, 0.958, 0.998, 0.804, 0.08, 0.992, 0.928, 0.786, 0.054, 0.966, 0.894, 0.012, 0.986, 0.068, 0.964, 0.984, 0.92, 0.108, 0.984, 0.048, 0.976, 0.068, 0.986, 0.172, 0.974, 0.174, 0.38, 0.032, 0.186, 0.078, 0.996, 0.992, 0.918, 0.822, 0.04, 0.2, 0.914, 0.994, 0.964, 0.7, 0.974, 0.04, 0.028, 0.98, 0.236, 0.15, 0.094, 0.994, 0.9, 0.992, 0.988, 0.178, 0.986, 0.46, 0.992, 0.01, 0.918, 0.158, 0.028, 0.006, 0.994, 0.986, 0.888, 0.986, 0.046, 0.984, 0.066, 0.148, 0.994, 0.018, 0.996, 0.158, 0.79, 0.084, 0.994, 0.986, 0.064, 0.038, 0.752, 0.014, 0.99, 0.116, 0.824, 0.576, 0.026, 0.998, 0.03, 0.124, 0.996, 0.642, 0.126, 0.488, 0.008, 0.054, 0.988, 0.006, 0.03, 0.052, 0.082, 0.968, 0.112, 0.81, 0.824, 0.214, 0.018, 0.018, 0.008, 0.496, 0.598, 0.346, 0.996, 0.98, 0.876, 0.996, 0.994, 0.076, 0.994, 0.048, 0.976, 0.9, 0.07, 0.974, 0.99, 0.108, 0.038, 0.496, 0.082, 0.996, 0.092, 0.982, 0.966, 0.484, 0.05, 0.014, 0.63, 0.63, 0.01, 0.03, 0.152, 0.936, 1.0, 0.976, 0.936, 0.808, 0.032, 0.988, 0.076, 0.16, 0.056, 0.846, 0.018, 0.994, 0.006, 0.128, 0.33, 0.966, 0.01, 0.99, 0.934, 0.56, 0.994, 0.168, 0.97, 0.996, 0.13, 0.154, 0.012, 0.196, 0.048, 0.734, 0.444, 0.762, 0.984, 0.994, 0.026, 0.032, 0.634, 0.986, 0.028, 0.044, 0.988, 0.178, 0.016, 0.114, 0.996, 0.154, 0.766, 0.022, 0.74, 0.94, 0.12, 0.192, 0.892, 0.084, 0.046, 0.612, 0.022, 0.994, 0.978, 0.304, 0.99, 0.986, 0.982, 0.99, 0.346, 0.138, 0.024, 0.522, 0.984, 0.988, 0.974, 0.072, 0.904, 0.034, 0.866, 0.058, 0.018, 0.156, 0.98, 0.968, 0.842, 0.414, 0.974, 0.984, 0.984, 0.232, 0.962, 0.07, 0.168, 0.986, 0.098, 0.926, 0.128, 0.02, 0.74, 0.666, 0.116, 0.038, 0.012, 1.0, 0.996, 0.078, 0.69, 0.99, 0.99, 0.122, 0.686, 0.066, 0.094, 0.446, 0.906, 0.306, 0.164, 0.95, 0.998, 0.048, 0.056, 0.068, 0.984, 0.016, 0.706, 0.994, 0.996, 0.976, 0.044, 0.986, 0.974, 0.342, 0.028, 0.362, 0.284, 0.338, 0.02, 0.95, 0.128, 0.01, 0.536, 0.988, 0.45, 0.056, 0.058, 0.024, 0.984, 0.946, 0.994, 0.086, 0.958, 0.014, 0.998, 0.978, 0.038, 0.14, 0.538, 0.082, 0.046, 0.684, 0.066, 0.898, 0.986, 0.996, 0.998, 0.986, 0.052, 0.208, 0.026, 0.986, 0.992, 0.962, 0.668, 0.03, 0.084, 0.05, 0.158, 0.98, 0.056, 0.904, 0.254, 0.76, 0.068, 0.016, 0.998, 0.074, 0.034, 0.886, 0.466, 0.13, 0.99, 0.728, 0.996, 0.042, 0.968, 0.012, 0.988, 0.018, 0.09, 0.948, 0.978, 0.978, 0.988, 0.084, 0.064, 0.832, 0.994, 0.72, 0.14, 0.02, 0.992, 0.852, 0.166, 0.72, 0.984, 0.046, 0.01, 0.592, 0.72, 0.016, 0.018, 0.982, 0.604, 0.956, 0.986, 0.068, 0.662, 0.996, 0.016, 0.028, 0.446, 0.068, 0.046, 0.88, 0.278, 0.916, 0.064, 0.984, 0.974, 0.082, 0.008, 0.022, 0.088, 0.03, 0.018, 0.036, 0.238, 0.012, 0.618, 0.99, 0.406, 0.048, 0.122, 0.994, 0.586, 0.996, 0.128, 0.11, 0.856, 0.212, 0.676, 0.988, 0.182, 0.99, 0.05, 0.86, 0.156, 0.89, 0.014, 0.082, 0.182, 0.07, 0.964, 0.988, 0.988, 0.9, 0.98, 0.068, 0.024, 0.044, 0.902, 0.088, 0.966, 0.884, 0.056, 0.98, 0.962, 0.988, 0.98, 0.03, 0.052, 0.788, 0.044, 0.07, 0.04, 0.116, 0.772, 0.862, 0.148, 0.986, 0.998, 0.164, 0.998, 0.564, 0.952, 0.016, 0.068, 0.01, 0.05, 0.406, 0.726, 0.014, 0.096, 0.018, 0.986, 0.992, 0.994, 0.19, 0.172, 0.054, 0.054, 0.908, 0.118, 0.904, 0.998, 0.062, 0.378, 0.816, 0.034, 0.694, 0.01, 0.148, 0.004, 0.246, 0.994, 0.992, 0.35, 0.986, 0.996, 0.02, 0.962, 0.088, 0.024, 0.114, 0.026, 0.54, 0.076, 0.178, 0.14, 0.298, 0.938, 0.754, 0.99, 0.004, 0.028, 0.112, 0.084, 0.976, 0.762, 0.098, 0.992, 0.964, 0.102, 0.986, 0.966, 0.986, 0.19, 0.976, 0.22, 0.312, 0.398, 0.004, 0.046, 0.778, 0.186, 0.992, 0.024, 0.086, 0.14, 0.848, 0.01, 0.024, 0.172, 0.08, 0.032, 0.968, 0.97, 0.976, 0.932, 0.1, 0.146, 0.042, 0.988, 0.042, 0.116, 0.996, 0.156, 0.232, 0.99, 0.972, 0.068, 0.024, 0.122, 0.996, 0.078, 0.786, 0.056, 0.818, 0.208, 0.958, 0.912, 0.014, 0.92, 0.304, 0.96, 0.844, 0.926, 0.018, 0.99, 0.992, 0.034, 0.024, 0.052, 0.038, 0.96, 0.062, 0.988, 0.018, 0.03, 1.0, 0.056, 0.11, 0.75, 0.978, 0.06, 0.176, 0.974, 0.996, 0.158, 0.09, 0.962, 0.05, 0.108, 0.01, 0.076, 0.992, 0.992, 0.994, 0.994, 0.968, 0.962, 