{"auroc": 0.9942179999999999, "aupr": 0.9943785394570045, "y": [1, 1, 0, 1, 1, 0, 0, 0, 0, 0, 1, 1, 0, 1, 0, 1, 1, 1, 1, 1, 0, 1, 1, 1, 1, 0, 1, 1, 0, 1, 1, 1, 0, 1, 1, 1, 0, 1, 0, 0, 1, 0, 1, 1, 0, 0, 1, 0, 1, 0, 0, 0, 0, 0, 1, 1, 0, 0, 0, 1, 1, 0, 0, 1, 0, 0, 1, 1, 1, 1, 0, 0, 0, 1, 1, 1, 0, 0, 1, 1, 0, 1, 1, 1, 0, 1, 0, 1, 0, 1, 1, 0, 0, 0, 1, 0, 1, 0, 0, 1, 0, 0, 1, 1, 1, 1, 0, 1, 1, 0, 1, 0, 1, 0, 1, 1, 0, 0, 0, 1, 0, 1, 0, 1, 0, 0, 1, 0, 0, 0, 0, 0, 0, 1, 0, 1, 1, 1, 0, 1, 1, 1, 0, 1, 1, 1, 0, 1, 1, 0, 1, 0, 1, 1, 1, 0, 1, 0, 1, 0, 1, 0, 1, 0, 1, 0, 0, 0, 1, 1, 1, 1, 0, 0, 1, 1, 1, 1, 1, 0, 0, 1, 0, 0, 0, 1, 0, 1, 1, 0, 1, 1, 1, 0, 1, 0, 0, 0, 1, 1, 1, 1, 0, 1, 0, 0, 1, 0, 1, 0, 1, 0, 1, 1, 0, 0, 1, 0, 1, 0, 1, 1, 0, 1, 0, 0, 1, 1, 0, 0, 0, 0, 1, 0, 0, 0, 0, 1, 0, 1, 1, 0, 0, 0, 0, 1, 1, 1, 1, 1, 1, 1, 1, 0, 1, 0, 1, 1, 0, 1, 1, 0, 0, 1, 0, 1, 0, 1, 1, 1, 0, 0, 1, 1, 0, 0, 0, 1, 1, 1, 1, 1, 0, 1, 0, 0, 0, 1, 0, 1, 0, 0, 1, 1, 0, 1, 1, 1, 1, 0, 1, 1, 0, 0, 0, 0, 0, 1, 1, 1, 1, 1, 0, 0, 1, 1, 0, 0, 1, 0, 0, 0, 1, 0, 1, 0, 1, 0, 0, 0, 1, 0, 0, 1, 0, 1, 1, 0, 1, 1, 1, 1, 0, 0, 0, 1, 1, 1, 1, 0, 1, 0, 1, 0, 0, 0, 1, 1, 0, 1, 1, 1, 1, 0, 1, 0, 1, 1, 0, 1, 0, 0, 1, 1, 0, 0, 0, 1, 1, 0, 1, 1, 1, 0, 1, 0, 0, 0, 1, 0, 0, 1, 1, 0, 0, 0, 1, 0, 1, 1, 1, 1, 0, 1, 1, 0, 0, 0, 0, 0, 0, 1, 0, 0, 0, 1, 0, 0, 0, 0, 1, 1, 1, 0, 1, 0, 1, 1, 0, 0, 1, 0, 0, 1, 0, 1, 1, 1, 1, 1, 0, 0, 0, 1, 1, 1, 1, 0, 0, 0, 0, 1, 0, 1, 0, 1, 0, 0, 1, 0, 0, 1, 0, 0, 1, 1, 1, 0, 1, 0, 1, 0, 0, 1, 1, 1, 1, 0, 0, 1, 1, 1, 0, 0, 1, 1, 0, 1, 1, 0, 0, 1, 1, 0, 0, 1, 1, 1, 1, 0, 1, 1, 0, 0, 1, 0, 0, 1, 0, 1, 0, 1, 1, 1, 0, 0, 0, 0, 0, 0, 1, 0, 1, 1, 1, 0, 0, 1, 1, 1, 0, 0, 1, 0, 1, 1, 0, 1, 0, 1, 0, 1, 0, 0, 0, 0, 1, 1, 1, 1, 1, 0, 0, 0, 1, 0, 1, 1, 0, 1, 1, 1, 1, 0, 0, 1, 0, 0, 0, 0, 1, 1, 0, 1, 1, 1, 1, 1, 1, 0, 0, 0, 0, 0, 1, 0, 0, 0, 1, 1, 1, 0, 0, 0, 0, 1, 0, 1, 1, 0, 1, 1, 0, 1, 0, 0, 0, 0, 1, 1, 0, 1, 1, 0, 1, 0, 0, 0, 0, 1, 0, 0, 0, 0, 1, 1, 1, 0, 0, 0, 0, 1, 1, 0, 1, 1, 0, 1, 1, 1, 0, 1, 0, 0, 1, 0, 0, 1, 0, 1, 0, 0, 0, 1, 0, 0, 0, 0, 0, 1, 1, 1, 1, 0, 0, 0, 1, 0, 0, 1, 0, 0, 1, 1, 0, 0, 0, 1, 0, 1, 0, 1, 0, 1, 1, 0, 1, 1, 1, 1, 1, 0, 1, 1, 0, 0, 0, 0, 1, 0, 1, 0, 0, 1, 0, 0, 1, 1, 0, 0, 1, 1, 0, 0, 1, 0, 0, 0, 0, 1, 1, 1, 1, 1, 1, 1, 0, 0, 1, 0, 1, 1, 1, 1, 0, 0, 0, 1, 1, 1, 0, 0, 0, 0, 1, 0, 1, 0, 1, 0, 0, 1, 0, 1, 0, 1, 1, 0, 1, 1, 1, 0, 1, 0, 1, 1, 0, 1, 0, 0, 0, 0, 1, 1, 0, 1, 0, 1, 1, 0, 0, 0, 0, 0, 0, 1, 0, 0, 0, 0, 0, 0, 1, 0, 1, 0, 1, 1, 0, 1, 0, 1, 0, 0, 0, 1, 1, 1, 0, 0, 0, 1, 0, 1, 1, 1, 0, 0, 0, 1, 1, 0, 1, 1, 0, 0, 1, 0, 0, 1, 0, 1, 0, 1, 1, 1, 0, 0, 0, 1, 1, 0, 0, 1, 1, 1, 0, 0, 1, 0, 0, 0, 1, 0, 1, 0, 0, 1, 1, 1, 0, 1, 0, 0, 0, 1, 1, 0, 1, 1, 1, 0, 0, 1, 0, 1, 0, 0, 1, 1, 0, 0, 0, 1, 1, 1, 0, 1, 1, 1, 0, 0, 1, 1, 0, 1, 1, 0, 0, 0, 0, 0, 0, 0, 1, 0, 0, 0, 1, 0, 1, 1, 1, 1, 0, 0, 0, 0, 1, 1, 1, 1, 1, 0, 1, 0, 1, 0, 0, 0, 0, 0, 0, 0, 1, 0, 1, 1, 1, 0, 0, 0, 0, 1, 0, 1, 0, 1, 0, 1, 0, 1, 0, 0, 1, 1, 0, 1, 1, 1, 0, 1, 0, 1, 1, 0, 1, 1, 1, 0, 0, 1, 0, 1, 0, 0, 0, 1, 1, 1, 1, 1, 0, 1, 0, 0, 1, 1, 1, 0, 0, 1, 0, 1, 0, 0, 1, 1, 0, 0], "y-hat": [0.488, 0.982, 0.122, 0.964, 0.982, 0.034, 0.006, 0.032, 0.032, 0.024, 0.988, 0.862, 0.21, 0.976, 0.184, 0.898, 0.922, 0.962, 0.958, 0.988, 0.082, 0.962, 0.986, 0.96, 0.956, 0.034, 0.996, 0.988, 0.226, 0.642, 0.592, 0.63, 0.24, 0.944, 0.61, 0.976, 0.234, 0.994, 0.154, 0.028, 0.98, 0.012, 0.962, 0.988, 0.044, 0.022, 0.956, 0.376, 0.71, 0.166, 0.502, 0.062, 0.028, 0.006, 0.928, 0.97, 0.208, 0.114, 0.518, 0.964, 0.99, 0.028, 0.018, 0.93, 0.196, 0.084, 0.986, 0.952, 0.976, 0.852, 0.234, 0.284, 0.288, 0.992, 0.65, 0.974, 0.156, 0.03, 0.956, 0.99, 0.098, 0.984, 0.56, 0.914, 0.456, 0.946, 0.108, 0.992, 0.342, 0.938, 0.892, 0.588, 0.206, 0.014, 0.986, 0.114, 0.998, 0.096, 0.474, 0.984, 0.082, 0.126, 0.596, 0.984, 0.998, 0.784, 0.026, 0.96, 0.938, 0.024, 0.656, 0.114, 0.6, 0.08, 0.852, 0.996, 0.01, 0.02, 0.08, 0.824, 0.02, 0.956, 0.29, 0.626, 0.114, 0.062, 0.99, 0.04, 0.03, 0.262, 0.264, 0.104, 0.062, 0.524, 0.04, 0.93, 0.78, 0.964, 0.064, 0.938, 0.994, 0.832, 0.072, 0.984, 0.884, 0.786, 0.062, 0.954, 0.868, 0.016, 0.968, 0.05, 0.95, 0.968, 0.868, 0.152, 0.988, 0.052, 0.908, 0.054, 0.996, 0.16, 0.972, 0.128, 0.458, 0.046, 0.15, 0.038, 0.978, 0.978, 0.85, 0.838, 0.026, 0.382, 0.868, 0.98, 0.902, 0.736, 0.974, 0.07, 0.022, 0.974, 0.228, 0.14, 0.108, 0.972, 0.866, 0.984, 0.978, 0.254, 0.988, 0.426, 0.986, 0.006, 0.902, 0.126, 0.026, 0.014, 0.988, 0.998, 0.82, 0.98, 0.036, 0.984, 0.064, 0.206, 0.984, 0.032, 0.996, 0.188, 0.796, 0.07, 0.984, 0.996, 0.074, 0.072, 0.746, 0.02, 0.986, 0.088, 0.816, 0.618, 0.05, 0.966, 0.04, 0.076, 0.98, 0.712, 0.202, 0.478, 0.004, 0.052, 0.974, 0.008, 0.078, 0.066, 0.068, 0.95, 0.08, 0.69, 0.824, 0.33, 0.01, 0.022, 0.018, 0.504, 0.48, 0.326, 0.978, 0.97, 0.854, 0.976, 0.984, 0.092, 0.972, 0.072, 0.954, 0.878, 0.094, 0.966, 0.986, 0.222, 0.064, 0.38, 0.078, 0.988, 0.072, 0.972, 0.926, 0.466, 0.046, 0.018, 0.624, 0.668, 0.012, 0.014, 0.098, 0.908, 0.986, 0.938, 0.93, 0.834, 0.014, 0.972, 0.06, 0.122, 0.098, 0.758, 0.026, 0.98, 0.006, 0.15, 0.392, 0.96, 0.016, 0.984, 0.848, 0.562, 0.99, 0.236, 0.948, 0.996, 0.09, 0.136, 0.014, 0.21, 0.056, 0.772, 0.406, 0.768, 0.982, 0.982, 0.034, 0.036, 0.62, 0.976, 0.02, 0.038, 0.986, 0.23, 0.016, 0.238, 0.988, 0.128, 0.778, 0.014, 0.618, 0.874, 0.152, 0.3, 0.874, 0.054, 0.052, 0.614, 0.032, 0.99, 0.942, 0.38, 0.922, 0.98, 0.974, 0.97, 0.294, 0.164, 0.032, 0.504, 0.95, 0.948, 0.966, 0.07, 0.844, 0.05, 0.78, 0.07, 0.024, 0.168, 0.972, 0.928, 0.796, 0.384, 0.942, 0.984, 0.958, 0.174, 0.944, 0.064, 0.132, 0.976, 0.106, 0.878, 0.196, 0.03, 0.818, 0.708, 0.12, 0.044, 0.002, 0.992, 0.99, 0.086, 0.746, 0.98, 0.99, 0.132, 0.762, 0.06, 0.064, 0.29, 0.73, 0.292, 0.12, 0.924, 0.988, 0.066, 0.042, 0.11, 0.98, 0.01, 0.774, 0.978, 0.988, 0.978, 0.028, 0.946, 0.892, 0.33, 0.036, 0.442, 0.312, 0.354, 0.016, 0.934, 0.116, 0.012, 0.366, 0.96, 0.464, 0.034, 0.046, 0.014, 0.984, 0.9, 0.994, 0.08, 0.932, 0.014, 0.994, 0.986, 0.02, 0.182, 0.582, 0.132, 0.03, 0.726, 0.062, 0.866, 0.99, 0.99, 0.992, 0.958, 0.12, 0.254, 0.018, 0.964, 0.986, 0.934, 0.688, 0.016, 0.05, 0.06, 0.484, 0.946, 0.054, 0.86, 0.302, 0.688, 0.06, 0.016, 0.98, 0.106, 0.054, 0.856, 0.534, 0.066, 0.978, 0.778, 0.994, 0.05, 0.932, 0.01, 0.958, 0.016, 0.038, 0.926, 0.948, 0.968, 0.962, 0.102, 0.016, 0.8, 0.952, 0.77, 0.232, 0.022, 0.988, 0.838, 0.302, 0.746, 0.974, 0.046, 0.016, 0.524, 0.814, 0.024, 0.024, 0.98, 0.538, 0.936, 0.912, 0.116, 0.726, 0.986, 0.024, 0.024, 0.526, 0.026, 0.056, 0.728, 0.262, 0.902, 0.094, 0.942, 0.912, 0.1, 0.028, 0.03, 0.134, 0.042, 0.012, 0.012, 0.156, 0.01, 0.618, 0.944, 0.438, 0.074, 0.15, 0.986, 0.588, 0.972, 0.234, 0.074, 0.784, 0.2, 0.684, 0.974, 0.288, 0.948, 0.054, 0.862, 0.222, 0.846, 0.016, 0.028, 0.194, 0.128, 0.938, 0.982, 0.97, 0.81, 0.984, 0.038, 0.024, 0.03, 0.796, 0.12, 0.968, 0.804, 0.048, 0.978, 0.918, 0.98, 0.984, 0.032, 0.056, 0.812, 0.046, 0.066, 0.058, 0.126, 0.758, 0.844, 0.14, 0.978, 0.986, 0.202, 0.978, 0.662, 0.902, 0.026, 0.092, 0.022, 0.074, 0.38, 0.718, 0.024, 0.092, 0.024, 0.958, 0.944, 0.996, 0.158, 0.188, 0.062, 0.074, 0.83, 0.096, 0.894, 0.988, 0.068, 0.34, 0.83, 0.052, 0.796, 0.008, 0.118, 0.008, 0.272, 0.986, 0.966, 0.408, 0.98, 0.992, 0.008, 0.938, 0.126, 0.022, 0.092, 0.04, 0.642, 0.09, 0.256, 0.166, 0.36, 0.912, 0.758, 0.988, 0.016, 0.074, 0.176, 0.06, 0.942, 0.866, 0.076, 0.992, 0.968, 0.128, 0.982, 0.926, 0.968, 0.42, 0.984, 0.178, 0.364, 0.512, 0.014, 0.074, 0.732, 0.234, 0.976, 0.026, 0.114, 0.14, 0.846, 0.008, 0.016, 0.176, 0.024, 0.042, 0.946, 0.938, 0.958, 0.9, 0.09, 0.096, 0.016, 0.976, 0.074, 0.098, 0.994, 0.124, 0.232, 0.966, 0.922, 0.08, 0.02, 0.246, 0.982, 0.106, 0.73, 0.036, 0.866, 0.236, 0.972, 0.894, 0.004, 0.9, 0.308, 0.958, 0.808, 0.926, 0.044, 0.952, 0.984, 0.054, 0.028, 0.038, 0.052, 0.928, 0.068, 0.972, 0.014, 0.038, 0.992, 0.04, 0.11, 0.74, 0.964, 0.036, 0.314, 0.93, 0.99, 0.256, 0.122, 0.902, 0.08, 0.154, 0.02, 0.1, 0.986, 0.976, 0.986, 0.996, 0.93, 0.96, 