{"auroc": 0.9949479999999999, "aupr": 0.9947438325039827, "y": [1, 1, 0, 1, 1, 0, 0, 0, 0, 0, 1, 1, 0, 1, 0, 1, 1, 1, 1, 1, 0, 1, 1, 1, 1, 0, 1, 1, 0, 1, 1, 1, 0, 1, 1, 1, 0, 1, 0, 0, 1, 0, 1, 1, 0, 0, 1, 0, 1, 0, 0, 0, 0, 0, 1, 1, 0, 0, 0, 1, 1, 0, 0, 1, 0, 0, 1, 1, 1, 1, 0, 0, 0, 1, 1, 1, 0, 0, 1, 1, 0, 1, 1, 1, 0, 1, 0, 1, 0, 1, 1, 0, 0, 0, 1, 0, 1, 0, 0, 1, 0, 0, 1, 1, 1, 1, 0, 1, 1, 0, 1, 0, 1, 0, 1, 1, 0, 0, 0, 1, 0, 1, 0, 1, 0, 0, 1, 0, 0, 0, 0, 0, 0, 1, 0, 1, 1, 1, 0, 1, 1, 1, 0, 1, 1, 1, 0, 1, 1, 0, 1, 0, 1, 1, 1, 0, 1, 0, 1, 0, 1, 0, 1, 0, 1, 0, 0, 0, 1, 1, 1, 1, 0, 0, 1, 1, 1, 1, 1, 0, 0, 1, 0, 0, 0, 1, 0, 1, 1, 0, 1, 1, 1, 0, 1, 0, 0, 0, 1, 1, 1, 1, 0, 1, 0, 0, 1, 0, 1, 0, 1, 0, 1, 1, 0, 0, 1, 0, 1, 0, 1, 1, 0, 1, 0, 0, 1, 1, 0, 0, 0, 0, 1, 0, 0, 0, 0, 1, 0, 1, 1, 0, 0, 0, 0, 1, 1, 1, 1, 1, 1, 1, 1, 0, 1, 0, 1, 1, 0, 1, 1, 0, 0, 1, 0, 1, 0, 1, 1, 1, 0, 0, 1, 1, 0, 0, 0, 1, 1, 1, 1, 1, 0, 1, 0, 0, 0, 1, 0, 1, 0, 0, 1, 1, 0, 1, 1, 1, 1, 0, 1, 1, 0, 0, 0, 0, 0, 1, 1, 1, 1, 1, 0, 0, 1, 1, 0, 0, 1, 0, 0, 0, 1, 0, 1, 0, 1, 0, 0, 0, 1, 0, 0, 1, 0, 1, 1, 0, 1, 1, 1, 1, 0, 0, 0, 1, 1, 1, 1, 0, 1, 0, 1, 0, 0, 0, 1, 1, 0, 1, 1, 1, 1, 0, 1, 0, 1, 1, 0, 1, 0, 0, 1, 1, 0, 0, 0, 1, 1, 0, 1, 1, 1, 0, 1, 0, 0, 0, 1, 0, 0, 1, 1, 0, 0, 0, 1, 0, 1, 1, 1, 1, 0, 1, 1, 0, 0, 0, 0, 0, 0, 1, 0, 0, 0, 1, 0, 0, 0, 0, 1, 1, 1, 0, 1, 0, 1, 1, 0, 0, 1, 0, 0, 1, 0, 1, 1, 1, 1, 1, 0, 0, 0, 1, 1, 1, 1, 0, 0, 0, 0, 1, 0, 1, 0, 1, 0, 0, 1, 0, 0, 1, 0, 0, 1, 1, 1, 0, 1, 0, 1, 0, 0, 1, 1, 1, 1, 0, 0, 1, 1, 1, 0, 0, 1, 1, 0, 1, 1, 0, 0, 1, 1, 0, 0, 1, 1, 1, 1, 0, 1, 1, 0, 0, 1, 0, 0, 1, 0, 1, 0, 1, 1, 1, 0, 0, 0, 0, 0, 0, 1, 0, 1, 1, 1, 0, 0, 1, 1, 1, 0, 0, 1, 0, 1, 1, 0, 1, 0, 1, 0, 1, 0, 0, 0, 0, 1, 1, 1, 1, 1, 0, 0, 0, 1, 0, 1, 1, 0, 1, 1, 1, 1, 0, 0, 1, 0, 0, 0, 0, 1, 1, 0, 1, 1, 1, 1, 1, 1, 0, 0, 0, 0, 0, 1, 0, 0, 0, 1, 1, 1, 0, 0, 0, 0, 1, 0, 1, 1, 0, 1, 1, 0, 1, 0, 0, 0, 0, 1, 1, 0, 1, 1, 0, 1, 0, 0, 0, 0, 1, 0, 0, 0, 0, 1, 1, 1, 0, 0, 0, 0, 1, 1, 0, 1, 1, 0, 1, 1, 1, 0, 1, 0, 0, 1, 0, 0, 1, 0, 1, 0, 0, 0, 1, 0, 0, 0, 0, 0, 1, 1, 1, 1, 0, 0, 0, 1, 0, 0, 1, 0, 0, 1, 1, 0, 0, 0, 1, 0, 1, 0, 1, 0, 1, 1, 0, 1, 1, 1, 1, 1, 0, 1, 1, 0, 0, 0, 0, 1, 0, 1, 0, 0, 1, 0, 0, 1, 1, 0, 0, 1, 1, 0, 0, 1, 0, 0, 0, 0, 1, 1, 1, 1, 1, 1, 1, 0, 0, 1, 0, 1, 1, 1, 1, 0, 0, 0, 1, 1, 1, 0, 0, 0, 0, 1, 0, 1, 0, 1, 0, 0, 1, 0, 1, 0, 1, 1, 0, 1, 1, 1, 0, 1, 0, 1, 1, 0, 1, 0, 0, 0, 0, 1, 1, 0, 1, 0, 1, 1, 0, 0, 0, 0, 0, 0, 1, 0, 0, 0, 0, 0, 0, 1, 0, 1, 0, 1, 1, 0, 1, 0, 1, 0, 0, 0, 1, 1, 1, 0, 0, 0, 1, 0, 1, 1, 1, 0, 0, 0, 1, 1, 0, 1, 1, 0, 0, 1, 0, 0, 1, 0, 1, 0, 1, 1, 1, 0, 0, 0, 1, 1, 0, 0, 1, 1, 1, 0, 0, 1, 0, 0, 0, 1, 0, 1, 0, 0, 1, 1, 1, 0, 1, 0, 0, 0, 1, 1, 0, 1, 1, 1, 0, 0, 1, 0, 1, 0, 0, 1, 1, 0, 0, 0, 1, 1, 1, 0, 1, 1, 1, 0, 0, 1, 1, 0, 1, 1, 0, 0, 0, 0, 0, 0, 0, 1, 0, 0, 0, 1, 0, 1, 1, 1, 1, 0, 0, 0, 0, 1, 1, 1, 1, 1, 0, 1, 0, 1, 0, 0, 0, 0, 0, 0, 0, 1, 0, 1, 1, 1, 0, 0, 0, 0, 1, 0, 1, 0, 1, 0, 1, 0, 1, 0, 0, 1, 1, 0, 1, 1, 1, 0, 1, 0, 1, 1, 0, 1, 1, 1, 0, 0, 1, 0, 1, 0, 0, 0, 1, 1, 1, 1, 1, 0, 1, 0, 0, 1, 1, 1, 0, 0, 1, 0, 1, 0, 0, 1, 1, 0, 0], "y-hat": [0.47, 1.0, 0.076, 0.99, 0.998, 0.008, 0.006, 0.054, 0.032, 0.036, 0.982, 0.932, 0.118, 0.992, 0.14, 0.962, 0.964, 0.964, 0.996, 0.998, 0.076, 0.99, 0.99, 0.96, 0.958, 0.04, 0.994, 0.992, 0.106, 0.636, 0.68, 0.686, 0.114, 0.954, 0.816, 0.984, 0.314, 0.996, 0.206, 0.044, 0.994, 0.022, 0.994, 0.998, 0.054, 0.034, 0.996, 0.268, 0.694, 0.14, 0.24, 0.048, 0.026, 0.014, 0.936, 0.994, 0.18, 0.092, 0.48, 0.98, 0.998, 0.014, 0.01, 0.946, 0.196, 0.114, 0.992, 0.986, 0.968, 0.872, 0.136, 0.186, 0.156, 0.99, 0.64, 0.976, 0.108, 0.044, 0.982, 1.0, 0.084, 0.998, 0.61, 0.974, 0.332, 0.96, 0.152, 0.988, 0.174, 0.976, 0.926, 0.728, 0.102, 0.018, 1.0, 0.1, 1.0, 0.11, 0.382, 0.994, 0.078, 0.116, 0.662, 0.998, 0.996, 0.77, 0.012, 0.962, 0.98, 0.018, 0.682, 0.114, 0.694, 0.076, 0.878, 1.0, 0.014, 0.03, 0.044, 0.838, 0.022, 0.978, 0.304, 0.644, 0.104, 0.048, 0.996, 0.02, 0.026, 0.28, 0.22, 0.092, 0.05, 0.666, 0.028, 0.988, 0.85, 0.994, 0.022, 0.974, 0.998, 0.838, 0.09, 0.992, 0.924, 0.816, 0.05, 0.96, 0.894, 0.01, 0.996, 0.048, 0.962, 0.98, 0.922, 0.098, 0.982, 0.05, 0.97, 0.068, 0.996, 0.142, 0.98, 0.128, 0.376, 0.036, 0.156, 0.07, 0.996, 0.992, 0.92, 0.806, 0.03, 0.136, 0.918, 0.992, 0.952, 0.722, 0.974, 0.02, 0.024, 0.988, 0.206, 0.17, 0.12, 0.998, 0.94, 0.988, 0.984, 0.18, 0.998, 0.468, 0.996, 0.006, 0.938, 0.146, 0.024, 0.01, 1.0, 0.992, 0.88, 0.99, 0.03, 0.988, 0.072, 0.148, 0.992, 0.02, 1.0, 0.142, 0.816, 0.108, 0.992, 0.996, 0.072, 0.056, 0.732, 0.012, 0.992, 0.102, 0.864, 0.594, 0.042, 0.998, 0.024, 0.122, 0.992, 0.662, 0.152, 0.446, 0.022, 0.046, 0.984, 0.012, 0.038, 0.034, 0.084, 0.974, 0.072, 0.778, 0.81, 0.258, 0.008, 0.018, 0.008, 0.466, 0.608, 0.334, 0.992, 0.984, 0.876, 1.0, 0.992, 0.066, 0.996, 0.034, 0.974, 0.868, 0.058, 0.988, 0.994, 0.056, 0.044, 0.486, 0.102, 0.994, 0.076, 0.99, 0.966, 0.476, 0.048, 0.018, 0.644, 0.614, 0.026, 0.018, 0.124, 0.922, 0.994, 0.96, 0.944, 0.812, 0.02, 0.992, 0.074, 0.172, 0.082, 0.868, 0.042, 0.986, 0.006, 0.152, 0.34, 0.972, 0.01, 0.996, 0.936, 0.584, 0.996, 0.186, 0.968, 0.998, 0.122, 0.124, 0.018, 0.186, 0.032, 0.71, 0.392, 0.78, 0.988, 0.994, 0.018, 0.032, 0.636, 0.994, 0.014, 0.026, 0.988, 0.188, 0.012, 0.138, 0.99, 0.114, 0.738, 0.018, 0.702, 0.928, 0.112, 0.192, 0.874, 0.06, 0.04, 0.592, 0.034, 0.998, 0.968, 0.27, 0.974, 0.988, 0.984, 0.988, 0.354, 0.164, 0.026, 0.572, 0.978, 0.99, 0.98, 0.054, 0.932, 0.064, 0.894, 0.082, 0.042, 0.114, 0.984, 0.96, 0.88, 0.428, 0.972, 0.986, 0.998, 0.194, 0.952, 0.052, 0.162, 0.996, 0.1, 0.916, 0.208, 0.028, 0.73, 0.662, 0.094, 0.042, 0.002, 0.998, 0.996, 0.08, 0.73, 0.986, 0.992, 0.082, 0.738, 0.062, 0.064, 0.468, 0.89, 0.256, 0.148, 0.944, 0.996, 0.056, 0.058, 0.106, 0.972, 0.018, 0.686, 0.996, 0.994, 0.986, 0.036, 0.972, 0.978, 0.318, 0.024, 0.322, 0.302, 0.306, 0.006, 0.926, 0.124, 0.024, 0.536, 0.984, 0.44, 0.032, 0.054, 0.026, 0.988, 0.952, 0.994, 0.092, 0.956, 0.01, 1.0, 0.994, 0.02, 0.178, 0.512, 0.068, 0.036, 0.71, 0.064, 0.88, 0.994, 0.998, 1.0, 0.986, 0.076, 0.208, 0.026, 0.994, 1.0, 0.964, 0.674, 0.022, 0.076, 0.04, 0.124, 0.978, 0.072, 0.918, 0.248, 0.752, 0.08, 0.014, 0.998, 0.062, 0.032, 0.87, 0.478, 0.088, 0.99, 0.762, 0.994, 0.04, 0.964, 0.012, 0.984, 0.016, 0.068, 0.932, 0.97, 0.976, 0.98, 0.08, 0.036, 0.822, 0.984, 0.74, 0.176, 0.018, 0.994, 0.856, 0.128, 0.706, 0.978, 0.038, 0.01, 0.592, 0.758, 0.01, 0.016, 0.986, 0.598, 0.972, 0.982, 0.096, 0.658, 0.994, 0.022, 0.018, 0.454, 0.038, 0.054, 0.874, 0.236, 0.878, 0.052, 0.984, 0.974, 0.09, 0.01, 0.036, 0.098, 0.048, 0.02, 0.048, 0.226, 0.004, 0.614, 0.974, 0.43, 0.06, 0.11, 0.99, 0.494, 0.98, 0.168, 0.128, 0.824, 0.176, 0.688, 0.978, 0.188, 0.986, 0.046, 0.854, 0.15, 0.836, 0.008, 0.042, 0.16, 0.066, 0.974, 0.99, 0.992, 0.87, 0.99, 0.036, 0.028, 0.03, 0.908, 0.104, 0.976, 0.864, 0.038, 0.976, 0.966, 0.986, 0.988, 0.018, 0.042, 0.784, 0.068, 0.066, 0.042, 0.104, 0.798, 0.894, 0.124, 0.994, 0.986, 0.196, 0.98, 0.562, 0.954, 0.012, 0.062, 0.008, 0.064, 0.42, 0.728, 0.018, 0.09, 0.014, 0.976, 0.99, 0.998, 0.15, 0.14, 0.064, 0.034, 0.908, 0.094, 0.864, 0.994, 0.076, 0.372, 0.824, 0.026, 0.678, 0.008, 0.112, 0.006, 0.264, 0.994, 0.99, 0.398, 0.994, 0.998, 0.012, 0.976, 0.092, 0.008, 0.148, 0.034, 0.52, 0.106, 0.212, 0.102, 0.274, 0.932, 0.742, 0.992, 0.014, 0.028, 0.086, 0.076, 0.98, 0.786, 0.07, 0.994, 0.974, 0.068, 0.994, 0.95, 0.988, 0.174, 0.986, 0.218, 0.308, 0.428, 0.01, 0.028, 0.75, 0.196, 0.996, 0.024, 0.086, 0.132, 0.87, 0.002, 0.01, 0.162, 0.072, 0.024, 0.974, 0.974, 0.96, 0.934, 0.11, 0.116, 0.038, 0.996, 0.068, 0.1, 0.998, 0.092, 0.214, 0.986, 0.966, 0.066, 0.03, 0.13, 1.0, 0.076, 0.744, 0.07, 0.81, 0.212, 0.996, 0.916, 0.01, 0.914, 0.31, 0.982, 0.83, 0.932, 0.01, 0.998, 0.988, 0.036, 0.018, 0.032, 0.032, 0.972, 0.056, 0.99, 0.028, 0.038, 0.992, 0.064, 0.118, 0.736, 0.994, 0.026, 0.16, 0.986, 0.994, 0.124, 0.094, 0.962, 0.062, 0.116, 0.014, 0.1, 0.998, 0.998, 0.992, 0.996, 0.98, 0.962, 0.76, 