{"auroc": 0.994994, "aupr": 0.9948065056374167, "y": [1, 1, 0, 1, 1, 0, 0, 0, 0, 0, 1, 1, 0, 1, 0, 1, 1, 1, 1, 1, 0, 1, 1, 1, 1, 0, 1, 1, 0, 1, 1, 1, 0, 1, 1, 1, 0, 1, 0, 0, 1, 0, 1, 1, 0, 0, 1, 0, 1, 0, 0, 0, 0, 0, 1, 1, 0, 0, 0, 1, 1, 0, 0, 1, 0, 0, 1, 1, 1, 1, 0, 0, 0, 1, 1, 1, 0, 0, 1, 1, 0, 1, 1, 1, 0, 1, 0, 1, 0, 1, 1, 0, 0, 0, 1, 0, 1, 0, 0, 1, 0, 0, 1, 1, 1, 1, 0, 1, 1, 0, 1, 0, 1, 0, 1, 1, 0, 0, 0, 1, 0, 1, 0, 1, 0, 0, 1, 0, 0, 0, 0, 0, 0, 1, 0, 1, 1, 1, 0, 1, 1, 1, 0, 1, 1, 1, 0, 1, 1, 0, 1, 0, 1, 1, 1, 0, 1, 0, 1, 0, 1, 0, 1, 0, 1, 0, 0, 0, 1, 1, 1, 1, 0, 0, 1, 1, 1, 1, 1, 0, 0, 1, 0, 0, 0, 1, 0, 1, 1, 0, 1, 1, 1, 0, 1, 0, 0, 0, 1, 1, 1, 1, 0, 1, 0, 0, 1, 0, 1, 0, 1, 0, 1, 1, 0, 0, 1, 0, 1, 0, 1, 1, 0, 1, 0, 0, 1, 1, 0, 0, 0, 0, 1, 0, 0, 0, 0, 1, 0, 1, 1, 0, 0, 0, 0, 1, 1, 1, 1, 1, 1, 1, 1, 0, 1, 0, 1, 1, 0, 1, 1, 0, 0, 1, 0, 1, 0, 1, 1, 1, 0, 0, 1, 1, 0, 0, 0, 1, 1, 1, 1, 1, 0, 1, 0, 0, 0, 1, 0, 1, 0, 0, 1, 1, 0, 1, 1, 1, 1, 0, 1, 1, 0, 0, 0, 0, 0, 1, 1, 1, 1, 1, 0, 0, 1, 1, 0, 0, 1, 0, 0, 0, 1, 0, 1, 0, 1, 0, 0, 0, 1, 0, 0, 1, 0, 1, 1, 0, 1, 1, 1, 1, 0, 0, 0, 1, 1, 1, 1, 0, 1, 0, 1, 0, 0, 0, 1, 1, 0, 1, 1, 1, 1, 0, 1, 0, 1, 1, 0, 1, 0, 0, 1, 1, 0, 0, 0, 1, 1, 0, 1, 1, 1, 0, 1, 0, 0, 0, 1, 0, 0, 1, 1, 0, 0, 0, 1, 0, 1, 1, 1, 1, 0, 1, 1, 0, 0, 0, 0, 0, 0, 1, 0, 0, 0, 1, 0, 0, 0, 0, 1, 1, 1, 0, 1, 0, 1, 1, 0, 0, 1, 0, 0, 1, 0, 1, 1, 1, 1, 1, 0, 0, 0, 1, 1, 1, 1, 0, 0, 0, 0, 1, 0, 1, 0, 1, 0, 0, 1, 0, 0, 1, 0, 0, 1, 1, 1, 0, 1, 0, 1, 0, 0, 1, 1, 1, 1, 0, 0, 1, 1, 1, 0, 0, 1, 1, 0, 1, 1, 0, 0, 1, 1, 0, 0, 1, 1, 1, 1, 0, 1, 1, 0, 0, 1, 0, 0, 1, 0, 1, 0, 1, 1, 1, 0, 0, 0, 0, 0, 0, 1, 0, 1, 1, 1, 0, 0, 1, 1, 1, 0, 0, 1, 0, 1, 1, 0, 1, 0, 1, 0, 1, 0, 0, 0, 0, 1, 1, 1, 1, 1, 0, 0, 0, 1, 0, 1, 1, 0, 1, 1, 1, 1, 0, 0, 1, 0, 0, 0, 0, 1, 1, 0, 1, 1, 1, 1, 1, 1, 0, 0, 0, 0, 0, 1, 0, 0, 0, 1, 1, 1, 0, 0, 0, 0, 1, 0, 1, 1, 0, 1, 1, 0, 1, 0, 0, 0, 0, 1, 1, 0, 1, 1, 0, 1, 0, 0, 0, 0, 1, 0, 0, 0, 0, 1, 1, 1, 0, 0, 0, 0, 1, 1, 0, 1, 1, 0, 1, 1, 1, 0, 1, 0, 0, 1, 0, 0, 1, 0, 1, 0, 0, 0, 1, 0, 0, 0, 0, 0, 1, 1, 1, 1, 0, 0, 0, 1, 0, 0, 1, 0, 0, 1, 1, 0, 0, 0, 1, 0, 1, 0, 1, 0, 1, 1, 0, 1, 1, 1, 1, 1, 0, 1, 1, 0, 0, 0, 0, 1, 0, 1, 0, 0, 1, 0, 0, 1, 1, 0, 0, 1, 1, 0, 0, 1, 0, 0, 0, 0, 1, 1, 1, 1, 1, 1, 1, 0, 0, 1, 0, 1, 1, 1, 1, 0, 0, 0, 1, 1, 1, 0, 0, 0, 0, 1, 0, 1, 0, 1, 0, 0, 1, 0, 1, 0, 1, 1, 0, 1, 1, 1, 0, 1, 0, 1, 1, 0, 1, 0, 0, 0, 0, 1, 1, 0, 1, 0, 1, 1, 0, 0, 0, 0, 0, 0, 1, 0, 0, 0, 0, 0, 0, 1, 0, 1, 0, 1, 1, 0, 1, 0, 1, 0, 0, 0, 1, 1, 1, 0, 0, 0, 1, 0, 1, 1, 1, 0, 0, 0, 1, 1, 0, 1, 1, 0, 0, 1, 0, 0, 1, 0, 1, 0, 1, 1, 1, 0, 0, 0, 1, 1, 0, 0, 1, 1, 1, 0, 0, 1, 0, 0, 0, 1, 0, 1, 0, 0, 1, 1, 1, 0, 1, 0, 0, 0, 1, 1, 0, 1, 1, 1, 0, 0, 1, 0, 1, 0, 0, 1, 1, 0, 0, 0, 1, 1, 1, 0, 1, 1, 1, 0, 0, 1, 1, 0, 1, 1, 0, 0, 0, 0, 0, 0, 0, 1, 0, 0, 0, 1, 0, 1, 1, 1, 1, 0, 0, 0, 0, 1, 1, 1, 1, 1, 0, 1, 0, 1, 0, 0, 0, 0, 0, 0, 0, 1, 0, 1, 1, 1, 0, 0, 0, 0, 1, 0, 1, 0, 1, 0, 1, 0, 1, 0, 0, 1, 1, 0, 1, 1, 1, 0, 1, 0, 1, 1, 0, 1, 1, 1, 0, 0, 1, 0, 1, 0, 0, 0, 1, 1, 1, 1, 1, 0, 1, 0, 0, 1, 1, 1, 0, 0, 1, 0, 1, 0, 0, 1, 1, 0, 0], "y-hat": [0.47, 0.984, 0.094, 0.988, 0.994, 0.012, 0.006, 0.026, 0.022, 0.052, 0.994, 0.956, 0.136, 0.986, 0.146, 0.948, 0.968, 0.974, 0.986, 0.998, 0.078, 0.99, 0.992, 0.968, 0.97, 0.03, 0.994, 0.994, 0.146, 0.644, 0.642, 0.664, 0.118, 0.974, 0.826, 0.986, 0.218, 0.998, 0.192, 0.046, 0.994, 0.018, 1.0, 0.996, 0.06, 0.018, 0.982, 0.264, 0.78, 0.11, 0.282, 0.046, 0.012, 0.012, 0.924, 0.986, 0.22, 0.1, 0.552, 0.988, 0.994, 0.01, 0.016, 0.952, 0.206, 0.1, 0.998, 0.994, 0.99, 0.87, 0.134, 0.21, 0.186, 0.994, 0.688, 0.982, 0.13, 0.048, 0.986, 0.996, 0.092, 0.992, 0.572, 0.98, 0.374, 0.968, 0.132, 0.996, 0.156, 0.978, 0.916, 0.698, 0.098, 0.038, 0.998, 0.088, 0.998, 0.1, 0.38, 0.986, 0.076, 0.084, 0.668, 0.996, 0.996, 0.824, 0.02, 0.982, 0.984, 0.016, 0.67, 0.14, 0.684, 0.06, 0.848, 0.992, 0.006, 0.01, 0.046, 0.856, 0.036, 0.962, 0.27, 0.674, 0.098, 0.034, 0.994, 0.02, 0.028, 0.23, 0.204, 0.086, 0.048, 0.678, 0.036, 0.98, 0.832, 0.984, 0.028, 0.972, 0.996, 0.824, 0.086, 0.998, 0.93, 0.784, 0.062, 0.954, 0.898, 0.02, 0.99, 0.046, 0.95, 0.994, 0.936, 0.102, 0.992, 0.042, 0.968, 0.058, 0.998, 0.134, 0.992, 0.124, 0.368, 0.042, 0.176, 0.062, 0.986, 0.992, 0.92, 0.808, 0.024, 0.16, 0.91, 0.994, 0.968, 0.67, 0.978, 0.022, 0.032, 0.978, 0.19, 0.146, 0.094, 0.994, 0.934, 0.996, 0.99, 0.23, 0.998, 0.466, 0.994, 0.008, 0.942, 0.114, 0.016, 0.006, 0.992, 0.996, 0.866, 0.994, 0.032, 1.0, 0.078, 0.13, 1.0, 0.03, 0.998, 0.17, 0.81, 0.048, 0.988, 0.994, 0.062, 0.048, 0.748, 0.008, 0.992, 0.068, 0.868, 0.622, 0.024, 0.994, 0.038, 0.088, 0.992, 0.614, 0.136, 0.428, 0.014, 0.046, 0.994, 0.008, 0.03, 0.018, 0.106, 0.964, 0.086, 0.814, 0.796, 0.256, 0.01, 0.03, 0.022, 0.448, 0.616, 0.35, 0.988, 0.988, 0.904, 0.99, 1.0, 0.088, 0.994, 0.046, 0.974, 0.92, 0.062, 0.988, 0.992, 0.068, 0.04, 0.518, 0.088, 0.994, 0.066, 0.984, 0.966, 0.412, 0.04, 0.026, 0.626, 0.646, 0.018, 0.02, 0.112, 0.91, 0.988, 0.986, 0.936, 0.846, 0.02, 0.99, 0.06, 0.15, 0.074, 0.886, 0.018, 0.99, 0.008, 0.168, 0.356, 0.982, 0.008, 1.0, 0.934, 0.584, 0.99, 0.164, 0.97, 0.998, 0.076, 0.146, 0.01, 0.19, 0.054, 0.716, 0.376, 0.772, 0.982, 0.996, 0.014, 0.036, 0.658, 0.992, 0.018, 0.044, 0.99, 0.168, 0.016, 0.158, 0.988, 0.114, 0.774, 0.008, 0.762, 0.936, 0.13, 0.218, 0.912, 0.086, 0.03, 0.566, 0.028, 0.996, 0.962, 0.304, 0.976, 0.974, 0.99, 0.98, 0.354, 0.156, 0.02, 0.508, 0.97, 0.984, 0.98, 0.068, 0.926, 0.036, 0.886, 0.066, 0.028, 0.1, 0.99, 0.938, 0.842, 0.412, 0.964, 0.992, 0.996, 0.186, 0.944, 0.064, 0.166, 0.992, 0.104, 0.944, 0.134, 0.032, 0.74, 0.686, 0.094, 0.036, 0.004, 1.0, 0.996, 0.082, 0.686, 0.994, 0.994, 0.102, 0.732, 0.058, 0.08, 0.454, 0.87, 0.27, 0.122, 0.954, 1.0, 0.036, 0.048, 0.09, 0.972, 0.018, 0.696, 0.99, 0.998, 0.984, 0.034, 0.974, 0.968, 0.332, 0.022, 0.32, 0.36, 0.322, 0.016, 0.954, 0.122, 0.026, 0.522, 0.982, 0.424, 0.05, 0.038, 0.014, 0.988, 0.94, 0.996, 0.088, 0.958, 0.014, 0.996, 0.99, 0.028, 0.158, 0.534, 0.072, 0.042, 0.704, 0.068, 0.908, 0.994, 0.998, 0.998, 0.986, 0.07, 0.228, 0.02, 0.98, 0.996, 0.956, 0.656, 0.016, 0.082, 0.034, 0.154, 0.984, 0.062, 0.924, 0.302, 0.75, 0.066, 0.02, 0.996, 0.07, 0.03, 0.866, 0.516, 0.104, 0.99, 0.764, 0.996, 0.03, 0.97, 0.02, 0.988, 0.008, 0.084, 0.93, 0.97, 0.988, 0.986, 0.086, 0.04, 0.782, 0.976, 0.758, 0.214, 0.024, 0.998, 0.856, 0.152, 0.714, 0.97, 0.028, 0.014, 0.554, 0.726, 0.018, 0.03, 0.986, 0.592, 0.976, 0.982, 0.082, 0.682, 0.99, 0.012, 0.008, 0.514, 0.072, 0.036, 0.896, 0.26, 0.878, 0.046, 0.974, 0.968, 0.1, 0.008, 0.028, 0.074, 0.044, 0.028, 0.058, 0.236, 0.008, 0.576, 0.982, 0.458, 0.044, 0.168, 0.992, 0.566, 0.988, 0.192, 0.084, 0.84, 0.156, 0.712, 0.98, 0.212, 0.99, 0.042, 0.834, 0.144, 0.846, 0.014, 0.038, 0.142, 0.066, 0.984, 0.99, 0.996, 0.89, 0.986, 0.06, 0.032, 0.04, 0.892, 0.126, 0.972, 0.87, 0.05, 0.978, 0.968, 0.996, 0.992, 0.028, 0.038, 0.75, 0.07, 0.074, 0.026, 0.108, 0.768, 0.846, 0.126, 0.99, 0.99, 0.168, 0.988, 0.566, 0.968, 0.026, 0.078, 0.016, 0.05, 0.372, 0.73, 0.026, 0.074, 0.024, 0.986, 0.992, 0.996, 0.14, 0.18, 0.066, 0.044, 0.928, 0.098, 0.874, 0.998, 0.066, 0.366, 0.832, 0.026, 0.68, 0.014, 0.134, 0.01, 0.27, 0.994, 0.992, 0.336, 0.998, 0.996, 0.006, 0.958, 0.086, 0.026, 0.166, 0.03, 0.578, 0.104, 0.212, 0.128, 0.258, 0.948, 0.804, 0.998, 0.016, 0.054, 0.114, 0.06, 0.98, 0.78, 0.098, 0.994, 0.962, 0.1, 0.992, 0.974, 0.978, 0.184, 0.99, 0.182, 0.32, 0.41, 0.008, 0.046, 0.752, 0.196, 0.998, 0.02, 0.09, 0.136, 0.882, 0.008, 0.012, 0.148, 0.056, 0.032, 0.976, 0.978, 0.976, 0.928, 0.08, 0.104, 0.036, 0.994, 0.072, 0.092, 0.988, 0.106, 0.228, 0.98, 0.968, 0.074, 0.034, 0.13, 0.994, 0.044, 0.752, 0.044, 0.788, 0.18, 0.976, 0.922, 0.018, 0.938, 0.294, 0.976, 0.836, 0.924, 0.006, 0.986, 0.992, 0.034, 0.026, 0.028, 0.016, 0.952, 0.058, 0.978, 0.026, 0.036, 0.996, 0.056, 0.1, 0.742, 0.99, 0.06, 0.152, 0.978, 0.994, 0.152, 0.086, 0.966, 0.07, 0.142, 0.016, 0.1, 0.994, 0.996, 0.996, 0.988, 0.974, 0.978, 0.734, 0.104, 0.214, 