{"auroc": 0.994996, "aupr": 0.9948721601468624, "y": [1, 1, 0, 1, 1, 0, 0, 0, 0, 0, 1, 1, 0, 1, 0, 1, 1, 1, 1, 1, 0, 1, 1, 1, 1, 0, 1, 1, 0, 1, 1, 1, 0, 1, 1, 1, 0, 1, 0, 0, 1, 0, 1, 1, 0, 0, 1, 0, 1, 0, 0, 0, 0, 0, 1, 1, 0, 0, 0, 1, 1, 0, 0, 1, 0, 0, 1, 1, 1, 1, 0, 0, 0, 1, 1, 1, 0, 0, 1, 1, 0, 1, 1, 1, 0, 1, 0, 1, 0, 1, 1, 0, 0, 0, 1, 0, 1, 0, 0, 1, 0, 0, 1, 1, 1, 1, 0, 1, 1, 0, 1, 0, 1, 0, 1, 1, 0, 0, 0, 1, 0, 1, 0, 1, 0, 0, 1, 0, 0, 0, 0, 0, 0, 1, 0, 1, 1, 1, 0, 1, 1, 1, 0, 1, 1, 1, 0, 1, 1, 0, 1, 0, 1, 1, 1, 0, 1, 0, 1, 0, 1, 0, 1, 0, 1, 0, 0, 0, 1, 1, 1, 1, 0, 0, 1, 1, 1, 1, 1, 0, 0, 1, 0, 0, 0, 1, 0, 1, 1, 0, 1, 1, 1, 0, 1, 0, 0, 0, 1, 1, 1, 1, 0, 1, 0, 0, 1, 0, 1, 0, 1, 0, 1, 1, 0, 0, 1, 0, 1, 0, 1, 1, 0, 1, 0, 0, 1, 1, 0, 0, 0, 0, 1, 0, 0, 0, 0, 1, 0, 1, 1, 0, 0, 0, 0, 1, 1, 1, 1, 1, 1, 1, 1, 0, 1, 0, 1, 1, 0, 1, 1, 0, 0, 1, 0, 1, 0, 1, 1, 1, 0, 0, 1, 1, 0, 0, 0, 1, 1, 1, 1, 1, 0, 1, 0, 0, 0, 1, 0, 1, 0, 0, 1, 1, 0, 1, 1, 1, 1, 0, 1, 1, 0, 0, 0, 0, 0, 1, 1, 1, 1, 1, 0, 0, 1, 1, 0, 0, 1, 0, 0, 0, 1, 0, 1, 0, 1, 0, 0, 0, 1, 0, 0, 1, 0, 1, 1, 0, 1, 1, 1, 1, 0, 0, 0, 1, 1, 1, 1, 0, 1, 0, 1, 0, 0, 0, 1, 1, 0, 1, 1, 1, 1, 0, 1, 0, 1, 1, 0, 1, 0, 0, 1, 1, 0, 0, 0, 1, 1, 0, 1, 1, 1, 0, 1, 0, 0, 0, 1, 0, 0, 1, 1, 0, 0, 0, 1, 0, 1, 1, 1, 1, 0, 1, 1, 0, 0, 0, 0, 0, 0, 1, 0, 0, 0, 1, 0, 0, 0, 0, 1, 1, 1, 0, 1, 0, 1, 1, 0, 0, 1, 0, 0, 1, 0, 1, 1, 1, 1, 1, 0, 0, 0, 1, 1, 1, 1, 0, 0, 0, 0, 1, 0, 1, 0, 1, 0, 0, 1, 0, 0, 1, 0, 0, 1, 1, 1, 0, 1, 0, 1, 0, 0, 1, 1, 1, 1, 0, 0, 1, 1, 1, 0, 0, 1, 1, 0, 1, 1, 0, 0, 1, 1, 0, 0, 1, 1, 1, 1, 0, 1, 1, 0, 0, 1, 0, 0, 1, 0, 1, 0, 1, 1, 1, 0, 0, 0, 0, 0, 0, 1, 0, 1, 1, 1, 0, 0, 1, 1, 1, 0, 0, 1, 0, 1, 1, 0, 1, 0, 1, 0, 1, 0, 0, 0, 0, 1, 1, 1, 1, 1, 0, 0, 0, 1, 0, 1, 1, 0, 1, 1, 1, 1, 0, 0, 1, 0, 0, 0, 0, 1, 1, 0, 1, 1, 1, 1, 1, 1, 0, 0, 0, 0, 0, 1, 0, 0, 0, 1, 1, 1, 0, 0, 0, 0, 1, 0, 1, 1, 0, 1, 1, 0, 1, 0, 0, 0, 0, 1, 1, 0, 1, 1, 0, 1, 0, 0, 0, 0, 1, 0, 0, 0, 0, 1, 1, 1, 0, 0, 0, 0, 1, 1, 0, 1, 1, 0, 1, 1, 1, 0, 1, 0, 0, 1, 0, 0, 1, 0, 1, 0, 0, 0, 1, 0, 0, 0, 0, 0, 1, 1, 1, 1, 0, 0, 0, 1, 0, 0, 1, 0, 0, 1, 1, 0, 0, 0, 1, 0, 1, 0, 1, 0, 1, 1, 0, 1, 1, 1, 1, 1, 0, 1, 1, 0, 0, 0, 0, 1, 0, 1, 0, 0, 1, 0, 0, 1, 1, 0, 0, 1, 1, 0, 0, 1, 0, 0, 0, 0, 1, 1, 1, 1, 1, 1, 1, 0, 0, 1, 0, 1, 1, 1, 1, 0, 0, 0, 1, 1, 1, 0, 0, 0, 0, 1, 0, 1, 0, 1, 0, 0, 1, 0, 1, 0, 1, 1, 0, 1, 1, 1, 0, 1, 0, 1, 1, 0, 1, 0, 0, 0, 0, 1, 1, 0, 1, 0, 1, 1, 0, 0, 0, 0, 0, 0, 1, 0, 0, 0, 0, 0, 0, 1, 0, 1, 0, 1, 1, 0, 1, 0, 1, 0, 0, 0, 1, 1, 1, 0, 0, 0, 1, 0, 1, 1, 1, 0, 0, 0, 1, 1, 0, 1, 1, 0, 0, 1, 0, 0, 1, 0, 1, 0, 1, 1, 1, 0, 0, 0, 1, 1, 0, 0, 1, 1, 1, 0, 0, 1, 0, 0, 0, 1, 0, 1, 0, 0, 1, 1, 1, 0, 1, 0, 0, 0, 1, 1, 0, 1, 1, 1, 0, 0, 1, 0, 1, 0, 0, 1, 1, 0, 0, 0, 1, 1, 1, 0, 1, 1, 1, 0, 0, 1, 1, 0, 1, 1, 0, 0, 0, 0, 0, 0, 0, 1, 0, 0, 0, 1, 0, 1, 1, 1, 1, 0, 0, 0, 0, 1, 1, 1, 1, 1, 0, 1, 0, 1, 0, 0, 0, 0, 0, 0, 0, 1, 0, 1, 1, 1, 0, 0, 0, 0, 1, 0, 1, 0, 1, 0, 1, 0, 1, 0, 0, 1, 1, 0, 1, 1, 1, 0, 1, 0, 1, 1, 0, 1, 1, 1, 0, 0, 1, 0, 1, 0, 0, 0, 1, 1, 1, 1, 1, 0, 1, 0, 0, 1, 1, 1, 0, 0, 1, 0, 1, 0, 0, 1, 1, 0, 0], "y-hat": [0.484, 0.99, 0.088, 0.986, 0.99, 0.014, 0.008, 0.032, 0.026, 0.052, 0.984, 0.934, 0.146, 0.988, 0.124, 0.946, 0.962, 0.98, 0.986, 0.998, 0.066, 0.982, 0.992, 0.946, 0.974, 0.03, 0.996, 0.982, 0.184, 0.666, 0.642, 0.606, 0.096, 0.944, 0.82, 0.996, 0.248, 0.998, 0.228, 0.046, 0.982, 0.02, 0.99, 0.996, 0.084, 0.042, 0.988, 0.26, 0.756, 0.144, 0.29, 0.054, 0.028, 0.008, 0.916, 0.986, 0.18, 0.092, 0.44, 0.98, 0.988, 0.016, 0.018, 0.952, 0.192, 0.092, 0.992, 0.97, 0.988, 0.876, 0.182, 0.192, 0.17, 0.998, 0.652, 0.982, 0.144, 0.056, 0.98, 0.996, 0.092, 0.994, 0.59, 0.974, 0.33, 0.97, 0.116, 0.996, 0.196, 0.956, 0.92, 0.7, 0.116, 0.022, 0.994, 0.082, 0.998, 0.106, 0.39, 0.994, 0.056, 0.116, 0.648, 0.994, 0.988, 0.806, 0.032, 0.972, 0.976, 0.022, 0.674, 0.14, 0.568, 0.042, 0.862, 0.996, 0.008, 0.018, 0.08, 0.798, 0.03, 0.95, 0.316, 0.65, 0.114, 0.072, 0.982, 0.026, 0.032, 0.218, 0.192, 0.092, 0.062, 0.644, 0.042, 0.972, 0.838, 0.988, 0.05, 0.954, 0.994, 0.838, 0.088, 0.992, 0.91, 0.822, 0.044, 0.96, 0.892, 0.012, 0.986, 0.076, 0.946, 0.976, 0.918, 0.12, 0.98, 0.042, 0.96, 0.062, 0.998, 0.192, 0.984, 0.144, 0.384, 0.046, 0.128, 0.06, 0.99, 0.992, 0.894, 0.814, 0.028, 0.214, 0.888, 0.988, 0.964, 0.676, 0.978, 0.024, 0.018, 0.964, 0.206, 0.132, 0.078, 0.994, 0.924, 0.996, 0.99, 0.21, 0.992, 0.434, 1.0, 0.006, 0.912, 0.124, 0.036, 0.01, 0.996, 0.984, 0.944, 0.984, 0.038, 0.996, 0.1, 0.188, 0.986, 0.022, 0.994, 0.154, 0.836, 0.078, 0.992, 0.996, 0.076, 0.06, 0.772, 0.02, 0.984, 0.13, 0.858, 0.568, 0.018, 0.986, 0.048, 0.148, 0.986, 0.648, 0.142, 0.47, 0.016, 0.056, 0.986, 0.012, 0.038, 0.036, 0.074, 0.958, 0.104, 0.772, 0.794, 0.238, 0.032, 0.016, 0.008, 0.484, 0.612, 0.32, 0.984, 0.98, 0.874, 0.994, 0.994, 0.086, 0.988, 0.052, 0.97, 0.886, 0.072, 0.964, 0.982, 0.106, 0.062, 0.484, 0.078, 0.982, 0.08, 0.98, 0.96, 0.48, 0.042, 0.012, 0.624, 0.684, 0.024, 0.016, 0.168, 0.922, 0.984, 0.972, 0.948, 0.814, 0.054, 0.98, 0.054, 0.138, 0.084, 0.842, 0.02, 0.986, 0.012, 0.134, 0.366, 0.96, 0.018, 0.996, 0.896, 0.612, 0.984, 0.178, 0.974, 0.992, 0.126, 0.128, 0.008, 0.222, 0.04, 0.714, 0.448, 0.754, 0.986, 0.996, 0.024, 0.042, 0.63, 0.996, 0.012, 0.054, 0.988, 0.166, 0.022, 0.154, 0.988, 0.142, 0.746, 0.016, 0.724, 0.902, 0.12, 0.248, 0.848, 0.066, 0.03, 0.57, 0.032, 0.996, 0.934, 0.356, 0.974, 0.978, 0.984, 0.986, 0.362, 0.126, 0.032, 0.546, 0.958, 0.976, 0.98, 0.07, 0.92, 0.046, 0.866, 0.076, 0.036, 0.132, 0.984, 0.95, 0.864, 0.394, 0.964, 0.982, 0.978, 0.178, 0.944, 0.044, 0.162, 0.988, 0.102, 0.902, 0.128, 0.024, 0.72, 0.698, 0.08, 0.056, 0.008, 0.998, 0.99, 0.086, 0.678, 0.99, 0.982, 0.096, 0.716, 0.066, 0.088, 0.454, 0.868, 0.254, 0.178, 0.97, 0.998, 0.054, 0.046, 0.074, 0.98, 0.03, 0.722, 0.994, 0.994, 0.974, 0.03, 0.972, 0.95, 0.322, 0.034, 0.382, 0.324, 0.33, 0.018, 0.94, 0.082, 0.024, 0.484, 0.98, 0.474, 0.05, 0.048, 0.014, 0.99, 0.948, 0.998, 0.076, 0.942, 0.01, 0.992, 0.99, 0.016, 0.13, 0.548, 0.09, 0.046, 0.712, 0.072, 0.888, 0.984, 0.998, 0.996, 0.978, 0.066, 0.19, 0.018, 0.99, 0.996, 0.962, 0.676, 0.018, 0.092, 0.032, 0.184, 0.976, 0.06, 0.906, 0.286, 0.75, 0.052, 0.03, 0.998, 0.05, 0.034, 0.87, 0.536, 0.088, 0.984, 0.79, 0.996, 0.046, 0.936, 0.022, 0.978, 0.012, 0.086, 0.94, 0.95, 0.982, 0.986, 0.084, 0.05, 0.86, 0.972, 0.76, 0.2, 0.014, 0.996, 0.83, 0.172, 0.724, 0.97, 0.04, 0.026, 0.584, 0.716, 0.016, 0.048, 0.97, 0.606, 0.96, 0.962, 0.12, 0.694, 0.994, 0.01, 0.02, 0.504, 0.074, 0.062, 0.824, 0.284, 0.914, 0.05, 0.978, 0.938, 0.092, 0.018, 0.038, 0.084, 0.06, 0.018, 0.066, 0.272, 0.01, 0.598, 0.962, 0.418, 0.062, 0.136, 1.0, 0.53, 0.98, 0.16, 0.086, 0.824, 0.218, 0.632, 0.97, 0.204, 0.982, 0.05, 0.834, 0.252, 0.864, 0.012, 0.054, 0.208, 0.074, 0.972, 0.996, 0.988, 0.86, 0.996, 0.062, 0.02, 0.048, 0.876, 0.1, 0.96, 0.866, 0.032, 0.98, 0.964, 0.978, 0.988, 0.028, 0.038, 0.77, 0.054, 0.066, 0.022, 0.122, 0.796, 0.836, 0.128, 0.97, 0.994, 0.2, 0.99, 0.598, 0.948, 0.026, 0.06, 0.012, 0.054, 0.386, 0.712, 0.03, 0.112, 0.018, 0.982, 0.984, 0.988, 0.156, 0.182, 0.08, 0.038, 0.896, 0.112, 0.884, 0.992, 0.06, 0.384, 0.808, 0.032, 0.68, 0.014, 0.13, 0.002, 0.314, 0.996, 0.986, 0.312, 0.992, 0.996, 0.022, 0.956, 0.094, 0.03, 0.138, 0.032, 0.532, 0.08, 0.208, 0.132, 0.252, 0.928, 0.782, 0.988, 0.004, 0.048, 0.106, 0.076, 0.974, 0.73, 0.098, 0.998, 0.974, 0.09, 0.992, 0.948, 0.976, 0.212, 0.974, 0.196, 0.274, 0.424, 0.014, 0.054, 0.724, 0.182, 0.992, 0.03, 0.12, 0.124, 0.874, 0.006, 0.02, 0.186, 0.086, 0.022, 0.954, 0.964, 0.954, 0.922, 0.066, 0.124, 0.038, 0.99, 0.056, 0.094, 0.998, 0.126, 0.232, 0.982, 0.956, 0.07, 0.034, 0.15, 0.992, 0.072, 0.756, 0.066, 0.786, 0.202, 0.952, 0.866, 0.012, 0.912, 0.358, 0.982, 0.826, 0.912, 0.016, 0.99, 0.992, 0.052, 0.034, 0.044, 0.038, 0.974, 0.07, 0.982, 0.026, 0.032, 0.998, 0.082, 0.11, 0.718, 0.974, 0.042, 0.164, 0.976, 0.996, 0.112, 0.122, 0.946, 0.078, 0.122, 0.012, 0.088, 0.994, 0.99, 0.996, 0.982, 0.972, 0.952, 0.73, 