{"auroc": 0.9942520000000001, "aupr": 0.993967929498134, "y": [1, 1, 0, 1, 1, 0, 0, 0, 0, 0, 1, 1, 0, 1, 0, 1, 1, 1, 1, 1, 0, 1, 1, 1, 1, 0, 1, 1, 0, 1, 1, 1, 0, 1, 1, 1, 0, 1, 0, 0, 1, 0, 1, 1, 0, 0, 1, 0, 1, 0, 0, 0, 0, 0, 1, 1, 0, 0, 0, 1, 1, 0, 0, 1, 0, 0, 1, 1, 1, 1, 0, 0, 0, 1, 1, 1, 0, 0, 1, 1, 0, 1, 1, 1, 0, 1, 0, 1, 0, 1, 1, 0, 0, 0, 1, 0, 1, 0, 0, 1, 0, 0, 1, 1, 1, 1, 0, 1, 1, 0, 1, 0, 1, 0, 1, 1, 0, 0, 0, 1, 0, 1, 0, 1, 0, 0, 1, 0, 0, 0, 0, 0, 0, 1, 0, 1, 1, 1, 0, 1, 1, 1, 0, 1, 1, 1, 0, 1, 1, 0, 1, 0, 1, 1, 1, 0, 1, 0, 1, 0, 1, 0, 1, 0, 1, 0, 0, 0, 1, 1, 1, 1, 0, 0, 1, 1, 1, 1, 1, 0, 0, 1, 0, 0, 0, 1, 0, 1, 1, 0, 1, 1, 1, 0, 1, 0, 0, 0, 1, 1, 1, 1, 0, 1, 0, 0, 1, 0, 1, 0, 1, 0, 1, 1, 0, 0, 1, 0, 1, 0, 1, 1, 0, 1, 0, 0, 1, 1, 0, 0, 0, 0, 1, 0, 0, 0, 0, 1, 0, 1, 1, 0, 0, 0, 0, 1, 1, 1, 1, 1, 1, 1, 1, 0, 1, 0, 1, 1, 0, 1, 1, 0, 0, 1, 0, 1, 0, 1, 1, 1, 0, 0, 1, 1, 0, 0, 0, 1, 1, 1, 1, 1, 0, 1, 0, 0, 0, 1, 0, 1, 0, 0, 1, 1, 0, 1, 1, 1, 1, 0, 1, 1, 0, 0, 0, 0, 0, 1, 1, 1, 1, 1, 0, 0, 1, 1, 0, 0, 1, 0, 0, 0, 1, 0, 1, 0, 1, 0, 0, 0, 1, 0, 0, 1, 0, 1, 1, 0, 1, 1, 1, 1, 0, 0, 0, 1, 1, 1, 1, 0, 1, 0, 1, 0, 0, 0, 1, 1, 0, 1, 1, 1, 1, 0, 1, 0, 1, 1, 0, 1, 0, 0, 1, 1, 0, 0, 0, 1, 1, 0, 1, 1, 1, 0, 1, 0, 0, 0, 1, 0, 0, 1, 1, 0, 0, 0, 1, 0, 1, 1, 1, 1, 0, 1, 1, 0, 0, 0, 0, 0, 0, 1, 0, 0, 0, 1, 0, 0, 0, 0, 1, 1, 1, 0, 1, 0, 1, 1, 0, 0, 1, 0, 0, 1, 0, 1, 1, 1, 1, 1, 0, 0, 0, 1, 1, 1, 1, 0, 0, 0, 0, 1, 0, 1, 0, 1, 0, 0, 1, 0, 0, 1, 0, 0, 1, 1, 1, 0, 1, 0, 1, 0, 0, 1, 1, 1, 1, 0, 0, 1, 1, 1, 0, 0, 1, 1, 0, 1, 1, 0, 0, 1, 1, 0, 0, 1, 1, 1, 1, 0, 1, 1, 0, 0, 1, 0, 0, 1, 0, 1, 0, 1, 1, 1, 0, 0, 0, 0, 0, 0, 1, 0, 1, 1, 1, 0, 0, 1, 1, 1, 0, 0, 1, 0, 1, 1, 0, 1, 0, 1, 0, 1, 0, 0, 0, 0, 1, 1, 1, 1, 1, 0, 0, 0, 1, 0, 1, 1, 0, 1, 1, 1, 1, 0, 0, 1, 0, 0, 0, 0, 1, 1, 0, 1, 1, 1, 1, 1, 1, 0, 0, 0, 0, 0, 1, 0, 0, 0, 1, 1, 1, 0, 0, 0, 0, 1, 0, 1, 1, 0, 1, 1, 0, 1, 0, 0, 0, 0, 1, 1, 0, 1, 1, 0, 1, 0, 0, 0, 0, 1, 0, 0, 0, 0, 1, 1, 1, 0, 0, 0, 0, 1, 1, 0, 1, 1, 0, 1, 1, 1, 0, 1, 0, 0, 1, 0, 0, 1, 0, 1, 0, 0, 0, 1, 0, 0, 0, 0, 0, 1, 1, 1, 1, 0, 0, 0, 1, 0, 0, 1, 0, 0, 1, 1, 0, 0, 0, 1, 0, 1, 0, 1, 0, 1, 1, 0, 1, 1, 1, 1, 1, 0, 1, 1, 0, 0, 0, 0, 1, 0, 1, 0, 0, 1, 0, 0, 1, 1, 0, 0, 1, 1, 0, 0, 1, 0, 0, 0, 0, 1, 1, 1, 1, 1, 1, 1, 0, 0, 1, 0, 1, 1, 1, 1, 0, 0, 0, 1, 1, 1, 0, 0, 0, 0, 1, 0, 1, 0, 1, 0, 0, 1, 0, 1, 0, 1, 1, 0, 1, 1, 1, 0, 1, 0, 1, 1, 0, 1, 0, 0, 0, 0, 1, 1, 0, 1, 0, 1, 1, 0, 0, 0, 0, 0, 0, 1, 0, 0, 0, 0, 0, 0, 1, 0, 1, 0, 1, 1, 0, 1, 0, 1, 0, 0, 0, 1, 1, 1, 0, 0, 0, 1, 0, 1, 1, 1, 0, 0, 0, 1, 1, 0, 1, 1, 0, 0, 1, 0, 0, 1, 0, 1, 0, 1, 1, 1, 0, 0, 0, 1, 1, 0, 0, 1, 1, 1, 0, 0, 1, 0, 0, 0, 1, 0, 1, 0, 0, 1, 1, 1, 0, 1, 0, 0, 0, 1, 1, 0, 1, 1, 1, 0, 0, 1, 0, 1, 0, 0, 1, 1, 0, 0, 0, 1, 1, 1, 0, 1, 1, 1, 0, 0, 1, 1, 0, 1, 1, 0, 0, 0, 0, 0, 0, 0, 1, 0, 0, 0, 1, 0, 1, 1, 1, 1, 0, 0, 0, 0, 1, 1, 1, 1, 1, 0, 1, 0, 1, 0, 0, 0, 0, 0, 0, 0, 1, 0, 1, 1, 1, 0, 0, 0, 0, 1, 0, 1, 0, 1, 0, 1, 0, 1, 0, 0, 1, 1, 0, 1, 1, 1, 0, 1, 0, 1, 1, 0, 1, 1, 1, 0, 0, 1, 0, 1, 0, 0, 0, 1, 1, 1, 1, 1, 0, 1, 0, 0, 1, 1, 1, 0, 0, 1, 0, 1, 0, 0, 1, 1, 0, 0], "y-hat": [0.41, 0.99, 0.108, 0.984, 0.978, 0.016, 0.01, 0.036, 0.026, 0.074, 0.974, 0.908, 0.21, 0.992, 0.146, 0.954, 0.944, 0.974, 0.98, 0.992, 0.084, 0.984, 0.972, 0.968, 0.942, 0.056, 0.992, 0.998, 0.228, 0.618, 0.63, 0.612, 0.11, 0.952, 0.828, 0.992, 0.316, 0.994, 0.214, 0.052, 0.974, 0.024, 0.992, 0.992, 0.064, 0.056, 0.966, 0.24, 0.756, 0.078, 0.282, 0.052, 0.032, 0.016, 0.91, 0.968, 0.222, 0.094, 0.534, 0.99, 0.986, 0.036, 0.004, 0.922, 0.22, 0.114, 0.988, 0.97, 0.986, 0.862, 0.186, 0.196, 0.168, 0.994, 0.604, 0.968, 0.154, 0.066, 0.978, 0.998, 0.072, 0.992, 0.594, 0.966, 0.396, 0.96, 0.148, 0.992, 0.174, 0.948, 0.924, 0.776, 0.092, 0.014, 0.994, 0.116, 0.998, 0.108, 0.318, 0.996, 0.082, 0.108, 0.64, 0.99, 0.99, 0.788, 0.04, 0.974, 0.952, 0.03, 0.704, 0.148, 0.618, 0.082, 0.86, 0.994, 0.008, 0.026, 0.098, 0.81, 0.056, 0.964, 0.274, 0.6, 0.114, 0.068, 0.99, 0.04, 0.02, 0.24, 0.254, 0.104, 0.064, 0.598, 0.04, 0.97, 0.798, 0.988, 0.054, 0.972, 0.986, 0.756, 0.092, 0.994, 0.896, 0.818, 0.038, 0.94, 0.89, 0.01, 0.978, 0.082, 0.928, 0.984, 0.878, 0.116, 0.972, 0.078, 0.936, 0.1, 0.994, 0.162, 0.988, 0.144, 0.386, 0.03, 0.192, 0.066, 0.996, 0.994, 0.866, 0.752, 0.034, 0.178, 0.944, 0.958, 0.954, 0.68, 0.972, 0.03, 0.024, 0.958, 0.248, 0.214, 0.104, 0.98, 0.934, 0.992, 0.992, 0.178, 0.994, 0.498, 0.988, 0.012, 0.894, 0.144, 0.036, 0.02, 0.992, 0.994, 0.862, 0.992, 0.058, 0.988, 0.102, 0.158, 0.984, 0.028, 0.998, 0.178, 0.822, 0.138, 0.988, 0.996, 0.086, 0.086, 0.71, 0.022, 0.992, 0.144, 0.806, 0.6, 0.034, 0.988, 0.052, 0.138, 0.99, 0.678, 0.152, 0.434, 0.01, 0.044, 0.984, 0.018, 0.042, 0.036, 0.098, 0.964, 0.082, 0.746, 0.83, 0.194, 0.018, 0.036, 0.028, 0.448, 0.564, 0.35, 0.984, 0.98, 0.962, 0.994, 0.992, 0.078, 0.988, 0.042, 0.954, 0.894, 0.072, 0.986, 0.99, 0.104, 0.048, 0.466, 0.108, 0.98, 0.112, 0.97, 0.944, 0.516, 0.048, 0.016, 0.562, 0.652, 0.018, 0.022, 0.15, 0.916, 0.984, 0.944, 0.916, 0.852, 0.042, 0.966, 0.108, 0.15, 0.118, 0.836, 0.034, 0.986, 0.022, 0.13, 0.372, 0.954, 0.016, 0.994, 0.908, 0.584, 0.992, 0.198, 0.972, 0.988, 0.13, 0.152, 0.006, 0.202, 0.06, 0.694, 0.438, 0.752, 0.976, 0.994, 0.02, 0.04, 0.672, 0.988, 0.024, 0.028, 0.988, 0.178, 0.03, 0.132, 0.986, 0.128, 0.768, 0.02, 0.728, 0.944, 0.156, 0.18, 0.894, 0.068, 0.042, 0.562, 0.026, 0.984, 0.948, 0.332, 0.966, 0.95, 0.978, 0.992, 0.376, 0.182, 0.028, 0.544, 0.958, 0.966, 0.97, 0.076, 0.9, 0.038, 0.838, 0.102, 0.032, 0.118, 0.982, 0.918, 0.854, 0.39, 0.956, 0.988, 0.98, 0.196, 0.93, 0.076, 0.156, 0.994, 0.122, 0.914, 0.168, 0.038, 0.776, 0.724, 0.12, 0.052, 0.01, 0.996, 0.986, 0.06, 0.702, 0.988, 0.986, 0.146, 0.708, 0.104, 0.078, 0.458, 0.852, 0.336, 0.166, 0.924, 1.0, 0.066, 0.05, 0.08, 0.964, 0.012, 0.716, 0.988, 0.99, 0.974, 0.058, 0.95, 0.954, 0.348, 0.036, 0.36, 0.304, 0.346, 0.012, 0.92, 0.122, 0.02, 0.536, 0.986, 0.432, 0.088, 0.062, 0.03, 0.986, 0.918, 0.998, 0.104, 0.936, 0.014, 0.994, 0.984, 0.016, 0.138, 0.56, 0.098, 0.05, 0.69, 0.08, 0.884, 0.988, 0.998, 0.996, 0.96, 0.09, 0.212, 0.038, 0.99, 0.99, 0.96, 0.692, 0.028, 0.08, 0.012, 0.194, 0.968, 0.066, 0.888, 0.254, 0.744, 0.092, 0.02, 0.992, 0.044, 0.058, 0.848, 0.45, 0.124, 0.982, 0.77, 0.99, 0.04, 0.938, 0.018, 0.984, 0.02, 0.06, 0.938, 0.954, 0.968, 0.968, 0.102, 0.062, 0.814, 0.98, 0.826, 0.208, 0.02, 0.996, 0.852, 0.168, 0.694, 0.976, 0.056, 0.01, 0.574, 0.762, 0.014, 0.024, 0.976, 0.548, 0.934, 0.964, 0.148, 0.694, 0.992, 0.014, 0.022, 0.396, 0.068, 0.052, 0.788, 0.25, 0.83, 0.076, 0.976, 0.932, 0.102, 0.02, 0.036, 0.102, 0.052, 0.014, 0.07, 0.27, 0.02, 0.604, 0.966, 0.346, 0.034, 0.144, 0.986, 0.586, 0.97, 0.184, 0.132, 0.85, 0.196, 0.622, 0.982, 0.188, 0.974, 0.062, 0.836, 0.194, 0.842, 0.012, 0.048, 0.17, 0.092, 0.962, 0.982, 0.994, 0.866, 0.97, 0.068, 0.024, 0.062, 0.898, 0.128, 0.952, 0.86, 0.05, 0.982, 0.954, 0.986, 0.98, 0.026, 0.034, 0.712, 0.066, 0.082, 0.038, 0.104, 0.76, 0.84, 0.102, 0.982, 0.982, 0.166, 0.988, 0.618, 0.958, 0.018, 0.084, 0.018, 0.05, 0.454, 0.73, 0.044, 0.076, 0.034, 0.976, 0.97, 0.99, 0.206, 0.164, 0.064, 0.046, 0.9, 0.106, 0.876, 0.988, 0.06, 0.474, 0.8, 0.056, 0.738, 0.024, 0.134, 0.006, 0.238, 0.984, 0.984, 0.36, 0.988, 1.0, 0.022, 0.954, 0.084, 0.024, 0.188, 0.038, 0.56, 0.146, 0.21, 0.126, 0.308, 0.936, 0.732, 0.988, 0.012, 0.054, 0.122, 0.07, 0.978, 0.844, 0.114, 0.99, 0.956, 0.106, 0.992, 0.952, 0.974, 0.236, 0.976, 0.248, 0.29, 0.452, 0.008, 0.076, 0.742, 0.238, 0.992, 0.018, 0.104, 0.128, 0.86, 0.008, 0.012, 0.172, 0.076, 0.04, 0.934, 0.95, 0.962, 0.908, 0.076, 0.142, 0.034, 0.986, 0.114, 0.128, 0.996, 0.132, 0.224, 0.982, 0.936, 0.1, 0.04, 0.136, 0.996, 0.054, 0.708, 0.082, 0.824, 0.168, 0.964, 0.868, 0.02, 0.924, 0.35, 0.97, 0.854, 0.9, 0.034, 0.976, 0.982, 0.048, 0.052, 0.042, 0.028, 0.934, 0.064, 0.972, 0.012, 0.036, 0.982, 0.074, 0.11, 0.74, 0.986, 0.042, 0.168, 0.94, 0.988, 0.16, 0.124, 0.936, 0.064, 0.11, 0.008, 0.136, 0.992, 0.98, 0.988, 0.982, 0.95, 0.934, 