{"auroc": 0.994972, "aupr": 0.9948191615943374, "y": [1, 1, 0, 1, 1, 0, 0, 0, 0, 0, 1, 1, 0, 1, 0, 1, 1, 1, 1, 1, 0, 1, 1, 1, 1, 0, 1, 1, 0, 1, 1, 1, 0, 1, 1, 1, 0, 1, 0, 0, 1, 0, 1, 1, 0, 0, 1, 0, 1, 0, 0, 0, 0, 0, 1, 1, 0, 0, 0, 1, 1, 0, 0, 1, 0, 0, 1, 1, 1, 1, 0, 0, 0, 1, 1, 1, 0, 0, 1, 1, 0, 1, 1, 1, 0, 1, 0, 1, 0, 1, 1, 0, 0, 0, 1, 0, 1, 0, 0, 1, 0, 0, 1, 1, 1, 1, 0, 1, 1, 0, 1, 0, 1, 0, 1, 1, 0, 0, 0, 1, 0, 1, 0, 1, 0, 0, 1, 0, 0, 0, 0, 0, 0, 1, 0, 1, 1, 1, 0, 1, 1, 1, 0, 1, 1, 1, 0, 1, 1, 0, 1, 0, 1, 1, 1, 0, 1, 0, 1, 0, 1, 0, 1, 0, 1, 0, 0, 0, 1, 1, 1, 1, 0, 0, 1, 1, 1, 1, 1, 0, 0, 1, 0, 0, 0, 1, 0, 1, 1, 0, 1, 1, 1, 0, 1, 0, 0, 0, 1, 1, 1, 1, 0, 1, 0, 0, 1, 0, 1, 0, 1, 0, 1, 1, 0, 0, 1, 0, 1, 0, 1, 1, 0, 1, 0, 0, 1, 1, 0, 0, 0, 0, 1, 0, 0, 0, 0, 1, 0, 1, 1, 0, 0, 0, 0, 1, 1, 1, 1, 1, 1, 1, 1, 0, 1, 0, 1, 1, 0, 1, 1, 0, 0, 1, 0, 1, 0, 1, 1, 1, 0, 0, 1, 1, 0, 0, 0, 1, 1, 1, 1, 1, 0, 1, 0, 0, 0, 1, 0, 1, 0, 0, 1, 1, 0, 1, 1, 1, 1, 0, 1, 1, 0, 0, 0, 0, 0, 1, 1, 1, 1, 1, 0, 0, 1, 1, 0, 0, 1, 0, 0, 0, 1, 0, 1, 0, 1, 0, 0, 0, 1, 0, 0, 1, 0, 1, 1, 0, 1, 1, 1, 1, 0, 0, 0, 1, 1, 1, 1, 0, 1, 0, 1, 0, 0, 0, 1, 1, 0, 1, 1, 1, 1, 0, 1, 0, 1, 1, 0, 1, 0, 0, 1, 1, 0, 0, 0, 1, 1, 0, 1, 1, 1, 0, 1, 0, 0, 0, 1, 0, 0, 1, 1, 0, 0, 0, 1, 0, 1, 1, 1, 1, 0, 1, 1, 0, 0, 0, 0, 0, 0, 1, 0, 0, 0, 1, 0, 0, 0, 0, 1, 1, 1, 0, 1, 0, 1, 1, 0, 0, 1, 0, 0, 1, 0, 1, 1, 1, 1, 1, 0, 0, 0, 1, 1, 1, 1, 0, 0, 0, 0, 1, 0, 1, 0, 1, 0, 0, 1, 0, 0, 1, 0, 0, 1, 1, 1, 0, 1, 0, 1, 0, 0, 1, 1, 1, 1, 0, 0, 1, 1, 1, 0, 0, 1, 1, 0, 1, 1, 0, 0, 1, 1, 0, 0, 1, 1, 1, 1, 0, 1, 1, 0, 0, 1, 0, 0, 1, 0, 1, 0, 1, 1, 1, 0, 0, 0, 0, 0, 0, 1, 0, 1, 1, 1, 0, 0, 1, 1, 1, 0, 0, 1, 0, 1, 1, 0, 1, 0, 1, 0, 1, 0, 0, 0, 0, 1, 1, 1, 1, 1, 0, 0, 0, 1, 0, 1, 1, 0, 1, 1, 1, 1, 0, 0, 1, 0, 0, 0, 0, 1, 1, 0, 1, 1, 1, 1, 1, 1, 0, 0, 0, 0, 0, 1, 0, 0, 0, 1, 1, 1, 0, 0, 0, 0, 1, 0, 1, 1, 0, 1, 1, 0, 1, 0, 0, 0, 0, 1, 1, 0, 1, 1, 0, 1, 0, 0, 0, 0, 1, 0, 0, 0, 0, 1, 1, 1, 0, 0, 0, 0, 1, 1, 0, 1, 1, 0, 1, 1, 1, 0, 1, 0, 0, 1, 0, 0, 1, 0, 1, 0, 0, 0, 1, 0, 0, 0, 0, 0, 1, 1, 1, 1, 0, 0, 0, 1, 0, 0, 1, 0, 0, 1, 1, 0, 0, 0, 1, 0, 1, 0, 1, 0, 1, 1, 0, 1, 1, 1, 1, 1, 0, 1, 1, 0, 0, 0, 0, 1, 0, 1, 0, 0, 1, 0, 0, 1, 1, 0, 0, 1, 1, 0, 0, 1, 0, 0, 0, 0, 1, 1, 1, 1, 1, 1, 1, 0, 0, 1, 0, 1, 1, 1, 1, 0, 0, 0, 1, 1, 1, 0, 0, 0, 0, 1, 0, 1, 0, 1, 0, 0, 1, 0, 1, 0, 1, 1, 0, 1, 1, 1, 0, 1, 0, 1, 1, 0, 1, 0, 0, 0, 0, 1, 1, 0, 1, 0, 1, 1, 0, 0, 0, 0, 0, 0, 1, 0, 0, 0, 0, 0, 0, 1, 0, 1, 0, 1, 1, 0, 1, 0, 1, 0, 0, 0, 1, 1, 1, 0, 0, 0, 1, 0, 1, 1, 1, 0, 0, 0, 1, 1, 0, 1, 1, 0, 0, 1, 0, 0, 1, 0, 1, 0, 1, 1, 1, 0, 0, 0, 1, 1, 0, 0, 1, 1, 1, 0, 0, 1, 0, 0, 0, 1, 0, 1, 0, 0, 1, 1, 1, 0, 1, 0, 0, 0, 1, 1, 0, 1, 1, 1, 0, 0, 1, 0, 1, 0, 0, 1, 1, 0, 0, 0, 1, 1, 1, 0, 1, 1, 1, 0, 0, 1, 1, 0, 1, 1, 0, 0, 0, 0, 0, 0, 0, 1, 0, 0, 0, 1, 0, 1, 1, 1, 1, 0, 0, 0, 0, 1, 1, 1, 1, 1, 0, 1, 0, 1, 0, 0, 0, 0, 0, 0, 0, 1, 0, 1, 1, 1, 0, 0, 0, 0, 1, 0, 1, 0, 1, 0, 1, 0, 1, 0, 0, 1, 1, 0, 1, 1, 1, 0, 1, 0, 1, 1, 0, 1, 1, 1, 0, 0, 1, 0, 1, 0, 0, 0, 1, 1, 1, 1, 1, 0, 1, 0, 0, 1, 1, 1, 0, 0, 1, 0, 1, 0, 0, 1, 1, 0, 0], "y-hat": [0.426, 0.992, 0.056, 0.99, 0.994, 0.026, 0.01, 0.04, 0.032, 0.036, 0.99, 0.946, 0.136, 0.99, 0.132, 0.956, 0.956, 0.964, 0.984, 1.0, 0.052, 0.998, 0.994, 0.972, 0.972, 0.04, 0.998, 0.998, 0.142, 0.682, 0.64, 0.652, 0.108, 0.962, 0.832, 0.996, 0.266, 0.996, 0.19, 0.052, 0.992, 0.01, 1.0, 0.996, 0.056, 0.034, 0.988, 0.242, 0.732, 0.112, 0.232, 0.034, 0.022, 0.02, 0.938, 0.99, 0.192, 0.088, 0.47, 0.98, 0.992, 0.002, 0.01, 0.942, 0.192, 0.11, 0.998, 0.99, 0.984, 0.892, 0.134, 0.228, 0.156, 0.994, 0.672, 0.976, 0.132, 0.04, 0.98, 1.0, 0.062, 1.0, 0.622, 0.988, 0.326, 0.958, 0.158, 0.994, 0.172, 0.976, 0.948, 0.742, 0.104, 0.028, 0.994, 0.086, 1.0, 0.092, 0.41, 0.984, 0.05, 0.098, 0.632, 0.99, 0.998, 0.81, 0.014, 0.976, 0.972, 0.022, 0.658, 0.124, 0.688, 0.066, 0.872, 1.0, 0.01, 0.026, 0.06, 0.83, 0.044, 0.97, 0.25, 0.656, 0.1, 0.04, 0.986, 0.028, 0.042, 0.234, 0.242, 0.12, 0.042, 0.684, 0.044, 0.986, 0.858, 0.994, 0.034, 0.976, 0.996, 0.804, 0.094, 0.996, 0.956, 0.822, 0.06, 0.942, 0.878, 0.012, 0.992, 0.05, 0.972, 0.984, 0.938, 0.098, 0.982, 0.04, 0.97, 0.07, 0.996, 0.158, 0.984, 0.134, 0.362, 0.052, 0.178, 0.072, 0.998, 0.992, 0.938, 0.834, 0.018, 0.18, 0.91, 0.99, 0.96, 0.672, 0.982, 0.056, 0.016, 0.982, 0.172, 0.176, 0.104, 1.0, 0.948, 0.994, 0.992, 0.228, 0.996, 0.496, 0.994, 0.01, 0.928, 0.136, 0.038, 0.01, 1.0, 0.998, 0.886, 0.988, 0.054, 0.982, 0.076, 0.174, 0.992, 0.026, 0.996, 0.144, 0.814, 0.104, 0.984, 0.998, 0.076, 0.042, 0.74, 0.014, 0.99, 0.088, 0.86, 0.582, 0.008, 0.992, 0.042, 0.104, 0.998, 0.66, 0.148, 0.456, 0.018, 0.05, 0.998, 0.01, 0.036, 0.032, 0.084, 0.982, 0.084, 0.762, 0.806, 0.268, 0.024, 0.018, 0.024, 0.49, 0.582, 0.336, 0.988, 0.996, 0.888, 0.996, 1.0, 0.088, 0.99, 0.03, 0.978, 0.888, 0.068, 0.986, 0.994, 0.08, 0.052, 0.52, 0.09, 0.98, 0.052, 0.988, 0.974, 0.456, 0.054, 0.012, 0.628, 0.634, 0.026, 0.022, 0.108, 0.936, 0.988, 0.966, 0.938, 0.806, 0.042, 0.994, 0.056, 0.186, 0.066, 0.866, 0.016, 0.992, 0.012, 0.12, 0.37, 0.966, 0.02, 0.996, 0.944, 0.562, 1.0, 0.23, 0.974, 0.998, 0.122, 0.126, 0.014, 0.186, 0.026, 0.752, 0.424, 0.786, 0.984, 0.996, 0.014, 0.048, 0.664, 0.988, 0.012, 0.036, 0.996, 0.17, 0.006, 0.14, 0.994, 0.132, 0.758, 0.016, 0.77, 0.928, 0.114, 0.182, 0.854, 0.056, 0.03, 0.566, 0.014, 0.992, 0.974, 0.318, 0.994, 0.976, 0.986, 0.998, 0.38, 0.154, 0.028, 0.6, 0.97, 0.984, 0.964, 0.066, 0.908, 0.046, 0.874, 0.07, 0.032, 0.114, 0.986, 0.946, 0.85, 0.434, 0.972, 0.996, 0.986, 0.158, 0.96, 0.056, 0.146, 0.99, 0.09, 0.95, 0.122, 0.036, 0.746, 0.722, 0.116, 0.04, 0.01, 1.0, 0.994, 0.056, 0.716, 0.984, 0.982, 0.108, 0.706, 0.078, 0.086, 0.438, 0.888, 0.258, 0.144, 0.952, 0.998, 0.048, 0.062, 0.068, 0.982, 0.018, 0.698, 0.998, 0.998, 0.984, 0.03, 0.984, 0.982, 0.306, 0.026, 0.296, 0.32, 0.31, 0.01, 0.92, 0.128, 0.016, 0.476, 0.978, 0.454, 0.054, 0.068, 0.036, 0.994, 0.946, 0.996, 0.11, 0.95, 0.018, 0.996, 0.99, 0.012, 0.172, 0.53, 0.078, 0.048, 0.67, 0.062, 0.896, 0.99, 1.0, 0.996, 0.992, 0.09, 0.214, 0.022, 0.996, 0.996, 0.956, 0.672, 0.022, 0.098, 0.034, 0.142, 0.992, 0.052, 0.892, 0.254, 0.792, 0.066, 0.01, 0.992, 0.05, 0.042, 0.892, 0.48, 0.098, 0.984, 0.736, 0.996, 0.034, 0.956, 0.006, 0.986, 0.018, 0.08, 0.954, 0.98, 0.982, 0.982, 0.096, 0.044, 0.81, 0.97, 0.762, 0.158, 0.014, 0.992, 0.868, 0.156, 0.736, 0.982, 0.058, 0.012, 0.604, 0.714, 0.008, 0.002, 0.99, 0.636, 0.972, 0.984, 0.094, 0.64, 0.998, 0.012, 0.014, 0.46, 0.052, 0.048, 0.884, 0.27, 0.9, 0.042, 0.984, 0.972, 0.094, 0.008, 0.022, 0.064, 0.046, 0.012, 0.04, 0.204, 0.004, 0.62, 0.972, 0.436, 0.044, 0.138, 0.998, 0.534, 0.99, 0.16, 0.114, 0.808, 0.176, 0.654, 0.978, 0.19, 0.988, 0.052, 0.834, 0.202, 0.848, 0.004, 0.04, 0.168, 0.072, 0.978, 0.992, 0.998, 0.882, 0.99, 0.044, 0.016, 0.042, 0.896, 0.1, 0.97, 0.884, 0.054, 0.98, 0.976, 0.988, 0.992, 0.02, 0.02, 0.8, 0.04, 0.06, 0.028, 0.1, 0.778, 0.86, 0.128, 0.984, 0.994, 0.194, 0.988, 0.576, 0.97, 0.02, 0.08, 0.016, 0.048, 0.402, 0.726, 0.022, 0.07, 0.018, 0.964, 0.996, 0.994, 0.178, 0.186, 0.054, 0.04, 0.914, 0.108, 0.882, 0.992, 0.066, 0.396, 0.81, 0.048, 0.658, 0.008, 0.106, 0.014, 0.232, 0.99, 0.986, 0.428, 0.996, 0.992, 0.014, 0.968, 0.07, 0.01, 0.144, 0.024, 0.566, 0.092, 0.2, 0.092, 0.27, 0.94, 0.724, 0.986, 0.018, 0.028, 0.124, 0.058, 0.982, 0.758, 0.072, 0.992, 0.978, 0.094, 0.996, 0.952, 0.98, 0.198, 0.978, 0.214, 0.314, 0.46, 0.006, 0.052, 0.758, 0.236, 0.994, 0.026, 0.108, 0.112, 0.866, 0.01, 0.012, 0.176, 0.07, 0.026, 0.958, 0.968, 0.98, 0.926, 0.074, 0.106, 0.038, 0.994, 0.082, 0.1, 0.996, 0.12, 0.186, 0.988, 0.958, 0.062, 0.038, 0.14, 0.994, 0.09, 0.75, 0.062, 0.786, 0.174, 0.99, 0.914, 0.014, 0.906, 0.358, 0.98, 0.822, 0.952, 0.02, 0.996, 0.988, 0.04, 0.032, 0.03, 0.032, 0.974, 0.078, 0.988, 0.014, 0.028, 0.994, 0.058, 0.128, 0.764, 0.988, 0.034, 0.16, 0.972, 1.0, 0.108, 0.108, 0.972, 0.07, 0.136, 0.01, 0.09, 0.982, 0.994, 0.988, 0.994, 0.98, 0.952, 0.712, 0.094, 0.214, 0.99, 0.066, 0.958,