{"auroc": 0.9949539999999999, "aupr": 0.9947468127240137, "y": [1, 1, 0, 1, 1, 0, 0, 0, 0, 0, 1, 1, 0, 1, 0, 1, 1, 1, 1, 1, 0, 1, 1, 1, 1, 0, 1, 1, 0, 1, 1, 1, 0, 1, 1, 1, 0, 1, 0, 0, 1, 0, 1, 1, 0, 0, 1, 0, 1, 0, 0, 0, 0, 0, 1, 1, 0, 0, 0, 1, 1, 0, 0, 1, 0, 0, 1, 1, 1, 1, 0, 0, 0, 1, 1, 1, 0, 0, 1, 1, 0, 1, 1, 1, 0, 1, 0, 1, 0, 1, 1, 0, 0, 0, 1, 0, 1, 0, 0, 1, 0, 0, 1, 1, 1, 1, 0, 1, 1, 0, 1, 0, 1, 0, 1, 1, 0, 0, 0, 1, 0, 1, 0, 1, 0, 0, 1, 0, 0, 0, 0, 0, 0, 1, 0, 1, 1, 1, 0, 1, 1, 1, 0, 1, 1, 1, 0, 1, 1, 0, 1, 0, 1, 1, 1, 0, 1, 0, 1, 0, 1, 0, 1, 0, 1, 0, 0, 0, 1, 1, 1, 1, 0, 0, 1, 1, 1, 1, 1, 0, 0, 1, 0, 0, 0, 1, 0, 1, 1, 0, 1, 1, 1, 0, 1, 0, 0, 0, 1, 1, 1, 1, 0, 1, 0, 0, 1, 0, 1, 0, 1, 0, 1, 1, 0, 0, 1, 0, 1, 0, 1, 1, 0, 1, 0, 0, 1, 1, 0, 0, 0, 0, 1, 0, 0, 0, 0, 1, 0, 1, 1, 0, 0, 0, 0, 1, 1, 1, 1, 1, 1, 1, 1, 0, 1, 0, 1, 1, 0, 1, 1, 0, 0, 1, 0, 1, 0, 1, 1, 1, 0, 0, 1, 1, 0, 0, 0, 1, 1, 1, 1, 1, 0, 1, 0, 0, 0, 1, 0, 1, 0, 0, 1, 1, 0, 1, 1, 1, 1, 0, 1, 1, 0, 0, 0, 0, 0, 1, 1, 1, 1, 1, 0, 0, 1, 1, 0, 0, 1, 0, 0, 0, 1, 0, 1, 0, 1, 0, 0, 0, 1, 0, 0, 1, 0, 1, 1, 0, 1, 1, 1, 1, 0, 0, 0, 1, 1, 1, 1, 0, 1, 0, 1, 0, 0, 0, 1, 1, 0, 1, 1, 1, 1, 0, 1, 0, 1, 1, 0, 1, 0, 0, 1, 1, 0, 0, 0, 1, 1, 0, 1, 1, 1, 0, 1, 0, 0, 0, 1, 0, 0, 1, 1, 0, 0, 0, 1, 0, 1, 1, 1, 1, 0, 1, 1, 0, 0, 0, 0, 0, 0, 1, 0, 0, 0, 1, 0, 0, 0, 0, 1, 1, 1, 0, 1, 0, 1, 1, 0, 0, 1, 0, 0, 1, 0, 1, 1, 1, 1, 1, 0, 0, 0, 1, 1, 1, 1, 0, 0, 0, 0, 1, 0, 1, 0, 1, 0, 0, 1, 0, 0, 1, 0, 0, 1, 1, 1, 0, 1, 0, 1, 0, 0, 1, 1, 1, 1, 0, 0, 1, 1, 1, 0, 0, 1, 1, 0, 1, 1, 0, 0, 1, 1, 0, 0, 1, 1, 1, 1, 0, 1, 1, 0, 0, 1, 0, 0, 1, 0, 1, 0, 1, 1, 1, 0, 0, 0, 0, 0, 0, 1, 0, 1, 1, 1, 0, 0, 1, 1, 1, 0, 0, 1, 0, 1, 1, 0, 1, 0, 1, 0, 1, 0, 0, 0, 0, 1, 1, 1, 1, 1, 0, 0, 0, 1, 0, 1, 1, 0, 1, 1, 1, 1, 0, 0, 1, 0, 0, 0, 0, 1, 1, 0, 1, 1, 1, 1, 1, 1, 0, 0, 0, 0, 0, 1, 0, 0, 0, 1, 1, 1, 0, 0, 0, 0, 1, 0, 1, 1, 0, 1, 1, 0, 1, 0, 0, 0, 0, 1, 1, 0, 1, 1, 0, 1, 0, 0, 0, 0, 1, 0, 0, 0, 0, 1, 1, 1, 0, 0, 0, 0, 1, 1, 0, 1, 1, 0, 1, 1, 1, 0, 1, 0, 0, 1, 0, 0, 1, 0, 1, 0, 0, 0, 1, 0, 0, 0, 0, 0, 1, 1, 1, 1, 0, 0, 0, 1, 0, 0, 1, 0, 0, 1, 1, 0, 0, 0, 1, 0, 1, 0, 1, 0, 1, 1, 0, 1, 1, 1, 1, 1, 0, 1, 1, 0, 0, 0, 0, 1, 0, 1, 0, 0, 1, 0, 0, 1, 1, 0, 0, 1, 1, 0, 0, 1, 0, 0, 0, 0, 1, 1, 1, 1, 1, 1, 1, 0, 0, 1, 0, 1, 1, 1, 1, 0, 0, 0, 1, 1, 1, 0, 0, 0, 0, 1, 0, 1, 0, 1, 0, 0, 1, 0, 1, 0, 1, 1, 0, 1, 1, 1, 0, 1, 0, 1, 1, 0, 1, 0, 0, 0, 0, 1, 1, 0, 1, 0, 1, 1, 0, 0, 0, 0, 0, 0, 1, 0, 0, 0, 0, 0, 0, 1, 0, 1, 0, 1, 1, 0, 1, 0, 1, 0, 0, 0, 1, 1, 1, 0, 0, 0, 1, 0, 1, 1, 1, 0, 0, 0, 1, 1, 0, 1, 1, 0, 0, 1, 0, 0, 1, 0, 1, 0, 1, 1, 1, 0, 0, 0, 1, 1, 0, 0, 1, 1, 1, 0, 0, 1, 0, 0, 0, 1, 0, 1, 0, 0, 1, 1, 1, 0, 1, 0, 0, 0, 1, 1, 0, 1, 1, 1, 0, 0, 1, 0, 1, 0, 0, 1, 1, 0, 0, 0, 1, 1, 1, 0, 1, 1, 1, 0, 0, 1, 1, 0, 1, 1, 0, 0, 0, 0, 0, 0, 0, 1, 0, 0, 0, 1, 0, 1, 1, 1, 1, 0, 0, 0, 0, 1, 1, 1, 1, 1, 0, 1, 0, 1, 0, 0, 0, 0, 0, 0, 0, 1, 0, 1, 1, 1, 0, 0, 0, 0, 1, 0, 1, 0, 1, 0, 1, 0, 1, 0, 0, 1, 1, 0, 1, 1, 1, 0, 1, 0, 1, 1, 0, 1, 1, 1, 0, 0, 1, 0, 1, 0, 0, 0, 1, 1, 1, 1, 1, 0, 1, 0, 0, 1, 1, 1, 0, 0, 1, 0, 1, 0, 0, 1, 1, 0, 0], "y-hat": [0.484, 0.996, 0.08, 0.99, 0.996, 0.016, 0.008, 0.032, 0.02, 0.048, 0.99, 0.93, 0.144, 0.992, 0.156, 0.956, 0.966, 0.966, 0.982, 0.998, 0.064, 0.986, 0.988, 0.962, 0.964, 0.05, 0.998, 1.0, 0.146, 0.678, 0.596, 0.62, 0.126, 0.978, 0.788, 0.992, 0.266, 0.996, 0.232, 0.056, 0.996, 0.024, 0.99, 0.996, 0.04, 0.03, 0.996, 0.266, 0.744, 0.126, 0.224, 0.036, 0.026, 0.012, 0.926, 0.992, 0.196, 0.094, 0.496, 0.988, 0.992, 0.016, 0.01, 0.94, 0.186, 0.106, 0.996, 0.988, 0.992, 0.834, 0.116, 0.178, 0.148, 0.992, 0.636, 0.994, 0.152, 0.068, 0.986, 0.998, 0.1, 0.998, 0.602, 0.97, 0.348, 0.966, 0.174, 0.994, 0.194, 0.972, 0.902, 0.722, 0.086, 0.026, 0.998, 0.072, 0.992, 0.09, 0.406, 0.984, 0.054, 0.096, 0.588, 0.998, 1.0, 0.822, 0.016, 0.98, 0.99, 0.018, 0.654, 0.124, 0.67, 0.076, 0.868, 0.992, 0.014, 0.014, 0.078, 0.828, 0.03, 0.97, 0.302, 0.674, 0.136, 0.048, 0.99, 0.034, 0.03, 0.24, 0.222, 0.096, 0.076, 0.638, 0.032, 0.988, 0.844, 0.99, 0.03, 0.968, 0.996, 0.822, 0.078, 0.994, 0.92, 0.834, 0.044, 0.97, 0.892, 0.012, 0.992, 0.064, 0.962, 0.982, 0.926, 0.104, 0.994, 0.058, 0.976, 0.062, 0.988, 0.192, 0.976, 0.152, 0.374, 0.052, 0.17, 0.068, 0.996, 0.994, 0.928, 0.814, 0.034, 0.18, 0.936, 0.982, 0.958, 0.726, 0.982, 0.046, 0.028, 0.984, 0.206, 0.164, 0.104, 0.986, 0.938, 1.0, 0.988, 0.196, 0.994, 0.47, 0.988, 0.008, 0.93, 0.134, 0.016, 0.014, 0.994, 0.994, 0.854, 0.99, 0.062, 0.994, 0.084, 0.14, 0.98, 0.016, 1.0, 0.178, 0.818, 0.094, 1.0, 0.996, 0.076, 0.052, 0.734, 0.014, 0.994, 0.124, 0.836, 0.638, 0.026, 0.994, 0.036, 0.118, 0.99, 0.636, 0.172, 0.51, 0.008, 0.036, 0.988, 0.018, 0.022, 0.032, 0.098, 0.968, 0.114, 0.84, 0.806, 0.258, 0.018, 0.016, 0.014, 0.51, 0.61, 0.346, 0.998, 0.988, 0.914, 0.988, 0.996, 0.074, 0.99, 0.05, 0.972, 0.886, 0.056, 0.978, 1.0, 0.102, 0.03, 0.494, 0.072, 0.994, 0.072, 0.99, 0.966, 0.482, 0.054, 0.016, 0.618, 0.67, 0.012, 0.012, 0.15, 0.92, 0.994, 0.976, 0.932, 0.81, 0.042, 0.984, 0.042, 0.132, 0.078, 0.84, 0.024, 0.994, 0.018, 0.126, 0.356, 0.964, 0.014, 0.996, 0.936, 0.618, 0.994, 0.192, 0.976, 0.998, 0.12, 0.136, 0.01, 0.226, 0.04, 0.71, 0.452, 0.768, 0.978, 0.994, 0.012, 0.026, 0.638, 0.996, 0.016, 0.044, 0.99, 0.174, 0.024, 0.14, 0.996, 0.148, 0.754, 0.02, 0.732, 0.932, 0.118, 0.196, 0.874, 0.084, 0.052, 0.612, 0.024, 0.984, 0.982, 0.314, 0.984, 0.974, 0.982, 0.992, 0.368, 0.15, 0.014, 0.512, 0.966, 0.97, 0.98, 0.064, 0.918, 0.04, 0.862, 0.072, 0.03, 0.142, 0.99, 0.948, 0.814, 0.396, 0.96, 0.984, 0.984, 0.206, 0.962, 0.068, 0.17, 0.994, 0.084, 0.924, 0.138, 0.036, 0.766, 0.718, 0.116, 0.06, 0.01, 0.992, 0.994, 0.078, 0.676, 0.984, 0.988, 0.132, 0.74, 0.064, 0.104, 0.434, 0.866, 0.294, 0.162, 0.932, 0.998, 0.054, 0.048, 0.088, 0.972, 0.018, 0.684, 0.992, 0.998, 0.996, 0.03, 0.98, 0.95, 0.33, 0.04, 0.328, 0.356, 0.322, 0.006, 0.936, 0.108, 0.018, 0.548, 0.992, 0.48, 0.072, 0.05, 0.01, 0.988, 0.948, 1.0, 0.09, 0.942, 0.014, 0.996, 0.972, 0.024, 0.144, 0.556, 0.072, 0.042, 0.688, 0.06, 0.894, 0.994, 0.994, 0.992, 0.986, 0.072, 0.204, 0.04, 0.984, 0.992, 0.958, 0.648, 0.026, 0.074, 0.042, 0.158, 0.976, 0.082, 0.892, 0.314, 0.742, 0.058, 0.012, 0.996, 0.054, 0.044, 0.872, 0.502, 0.09, 0.994, 0.752, 0.998, 0.044, 0.952, 0.004, 0.992, 0.018, 0.078, 0.928, 0.97, 0.988, 0.988, 0.082, 0.042, 0.822, 0.976, 0.74, 0.164, 0.016, 0.996, 0.836, 0.156, 0.74, 0.986, 0.036, 0.018, 0.576, 0.722, 0.014, 0.03, 0.982, 0.618, 0.97, 0.976, 0.082, 0.652, 0.992, 0.02, 0.018, 0.498, 0.082, 0.042, 0.892, 0.27, 0.9, 0.03, 0.976, 0.984, 0.12, 0.02, 0.036, 0.082, 0.052, 0.018, 0.05, 0.174, 0.01, 0.632, 0.986, 0.378, 0.078, 0.158, 0.996, 0.536, 0.988, 0.164, 0.096, 0.842, 0.2, 0.632, 0.994, 0.2, 0.988, 0.04, 0.838, 0.196, 0.85, 0.01, 0.058, 0.182, 0.086, 0.976, 0.99, 0.996, 0.882, 0.98, 0.044, 0.026, 0.028, 0.872, 0.102, 0.956, 0.846, 0.058, 0.976, 0.946, 0.99, 0.992, 0.03, 0.032, 0.768, 0.054, 0.064, 0.038, 0.112, 0.796, 0.886, 0.13, 0.982, 0.992, 0.18, 0.986, 0.576, 0.946, 0.014, 0.096, 0.008, 0.054, 0.394, 0.74, 0.02, 0.066, 0.028, 0.978, 0.986, 0.996, 0.19, 0.178, 0.048, 0.05, 0.92, 0.114, 0.874, 0.996, 0.064, 0.352, 0.814, 0.04, 0.708, 0.014, 0.164, 0.008, 0.234, 0.982, 0.994, 0.386, 1.0, 0.996, 0.014, 0.954, 0.08, 0.016, 0.142, 0.01, 0.584, 0.094, 0.22, 0.108, 0.268, 0.93, 0.778, 0.99, 0.028, 0.026, 0.154, 0.074, 0.972, 0.772, 0.074, 0.994, 0.97, 0.106, 0.988, 0.964, 0.988, 0.198, 0.98, 0.216, 0.352, 0.37, 0.012, 0.048, 0.748, 0.196, 0.994, 0.012, 0.09, 0.096, 0.862, 0.0, 0.014, 0.154, 0.098, 0.024, 0.964, 0.984, 0.982, 0.932, 0.07, 0.118, 0.028, 0.99, 0.066, 0.096, 0.99, 0.118, 0.232, 0.994, 0.952, 0.054, 0.034, 0.136, 0.994, 0.076, 0.748, 0.09, 0.77, 0.19, 0.994, 0.906, 0.028, 0.924, 0.358, 0.984, 0.852, 0.906, 0.014, 0.984, 0.996, 0.06, 0.02, 0.032, 0.022, 0.968, 0.06, 0.988, 0.016, 0.05, 0.998, 0.058, 0.116, 0.75, 0.988, 0.054, 0.164, 0.992, 0.994, 0.158, 0.126, 0.962, 0.072, 0.124, 0.014, 0.094, 0.992, 0.992, 0.99, 0.988, 0.988, 0.96, 