{"auroc": 0.995034, "aupr": 0.9948249701081026, "y": [1, 1, 0, 1, 1, 0, 0, 0, 0, 0, 1, 1, 0, 1, 0, 1, 1, 1, 1, 1, 0, 1, 1, 1, 1, 0, 1, 1, 0, 1, 1, 1, 0, 1, 1, 1, 0, 1, 0, 0, 1, 0, 1, 1, 0, 0, 1, 0, 1, 0, 0, 0, 0, 0, 1, 1, 0, 0, 0, 1, 1, 0, 0, 1, 0, 0, 1, 1, 1, 1, 0, 0, 0, 1, 1, 1, 0, 0, 1, 1, 0, 1, 1, 1, 0, 1, 0, 1, 0, 1, 1, 0, 0, 0, 1, 0, 1, 0, 0, 1, 0, 0, 1, 1, 1, 1, 0, 1, 1, 0, 1, 0, 1, 0, 1, 1, 0, 0, 0, 1, 0, 1, 0, 1, 0, 0, 1, 0, 0, 0, 0, 0, 0, 1, 0, 1, 1, 1, 0, 1, 1, 1, 0, 1, 1, 1, 0, 1, 1, 0, 1, 0, 1, 1, 1, 0, 1, 0, 1, 0, 1, 0, 1, 0, 1, 0, 0, 0, 1, 1, 1, 1, 0, 0, 1, 1, 1, 1, 1, 0, 0, 1, 0, 0, 0, 1, 0, 1, 1, 0, 1, 1, 1, 0, 1, 0, 0, 0, 1, 1, 1, 1, 0, 1, 0, 0, 1, 0, 1, 0, 1, 0, 1, 1, 0, 0, 1, 0, 1, 0, 1, 1, 0, 1, 0, 0, 1, 1, 0, 0, 0, 0, 1, 0, 0, 0, 0, 1, 0, 1, 1, 0, 0, 0, 0, 1, 1, 1, 1, 1, 1, 1, 1, 0, 1, 0, 1, 1, 0, 1, 1, 0, 0, 1, 0, 1, 0, 1, 1, 1, 0, 0, 1, 1, 0, 0, 0, 1, 1, 1, 1, 1, 0, 1, 0, 0, 0, 1, 0, 1, 0, 0, 1, 1, 0, 1, 1, 1, 1, 0, 1, 1, 0, 0, 0, 0, 0, 1, 1, 1, 1, 1, 0, 0, 1, 1, 0, 0, 1, 0, 0, 0, 1, 0, 1, 0, 1, 0, 0, 0, 1, 0, 0, 1, 0, 1, 1, 0, 1, 1, 1, 1, 0, 0, 0, 1, 1, 1, 1, 0, 1, 0, 1, 0, 0, 0, 1, 1, 0, 1, 1, 1, 1, 0, 1, 0, 1, 1, 0, 1, 0, 0, 1, 1, 0, 0, 0, 1, 1, 0, 1, 1, 1, 0, 1, 0, 0, 0, 1, 0, 0, 1, 1, 0, 0, 0, 1, 0, 1, 1, 1, 1, 0, 1, 1, 0, 0, 0, 0, 0, 0, 1, 0, 0, 0, 1, 0, 0, 0, 0, 1, 1, 1, 0, 1, 0, 1, 1, 0, 0, 1, 0, 0, 1, 0, 1, 1, 1, 1, 1, 0, 0, 0, 1, 1, 1, 1, 0, 0, 0, 0, 1, 0, 1, 0, 1, 0, 0, 1, 0, 0, 1, 0, 0, 1, 1, 1, 0, 1, 0, 1, 0, 0, 1, 1, 1, 1, 0, 0, 1, 1, 1, 0, 0, 1, 1, 0, 1, 1, 0, 0, 1, 1, 0, 0, 1, 1, 1, 1, 0, 1, 1, 0, 0, 1, 0, 0, 1, 0, 1, 0, 1, 1, 1, 0, 0, 0, 0, 0, 0, 1, 0, 1, 1, 1, 0, 0, 1, 1, 1, 0, 0, 1, 0, 1, 1, 0, 1, 0, 1, 0, 1, 0, 0, 0, 0, 1, 1, 1, 1, 1, 0, 0, 0, 1, 0, 1, 1, 0, 1, 1, 1, 1, 0, 0, 1, 0, 0, 0, 0, 1, 1, 0, 1, 1, 1, 1, 1, 1, 0, 0, 0, 0, 0, 1, 0, 0, 0, 1, 1, 1, 0, 0, 0, 0, 1, 0, 1, 1, 0, 1, 1, 0, 1, 0, 0, 0, 0, 1, 1, 0, 1, 1, 0, 1, 0, 0, 0, 0, 1, 0, 0, 0, 0, 1, 1, 1, 0, 0, 0, 0, 1, 1, 0, 1, 1, 0, 1, 1, 1, 0, 1, 0, 0, 1, 0, 0, 1, 0, 1, 0, 0, 0, 1, 0, 0, 0, 0, 0, 1, 1, 1, 1, 0, 0, 0, 1, 0, 0, 1, 0, 0, 1, 1, 0, 0, 0, 1, 0, 1, 0, 1, 0, 1, 1, 0, 1, 1, 1, 1, 1, 0, 1, 1, 0, 0, 0, 0, 1, 0, 1, 0, 0, 1, 0, 0, 1, 1, 0, 0, 1, 1, 0, 0, 1, 0, 0, 0, 0, 1, 1, 1, 1, 1, 1, 1, 0, 0, 1, 0, 1, 1, 1, 1, 0, 0, 0, 1, 1, 1, 0, 0, 0, 0, 1, 0, 1, 0, 1, 0, 0, 1, 0, 1, 0, 1, 1, 0, 1, 1, 1, 0, 1, 0, 1, 1, 0, 1, 0, 0, 0, 0, 1, 1, 0, 1, 0, 1, 1, 0, 0, 0, 0, 0, 0, 1, 0, 0, 0, 0, 0, 0, 1, 0, 1, 0, 1, 1, 0, 1, 0, 1, 0, 0, 0, 1, 1, 1, 0, 0, 0, 1, 0, 1, 1, 1, 0, 0, 0, 1, 1, 0, 1, 1, 0, 0, 1, 0, 0, 1, 0, 1, 0, 1, 1, 1, 0, 0, 0, 1, 1, 0, 0, 1, 1, 1, 0, 0, 1, 0, 0, 0, 1, 0, 1, 0, 0, 1, 1, 1, 0, 1, 0, 0, 0, 1, 1, 0, 1, 1, 1, 0, 0, 1, 0, 1, 0, 0, 1, 1, 0, 0, 0, 1, 1, 1, 0, 1, 1, 1, 0, 0, 1, 1, 0, 1, 1, 0, 0, 0, 0, 0, 0, 0, 1, 0, 0, 0, 1, 0, 1, 1, 1, 1, 0, 0, 0, 0, 1, 1, 1, 1, 1, 0, 1, 0, 1, 0, 0, 0, 0, 0, 0, 0, 1, 0, 1, 1, 1, 0, 0, 0, 0, 1, 0, 1, 0, 1, 0, 1, 0, 1, 0, 0, 1, 1, 0, 1, 1, 1, 0, 1, 0, 1, 1, 0, 1, 1, 1, 0, 0, 1, 0, 1, 0, 0, 0, 1, 1, 1, 1, 1, 0, 1, 0, 0, 1, 1, 1, 0, 0, 1, 0, 1, 0, 0, 1, 1, 0, 0], "y-hat": [0.46, 0.996, 0.078, 0.99, 0.998, 0.012, 0.006, 0.024, 0.026, 0.068, 0.982, 0.914, 0.186, 0.984, 0.148, 0.956, 0.976, 0.966, 0.974, 1.0, 0.064, 0.994, 0.994, 0.966, 0.954, 0.056, 0.996, 0.998, 0.132, 0.676, 0.64, 0.696, 0.104, 0.958, 0.8, 0.994, 0.222, 0.998, 0.214, 0.066, 0.998, 0.022, 0.988, 1.0, 0.058, 0.046, 0.986, 0.262, 0.748, 0.136, 0.214, 0.04, 0.028, 0.012, 0.93, 0.978, 0.228, 0.074, 0.518, 0.976, 0.99, 0.014, 0.018, 0.946, 0.224, 0.11, 0.998, 0.976, 0.98, 0.834, 0.144, 0.224, 0.206, 0.996, 0.646, 0.99, 0.098, 0.056, 0.99, 0.994, 0.096, 0.994, 0.592, 0.982, 0.334, 0.95, 0.146, 0.996, 0.154, 0.978, 0.928, 0.726, 0.086, 0.008, 0.994, 0.094, 0.998, 0.084, 0.382, 0.996, 0.052, 0.108, 0.638, 0.992, 0.992, 0.842, 0.016, 0.982, 0.986, 0.02, 0.71, 0.082, 0.67, 0.062, 0.868, 0.998, 0.008, 0.012, 0.048, 0.87, 0.03, 0.964, 0.292, 0.67, 0.102, 0.046, 0.992, 0.02, 0.016, 0.25, 0.214, 0.09, 0.072, 0.594, 0.038, 0.986, 0.82, 0.994, 0.02, 0.968, 0.996, 0.796, 0.094, 1.0, 0.936, 0.776, 0.058, 0.956, 0.9, 0.022, 0.994, 0.058, 0.968, 0.99, 0.93, 0.11, 0.988, 0.066, 0.974, 0.064, 0.998, 0.148, 0.984, 0.14, 0.366, 0.034, 0.176, 0.058, 0.994, 0.988, 0.922, 0.8, 0.026, 0.15, 0.908, 0.99, 0.974, 0.692, 0.966, 0.04, 0.018, 0.982, 0.194, 0.154, 0.074, 0.994, 0.924, 0.996, 0.994, 0.226, 0.998, 0.488, 0.996, 0.006, 0.918, 0.144, 0.03, 0.008, 1.0, 0.992, 0.896, 0.996, 0.054, 0.986, 0.092, 0.132, 0.996, 0.026, 0.996, 0.146, 0.798, 0.072, 1.0, 1.0, 0.064, 0.034, 0.772, 0.006, 0.996, 0.11, 0.88, 0.638, 0.026, 0.994, 0.038, 0.104, 1.0, 0.644, 0.156, 0.464, 0.012, 0.068, 0.996, 0.022, 0.058, 0.022, 0.076, 0.97, 0.084, 0.802, 0.854, 0.268, 0.012, 0.016, 0.012, 0.486, 0.606, 0.338, 0.998, 0.986, 0.906, 0.988, 0.994, 0.082, 0.998, 0.042, 0.98, 0.904, 0.076, 0.984, 1.0, 0.08, 0.032, 0.516, 0.078, 0.996, 0.064, 0.992, 0.968, 0.454, 0.054, 0.02, 0.622, 0.66, 0.024, 0.006, 0.124, 0.918, 0.992, 0.972, 0.946, 0.824, 0.038, 0.998, 0.052, 0.138, 0.056, 0.856, 0.028, 0.988, 0.016, 0.158, 0.33, 0.984, 0.004, 0.994, 0.944, 0.56, 0.994, 0.184, 0.962, 0.994, 0.13, 0.14, 0.008, 0.242, 0.056, 0.734, 0.42, 0.762, 0.984, 0.994, 0.01, 0.05, 0.648, 0.998, 0.014, 0.038, 0.982, 0.17, 0.016, 0.126, 0.986, 0.13, 0.784, 0.016, 0.752, 0.954, 0.114, 0.182, 0.908, 0.082, 0.022, 0.612, 0.014, 0.996, 0.964, 0.296, 0.978, 0.976, 0.996, 0.986, 0.386, 0.122, 0.028, 0.582, 0.976, 0.986, 0.984, 0.068, 0.926, 0.036, 0.888, 0.05, 0.04, 0.112, 0.994, 0.946, 0.844, 0.45, 0.972, 0.992, 0.986, 0.2, 0.952, 0.062, 0.18, 0.994, 0.1, 0.91, 0.132, 0.032, 0.768, 0.694, 0.112, 0.056, 0.008, 0.996, 0.988, 0.064, 0.698, 0.982, 0.99, 0.136, 0.68, 0.082, 0.11, 0.486, 0.88, 0.242, 0.176, 0.942, 1.0, 0.054, 0.052, 0.082, 0.992, 0.01, 0.642, 0.994, 1.0, 0.978, 0.03, 0.984, 0.972, 0.34, 0.026, 0.322, 0.348, 0.328, 0.012, 0.94, 0.118, 0.018, 0.536, 0.996, 0.45, 0.05, 0.064, 0.014, 0.988, 0.938, 1.0, 0.11, 0.958, 0.008, 0.996, 0.992, 0.024, 0.166, 0.504, 0.078, 0.044, 0.672, 0.086, 0.9, 0.998, 0.996, 0.994, 0.982, 0.094, 0.208, 0.012, 0.992, 0.99, 0.96, 0.676, 0.022, 0.086, 0.032, 0.14, 0.98, 0.07, 0.92, 0.274, 0.786, 0.044, 0.012, 0.988, 0.042, 0.04, 0.864, 0.48, 0.092, 0.996, 0.758, 0.996, 0.052, 0.958, 0.014, 0.982, 0.018, 0.068, 0.932, 0.974, 0.982, 0.988, 0.092, 0.048, 0.838, 0.984, 0.76, 0.204, 0.026, 0.992, 0.82, 0.158, 0.738, 0.972, 0.04, 0.014, 0.564, 0.736, 0.004, 0.03, 0.982, 0.622, 0.976, 0.976, 0.092, 0.67, 0.992, 0.014, 0.028, 0.496, 0.056, 0.038, 0.88, 0.26, 0.916, 0.058, 0.988, 0.97, 0.108, 0.006, 0.02, 0.064, 0.04, 0.008, 0.046, 0.222, 0.008, 0.6, 0.984, 0.38, 0.046, 0.174, 1.0, 0.538, 0.984, 0.186, 0.106, 0.854, 0.158, 0.65, 0.99, 0.202, 0.986, 0.046, 0.852, 0.182, 0.828, 0.01, 0.048, 0.136, 0.076, 0.968, 0.996, 0.992, 0.918, 0.988, 0.05, 0.032, 0.048, 0.912, 0.134, 0.96, 0.872, 0.038, 0.986, 0.98, 0.99, 0.992, 0.02, 0.04, 0.794, 0.048, 0.076, 0.036, 0.08, 0.806, 0.818, 0.116, 0.992, 0.992, 0.146, 0.998, 0.574, 0.95, 0.026, 0.074, 0.018, 0.06, 0.42, 0.712, 0.03, 0.076, 0.018, 0.978, 0.99, 0.998, 0.172, 0.16, 0.034, 0.036, 0.908, 0.104, 0.862, 0.996, 0.052, 0.414, 0.84, 0.038, 0.69, 0.008, 0.128, 0.004, 0.27, 0.984, 0.986, 0.418, 0.99, 0.998, 0.006, 0.966, 0.07, 0.024, 0.134, 0.012, 0.554, 0.088, 0.19, 0.126, 0.28, 0.926, 0.742, 0.994, 0.014, 0.032, 0.128, 0.088, 0.974, 0.754, 0.072, 0.982, 0.974, 0.082, 0.994, 0.95, 0.984, 0.182, 0.992, 0.218, 0.308, 0.408, 0.008, 0.052, 0.742, 0.238, 1.0, 0.008, 0.098, 0.138, 0.886, 0.014, 0.016, 0.188, 0.074, 0.024, 0.976, 0.978, 0.986, 0.944, 0.096, 0.11, 0.032, 0.984, 0.078, 0.108, 0.998, 0.11, 0.222, 0.986, 0.954, 0.076, 0.036, 0.162, 0.998, 0.072, 0.756, 0.068, 0.824, 0.18, 0.958, 0.916, 0.01, 0.922, 0.308, 0.988, 0.844, 0.93, 0.02, 0.992, 0.986, 0.044, 0.034, 0.03, 0.03, 0.964, 0.058, 0.992, 0.022, 0.026, 1.0, 0.058, 0.116, 0.75, 0.99, 0.058, 0.14, 0.974, 0.996, 0.154, 0.078, 0.962, 0.056, 0.126, 0.01, 0.082, 0.976, 0.99, 0.996, 1.0, 0.96, 0.952, 0.772, 0.096, 0.254, 