{"auroc": 0.994952, "aupr": 0.9948100480766991, "y": [1, 1, 0, 1, 1, 0, 0, 0, 0, 0, 1, 1, 0, 1, 0, 1, 1, 1, 1, 1, 0, 1, 1, 1, 1, 0, 1, 1, 0, 1, 1, 1, 0, 1, 1, 1, 0, 1, 0, 0, 1, 0, 1, 1, 0, 0, 1, 0, 1, 0, 0, 0, 0, 0, 1, 1, 0, 0, 0, 1, 1, 0, 0, 1, 0, 0, 1, 1, 1, 1, 0, 0, 0, 1, 1, 1, 0, 0, 1, 1, 0, 1, 1, 1, 0, 1, 0, 1, 0, 1, 1, 0, 0, 0, 1, 0, 1, 0, 0, 1, 0, 0, 1, 1, 1, 1, 0, 1, 1, 0, 1, 0, 1, 0, 1, 1, 0, 0, 0, 1, 0, 1, 0, 1, 0, 0, 1, 0, 0, 0, 0, 0, 0, 1, 0, 1, 1, 1, 0, 1, 1, 1, 0, 1, 1, 1, 0, 1, 1, 0, 1, 0, 1, 1, 1, 0, 1, 0, 1, 0, 1, 0, 1, 0, 1, 0, 0, 0, 1, 1, 1, 1, 0, 0, 1, 1, 1, 1, 1, 0, 0, 1, 0, 0, 0, 1, 0, 1, 1, 0, 1, 1, 1, 0, 1, 0, 0, 0, 1, 1, 1, 1, 0, 1, 0, 0, 1, 0, 1, 0, 1, 0, 1, 1, 0, 0, 1, 0, 1, 0, 1, 1, 0, 1, 0, 0, 1, 1, 0, 0, 0, 0, 1, 0, 0, 0, 0, 1, 0, 1, 1, 0, 0, 0, 0, 1, 1, 1, 1, 1, 1, 1, 1, 0, 1, 0, 1, 1, 0, 1, 1, 0, 0, 1, 0, 1, 0, 1, 1, 1, 0, 0, 1, 1, 0, 0, 0, 1, 1, 1, 1, 1, 0, 1, 0, 0, 0, 1, 0, 1, 0, 0, 1, 1, 0, 1, 1, 1, 1, 0, 1, 1, 0, 0, 0, 0, 0, 1, 1, 1, 1, 1, 0, 0, 1, 1, 0, 0, 1, 0, 0, 0, 1, 0, 1, 0, 1, 0, 0, 0, 1, 0, 0, 1, 0, 1, 1, 0, 1, 1, 1, 1, 0, 0, 0, 1, 1, 1, 1, 0, 1, 0, 1, 0, 0, 0, 1, 1, 0, 1, 1, 1, 1, 0, 1, 0, 1, 1, 0, 1, 0, 0, 1, 1, 0, 0, 0, 1, 1, 0, 1, 1, 1, 0, 1, 0, 0, 0, 1, 0, 0, 1, 1, 0, 0, 0, 1, 0, 1, 1, 1, 1, 0, 1, 1, 0, 0, 0, 0, 0, 0, 1, 0, 0, 0, 1, 0, 0, 0, 0, 1, 1, 1, 0, 1, 0, 1, 1, 0, 0, 1, 0, 0, 1, 0, 1, 1, 1, 1, 1, 0, 0, 0, 1, 1, 1, 1, 0, 0, 0, 0, 1, 0, 1, 0, 1, 0, 0, 1, 0, 0, 1, 0, 0, 1, 1, 1, 0, 1, 0, 1, 0, 0, 1, 1, 1, 1, 0, 0, 1, 1, 1, 0, 0, 1, 1, 0, 1, 1, 0, 0, 1, 1, 0, 0, 1, 1, 1, 1, 0, 1, 1, 0, 0, 1, 0, 0, 1, 0, 1, 0, 1, 1, 1, 0, 0, 0, 0, 0, 0, 1, 0, 1, 1, 1, 0, 0, 1, 1, 1, 0, 0, 1, 0, 1, 1, 0, 1, 0, 1, 0, 1, 0, 0, 0, 0, 1, 1, 1, 1, 1, 0, 0, 0, 1, 0, 1, 1, 0, 1, 1, 1, 1, 0, 0, 1, 0, 0, 0, 0, 1, 1, 0, 1, 1, 1, 1, 1, 1, 0, 0, 0, 0, 0, 1, 0, 0, 0, 1, 1, 1, 0, 0, 0, 0, 1, 0, 1, 1, 0, 1, 1, 0, 1, 0, 0, 0, 0, 1, 1, 0, 1, 1, 0, 1, 0, 0, 0, 0, 1, 0, 0, 0, 0, 1, 1, 1, 0, 0, 0, 0, 1, 1, 0, 1, 1, 0, 1, 1, 1, 0, 1, 0, 0, 1, 0, 0, 1, 0, 1, 0, 0, 0, 1, 0, 0, 0, 0, 0, 1, 1, 1, 1, 0, 0, 0, 1, 0, 0, 1, 0, 0, 1, 1, 0, 0, 0, 1, 0, 1, 0, 1, 0, 1, 1, 0, 1, 1, 1, 1, 1, 0, 1, 1, 0, 0, 0, 0, 1, 0, 1, 0, 0, 1, 0, 0, 1, 1, 0, 0, 1, 1, 0, 0, 1, 0, 0, 0, 0, 1, 1, 1, 1, 1, 1, 1, 0, 0, 1, 0, 1, 1, 1, 1, 0, 0, 0, 1, 1, 1, 0, 0, 0, 0, 1, 0, 1, 0, 1, 0, 0, 1, 0, 1, 0, 1, 1, 0, 1, 1, 1, 0, 1, 0, 1, 1, 0, 1, 0, 0, 0, 0, 1, 1, 0, 1, 0, 1, 1, 0, 0, 0, 0, 0, 0, 1, 0, 0, 0, 0, 0, 0, 1, 0, 1, 0, 1, 1, 0, 1, 0, 1, 0, 0, 0, 1, 1, 1, 0, 0, 0, 1, 0, 1, 1, 1, 0, 0, 0, 1, 1, 0, 1, 1, 0, 0, 1, 0, 0, 1, 0, 1, 0, 1, 1, 1, 0, 0, 0, 1, 1, 0, 0, 1, 1, 1, 0, 0, 1, 0, 0, 0, 1, 0, 1, 0, 0, 1, 1, 1, 0, 1, 0, 0, 0, 1, 1, 0, 1, 1, 1, 0, 0, 1, 0, 1, 0, 0, 1, 1, 0, 0, 0, 1, 1, 1, 0, 1, 1, 1, 0, 0, 1, 1, 0, 1, 1, 0, 0, 0, 0, 0, 0, 0, 1, 0, 0, 0, 1, 0, 1, 1, 1, 1, 0, 0, 0, 0, 1, 1, 1, 1, 1, 0, 1, 0, 1, 0, 0, 0, 0, 0, 0, 0, 1, 0, 1, 1, 1, 0, 0, 0, 0, 1, 0, 1, 0, 1, 0, 1, 0, 1, 0, 0, 1, 1, 0, 1, 1, 1, 0, 1, 0, 1, 1, 0, 1, 1, 1, 0, 0, 1, 0, 1, 0, 0, 0, 1, 1, 1, 1, 1, 0, 1, 0, 0, 1, 1, 1, 0, 0, 1, 0, 1, 0, 0, 1, 1, 0, 0], "y-hat": [0.45, 0.996, 0.078, 0.99, 0.998, 0.012, 0.006, 0.038, 0.026, 0.058, 0.988, 0.924, 0.154, 0.99, 0.152, 0.95, 0.952, 0.976, 0.988, 0.996, 0.054, 0.99, 0.992, 0.956, 0.958, 0.058, 0.996, 0.994, 0.152, 0.678, 0.626, 0.662, 0.124, 0.956, 0.796, 0.994, 0.242, 0.994, 0.204, 0.076, 0.988, 0.024, 0.994, 0.998, 0.056, 0.056, 0.988, 0.256, 0.774, 0.128, 0.244, 0.052, 0.026, 0.012, 0.94, 0.99, 0.196, 0.104, 0.51, 0.984, 0.988, 0.008, 0.012, 0.956, 0.224, 0.092, 1.0, 0.99, 0.998, 0.872, 0.162, 0.214, 0.206, 0.988, 0.602, 0.984, 0.112, 0.05, 0.988, 0.998, 0.1, 1.0, 0.602, 0.98, 0.368, 0.978, 0.144, 0.996, 0.182, 0.974, 0.944, 0.736, 0.106, 0.03, 0.988, 0.086, 0.994, 0.098, 0.358, 0.99, 0.056, 0.142, 0.624, 0.994, 0.996, 0.828, 0.018, 0.986, 0.974, 0.016, 0.664, 0.116, 0.598, 0.058, 0.864, 0.994, 0.006, 0.012, 0.054, 0.842, 0.022, 0.982, 0.294, 0.658, 0.138, 0.036, 0.994, 0.022, 0.018, 0.242, 0.206, 0.102, 0.066, 0.644, 0.034, 0.99, 0.814, 1.0, 0.042, 0.976, 0.998, 0.852, 0.076, 1.0, 0.926, 0.818, 0.054, 0.968, 0.906, 0.014, 0.996, 0.062, 0.964, 0.976, 0.92, 0.104, 0.992, 0.026, 0.964, 0.062, 0.998, 0.156, 0.984, 0.166, 0.378, 0.034, 0.196, 0.068, 0.994, 0.988, 0.922, 0.826, 0.032, 0.166, 0.906, 0.984, 0.972, 0.702, 0.986, 0.046, 0.028, 0.978, 0.2, 0.142, 0.09, 0.99, 0.936, 0.994, 0.988, 0.182, 0.994, 0.482, 0.994, 0.008, 0.918, 0.144, 0.02, 0.016, 0.996, 0.992, 0.898, 0.992, 0.042, 0.988, 0.07, 0.126, 0.992, 0.012, 0.992, 0.154, 0.796, 0.094, 1.0, 0.996, 0.068, 0.032, 0.782, 0.014, 0.986, 0.112, 0.848, 0.616, 0.028, 0.992, 0.024, 0.12, 0.996, 0.618, 0.17, 0.466, 0.012, 0.054, 0.994, 0.02, 0.03, 0.036, 0.076, 0.948, 0.1, 0.824, 0.802, 0.24, 0.016, 0.008, 0.02, 0.47, 0.586, 0.35, 0.996, 0.996, 0.898, 0.99, 0.998, 0.074, 0.994, 0.034, 0.966, 0.892, 0.084, 0.982, 0.996, 0.078, 0.052, 0.454, 0.094, 0.992, 0.058, 0.982, 0.954, 0.488, 0.03, 0.02, 0.59, 0.632, 0.014, 0.016, 0.124, 0.932, 0.988, 0.974, 0.94, 0.83, 0.02, 0.99, 0.07, 0.16, 0.074, 0.846, 0.032, 0.99, 0.016, 0.142, 0.38, 0.974, 0.012, 0.998, 0.932, 0.626, 0.992, 0.158, 0.976, 1.0, 0.108, 0.132, 0.012, 0.184, 0.028, 0.7, 0.406, 0.782, 0.99, 1.0, 0.016, 0.034, 0.642, 0.996, 0.02, 0.058, 0.976, 0.192, 0.024, 0.134, 0.994, 0.11, 0.75, 0.01, 0.73, 0.916, 0.13, 0.228, 0.876, 0.062, 0.02, 0.614, 0.02, 0.998, 0.968, 0.316, 0.986, 0.978, 0.99, 0.982, 0.37, 0.158, 0.016, 0.556, 0.968, 0.976, 0.984, 0.07, 0.922, 0.042, 0.896, 0.068, 0.024, 0.122, 0.99, 0.958, 0.866, 0.386, 0.968, 0.986, 0.988, 0.19, 0.94, 0.064, 0.178, 0.992, 0.12, 0.92, 0.144, 0.038, 0.774, 0.666, 0.134, 0.06, 0.014, 0.998, 1.0, 0.104, 0.684, 0.986, 0.992, 0.104, 0.7, 0.072, 0.094, 0.44, 0.884, 0.256, 0.138, 0.938, 0.994, 0.05, 0.038, 0.066, 0.962, 0.018, 0.71, 0.996, 0.996, 0.982, 0.014, 0.98, 0.962, 0.324, 0.036, 0.326, 0.31, 0.336, 0.012, 0.932, 0.1, 0.018, 0.57, 0.984, 0.44, 0.048, 0.042, 0.02, 0.996, 0.95, 0.996, 0.114, 0.948, 0.012, 1.0, 0.99, 0.022, 0.13, 0.548, 0.068, 0.034, 0.712, 0.082, 0.904, 0.994, 0.998, 1.0, 0.99, 0.084, 0.23, 0.034, 0.974, 0.998, 0.958, 0.658, 0.038, 0.09, 0.032, 0.144, 0.982, 0.068, 0.908, 0.274, 0.78, 0.058, 0.014, 0.996, 0.052, 0.028, 0.876, 0.448, 0.084, 0.994, 0.78, 0.998, 0.044, 0.938, 0.014, 0.994, 0.008, 0.094, 0.924, 0.976, 0.98, 0.986, 0.068, 0.062, 0.838, 0.98, 0.796, 0.16, 0.02, 0.992, 0.824, 0.148, 0.712, 0.988, 0.052, 0.014, 0.572, 0.716, 0.016, 0.026, 0.978, 0.628, 0.962, 0.966, 0.076, 0.656, 0.994, 0.016, 0.03, 0.474, 0.048, 0.05, 0.884, 0.276, 0.918, 0.052, 0.988, 0.968, 0.104, 0.014, 0.044, 0.07, 0.064, 0.012, 0.072, 0.23, 0.008, 0.592, 0.974, 0.42, 0.054, 0.126, 0.986, 0.56, 0.988, 0.178, 0.136, 0.796, 0.186, 0.668, 0.988, 0.152, 0.99, 0.06, 0.832, 0.166, 0.868, 0.01, 0.05, 0.194, 0.072, 0.972, 0.994, 0.998, 0.902, 0.97, 0.056, 0.022, 0.04, 0.896, 0.108, 0.968, 0.846, 0.044, 0.98, 0.976, 0.988, 0.994, 0.018, 0.034, 0.81, 0.032, 0.08, 0.04, 0.084, 0.796, 0.866, 0.118, 0.988, 0.99, 0.15, 0.984, 0.574, 0.968, 0.02, 0.096, 0.014, 0.056, 0.426, 0.716, 0.018, 0.086, 0.028, 0.974, 0.988, 0.998, 0.164, 0.19, 0.054, 0.058, 0.918, 0.096, 0.874, 1.0, 0.076, 0.4, 0.814, 0.042, 0.682, 0.018, 0.162, 0.01, 0.254, 0.984, 0.986, 0.374, 0.992, 0.996, 0.014, 0.974, 0.078, 0.026, 0.16, 0.022, 0.556, 0.086, 0.228, 0.108, 0.272, 0.93, 0.732, 0.996, 0.018, 0.044, 0.126, 0.066, 0.97, 0.752, 0.094, 0.996, 0.964, 0.088, 0.994, 0.952, 0.978, 0.162, 0.982, 0.24, 0.302, 0.374, 0.016, 0.064, 0.77, 0.17, 0.996, 0.022, 0.074, 0.136, 0.886, 0.006, 0.018, 0.184, 0.072, 0.024, 0.97, 0.964, 0.968, 0.944, 0.094, 0.142, 0.04, 0.998, 0.044, 0.134, 0.992, 0.116, 0.238, 0.996, 0.958, 0.088, 0.024, 0.14, 0.994, 0.082, 0.774, 0.052, 0.804, 0.18, 0.972, 0.908, 0.012, 0.924, 0.336, 0.986, 0.826, 0.902, 0.018, 0.998, 0.99, 0.032, 0.03, 0.034, 0.018, 0.962, 0.06, 0.986, 0.018, 0.028, 0.994, 0.046, 0.112, 0.736, 0.986, 0.04, 0.158, 0.968, 0.986, 0.12, 0.1, 0.958, 0.078, 0.142, 0.014, 0.076, 0.988, 0.992, 0.998, 0.994, 0.976, 0.96, 0.752, 