{"auroc": 0.9954114769056047, "aupr": 0.976866353398444}