{"auroc": 0.910578194760597, "aupr": 0.6403644649673481}