{"auroc": 0.931109898707438, "aupr": 0.7143884768170281}