{"auroc": 0.9384873906799184, "aupr": 0.7400039905913237}