{"auroc": 0.8838564119177105, "aupr": 0.5508592948973156}