{"auroc": 0.600660864831694, "aupr": 0.2248351972477974}