{"auroc": 0.9040573663624512, "aupr": 0.33852307807700355}