{"auroc": 0.8903985676094652, "aupr": 0.2937825107199391}