{"auroc": 0.5200005131626212, "aupr": 0.041481422351829174}