{"auroc": 0.9986697652121551, "aupr": 0.9784065718907533}