{"auroc": 0.906229157842154, "aupr": 0.33318759825161226}