{"auroc": 0.9021535979802846, "aupr": 0.3442701523183366}