{"auroc": 0.9640222222222222, "aupr": 0.9650850789231623, "y": [0, 0, 0, 1, 0, 1, 0, 0, 0, 1, 1, 1, 0, 1, 1, 0, 0, 1, 0, 0, 0, 0, 0, 1, 1, 1, 1, 0, 0, 0, 0, 1, 1, 0, 1, 0, 1, 1, 1, 1, 1, 1, 1, 1, 0, 1, 1, 1, 0, 0, 1, 0, 0, 1, 1, 0, 1, 0, 0, 0, 1, 0, 1, 1, 1, 1, 0, 1, 0, 0, 1, 0, 1, 1, 1, 0, 1, 0, 1, 0, 1, 0, 0, 1, 1, 1, 1, 1, 1, 1, 0, 0, 0, 0, 1, 0, 0, 1, 1, 0, 0, 1, 0, 1, 0, 1, 0, 0, 1, 1, 1, 0, 1, 0, 0, 0, 1, 0, 1, 0, 0, 1, 1, 0, 0, 1, 0, 0, 1, 0, 1, 1, 0, 1, 0, 1, 0, 1, 0, 0, 0, 1, 1, 0, 0, 1, 1, 0, 0, 0, 1, 0, 1, 0, 0, 1, 1, 1, 1, 0, 1, 1, 0, 0, 0, 0, 1, 1, 0, 1, 1, 1, 0, 0, 0, 0, 1, 0, 1, 0, 1, 0, 1, 0, 0, 1, 0, 0, 0, 0, 1, 1, 0, 0, 0, 1, 0, 1, 0, 0, 0, 1, 1, 1, 0, 0, 1, 1, 1, 1, 0, 0, 1, 0, 0, 0, 1, 1, 0, 0, 1, 1, 0, 0, 1, 0, 0, 0, 0, 1, 0, 0, 1, 1, 1, 1, 0, 0, 0, 1, 0, 0, 1, 0, 0, 1, 1, 0, 0, 1, 1, 0, 0, 0, 0, 1, 0, 0, 1, 1, 1, 1, 1, 0, 1, 1, 0, 0, 1, 0, 1, 1, 0, 0, 0, 0, 1, 1, 1, 1, 1, 0, 1, 1, 1, 0, 0, 1, 1, 0, 0, 0, 1, 1, 1, 1, 0, 0, 1, 1, 0, 0, 1, 1, 1, 1, 0, 1, 1, 0, 0, 1, 0, 1, 1, 0, 0, 0, 1, 1, 0, 0, 0, 1, 0, 0, 0, 0, 1, 0, 1, 1, 1, 1, 0, 1, 0, 0, 0, 1, 0, 0, 1, 0, 1, 0, 0, 1, 1, 0, 0, 1, 0, 0, 0, 0, 1, 1, 1, 0, 0, 0, 1, 1, 0, 0, 0, 0, 1, 1, 0, 0, 0, 0, 1, 1, 1, 1, 0, 1, 0, 1, 1, 1, 1, 1, 0, 1, 0, 0, 1, 0, 1, 1, 1, 1, 1, 0, 0, 0, 1, 0, 0, 1, 1, 0, 0, 1, 1, 0, 0, 1, 1, 0, 0, 1, 1, 1, 1, 1, 1, 0, 1, 0, 1, 1, 0, 0, 1, 0, 0, 1, 0, 0, 1, 1, 1, 1, 0, 0, 1, 0, 1, 0, 0, 1, 1, 1, 0, 0, 1, 1, 1, 0, 0, 0, 0, 0, 1, 0, 0, 0, 0, 0, 1, 0, 0, 1, 1, 0, 1, 0, 0, 0, 1, 1, 0, 1, 0, 1, 1, 1, 1, 1, 0, 1, 1, 0, 0, 1, 0, 0, 1, 1, 1, 1, 1, 1, 1, 0, 1, 1, 0, 0, 1, 1, 1, 0, 1, 1, 0, 0, 0, 1, 0, 0, 0, 0, 0, 1, 1, 1, 1, 0, 1, 0, 1, 0, 1, 0, 0, 1, 1, 1, 1, 0, 1, 1, 0, 0, 0, 0, 0, 0, 0, 1, 0, 1, 1, 0, 0, 0, 1, 0, 1, 0, 1, 1, 0, 1, 1, 0, 1, 1, 0, 0, 1, 0, 0, 1, 1, 1, 0, 0, 0, 0, 1, 1, 1, 0, 0, 1, 0, 0, 1, 1, 1, 1, 1, 0, 0, 1, 0, 0, 1, 1, 1, 1, 1, 0], "y-hat": [0.11, 0.022, 0.46, 0.948, 0.34, 0.986, 0.22, 0.074, 0.462, 0.944, 0.896, 0.898, 0.222, 0.75, 0.872, 0.034, 0.37, 0.982, 0.296, 0.036, 0.39, 0.072, 0.05, 0.74, 0.866, 0.96, 0.47, 0.28, 0.41, 0.026, 0.082, 0.812, 0.812, 0.288, 0.828, 0.23, 0.762, 0.94, 0.764, 0.956, 0.662, 0.916, 0.694, 0.858, 0.35, 0.98, 0.138, 0.806, 0.13, 0.322, 0.992, 0.276, 0.372, 0.75, 0.944, 0.164, 0.942, 0.218, 0.738, 0.044, 0.958, 0.122, 0.518, 0.444, 0.754, 0.372, 0.206, 0.84, 0.524, 0.694, 0.92, 0.128, 0.978, 0.814, 0.734, 0.146, 0.856, 0.498, 0.95, 0.134, 0.49, 0.856, 0.386, 0.996, 0.602, 0.732, 0.732, 0.764, 0.814, 0.92, 0.438, 0.072, 0.408, 0.192, 0.788, 0.162, 0.46, 0.29, 0.736, 0.554, 0.12, 0.574, 0.418, 0.846, 0.14, 0.796, 0.844, 0.608, 0.95, 0.904, 0.878, 0.546, 0.528, 0.14, 0.082, 0.166, 0.904, 0.16, 0.644, 0.034, 0.184, 0.718, 0.934, 0.508, 0.578, 0.908, 0.184, 0.094, 0.96, 0.526, 0.96, 0.41, 0.248, 0.896, 0.04, 0.87, 0.568, 0.858, 0.656, 0.13, 0.256, 0.772, 0.97, 0.222, 0.188, 0.888, 0.528, 0.054, 0.102, 0.256, 0.672, 0.072, 0.918, 0.116, 0.12, 0.48, 0.986, 0.836, 0.362, 0.572, 0.86, 0.986, 0.36, 0.164, 0.05, 0.192, 0.524, 0.986, 0.09, 0.342, 0.954, 0.684, 0.348, 0.432, 0.398, 0.888, 0.808, 0.128, 0.82, 0.09, 0.804, 0.222, 0.918, 0.498, 0.092, 0.5, 0.362, 0.15, 0.156, 0.108, 0.708, 0.972, 0.072, 0.334, 0.242, 0.918, 0.112, 0.898, 0.388, 0.062, 0.106, 0.928, 0.952, 0.686, 0.214, 0.03, 0.764, 0.912, 0.774, 0.28, 0.062, 0.102, 0.146, 0.056, 0.032, 0.144, 0.974, 0.982, 0.028, 0.12, 0.848, 0.898, 0.264, 0.06, 0.304, 0.37, 0.022, 0.088, 0.292, 0.84, 0.332, 0.086, 0.834, 0.512, 0.71, 0.868, 0.262, 0.6, 0.524, 0.948, 0.51, 0.316, 0.966, 0.31, 0.046, 0.892, 0.936, 0.196, 0.21, 0.824, 0.626, 0.44, 0.164, 0.322, 0.072, 0.86, 0.422, 0.074, 0.828, 0.958, 0.906, 0.99, 0.966, 0.094, 0.918, 0.852, 0.166, 0.224, 0.954, 0.038, 0.772, 0.718, 0.026, 0.28, 0.084, 0.216, 0.864, 0.392, 0.556, 0.972, 0.526, 0.174, 0.49, 0.872, 0.968, 0.276, 0.19, 0.788, 0.83, 0.122, 0.108, 0.216, 0.772, 0.848, 0.93, 0.902, 0.126, 0.516, 0.908, 0.394, 0.066, 0.214, 0.86, 0.852, 0.61, 0.96, 0.44, 0.706, 0.872, 0.068, 0.59, 0.908, 0.206, 0.512, 0.978, 0.104, 0.286, 0.03, 0.976, 0.59, 0.03, 0.03, 0.482, 0.94, 0.096, 0.074, 0.084, 0.384, 0.834, 0.136, 0.992, 0.96, 0.988, 0.856, 0.022, 0.882, 0.058, 0.078, 0.536, 0.904, 0.194, 0.074, 0.99, 0.112, 0.508, 0.178, 0.052, 0.518, 0.828, 0.67, 0.18, 0.99, 0.286, 0.042, 0.058, 0.05, 0.99, 0.368, 0.882, 0.032, 0.094, 0.162, 0.866, 0.442, 0.766, 0.614, 0.178, 0.262, 0.88, 0.974, 0.108, 0.098, 0.468, 0.294, 0.648, 0.94, 0.9, 0.908, 0.136, 0.988, 0.062, 0.632, 0.882, 0.912, 0.734, 0.814, 0.174, 0.788, 0.19, 0.21, 0.87, 0.276, 0.888, 0.64, 0.932, 0.738, 0.966, 0.426, 0.042, 0.28, 0.74, 0.452, 0.27, 0.838, 0.984, 0.146, 0.188, 0.988, 0.834, 0.258, 0.094, 0.942, 0.902, 0.114, 0.254, 0.794, 0.798, 0.268, 0.926, 0.85, 0.588, 0.246, 0.886, 0.302, 0.642, 0.792, 0.132, 0.43, 0.452, 0.524, 0.21, 0.796, 0.272, 0.088, 0.792, 0.662, 0.59, 0.862, 0.092, 0.062, 0.964, 0.29, 0.92, 0.016, 0.058, 0.81, 0.874, 0.906, 0.576, 0.406, 0.712, 0.792, 0.942, 0.71, 0.142, 0.096, 0.642, 0.154, 0.86, 0.256, 0.298, 0.068, 0.058, 0.086, 0.888, 0.078, 0.532, 0.984, 0.862, 0.084, 0.65, 0.708, 0.298, 0.224, 0.776, 0.91, 0.46, 0.71, 0.228, 0.954, 0.232, 0.984, 0.634, 0.99, 0.226, 0.648, 0.902, 0.178, 0.372, 0.732, 0.118, 0.454, 0.958, 0.672, 0.7, 0.916, 0.846, 0.9, 0.894, 0.232, 0.418, 0.574, 0.07, 0.07, 0.936, 0.312, 0.81, 0.786, 0.924, 0.92, 0.058, 0.276, 0.488, 0.418, 0.202, 0.07, 0.426, 0.06, 0.59, 0.924, 0.888, 0.884, 0.726, 0.542, 0.822, 0.056, 0.862, 0.216, 0.748, 0.066, 0.692, 0.926, 0.762, 0.598, 0.556, 0.724, 0.94, 0.996, 0.094, 0.654, 0.194, 0.24, 0.24, 0.22, 0.02, 0.882, 0.09, 0.81, 0.472, 0.064, 0.422, 0.234, 0.824, 0.164, 0.554, 0.356, 0.628, 0.94, 0.062, 0.858, 0.788, 0.144, 0.698, 0.74, 0.57, 0.244, 0.94, 0.18, 0.452, 0.618, 0.72, 0.83, 0.186, 0.098, 0.476, 0.154, 0.888, 0.782, 0.638, 0.088, 0.26, 0.832, 0.094, 0.128, 0.68, 0.854, 0.826, 0.472, 0.618, 0.024, 0.086, 0.95, 0.164, 0.192, 0.442, 0.91, 0.49, 0.922, 0.94, 0.016], "computation-time": 203.55141067504883, "max-memory-usage": 761420623}