{"auroc": 0.9648000000000001, "aupr": 0.9652700113869841, "y": [0, 0, 0, 1, 0, 1, 0, 0, 0, 1, 1, 1, 0, 1, 1, 0, 0, 1, 0, 0, 0, 0, 0, 1, 1, 1, 1, 0, 0, 0, 0, 1, 1, 0, 1, 0, 1, 1, 1, 1, 1, 1, 1, 1, 0, 1, 1, 1, 0, 0, 1, 0, 0, 1, 1, 0, 1, 0, 0, 0, 1, 0, 1, 1, 1, 1, 0, 1, 0, 0, 1, 0, 1, 1, 1, 0, 1, 0, 1, 0, 1, 0, 0, 1, 1, 1, 1, 1, 1, 1, 0, 0, 0, 0, 1, 0, 0, 1, 1, 0, 0, 1, 0, 1, 0, 1, 0, 0, 1, 1, 1, 0, 1, 0, 0, 0, 1, 0, 1, 0, 0, 1, 1, 0, 0, 1, 0, 0, 1, 0, 1, 1, 0, 1, 0, 1, 0, 1, 0, 0, 0, 1, 1, 0, 0, 1, 1, 0, 0, 0, 1, 0, 1, 0, 0, 1, 1, 1, 1, 0, 1, 1, 0, 0, 0, 0, 1, 1, 0, 1, 1, 1, 0, 0, 0, 0, 1, 0, 1, 0, 1, 0, 1, 0, 0, 1, 0, 0, 0, 0, 1, 1, 0, 0, 0, 1, 0, 1, 0, 0, 0, 1, 1, 1, 0, 0, 1, 1, 1, 1, 0, 0, 1, 0, 0, 0, 1, 1, 0, 0, 1, 1, 0, 0, 1, 0, 0, 0, 0, 1, 0, 0, 1, 1, 1, 1, 0, 0, 0, 1, 0, 0, 1, 0, 0, 1, 1, 0, 0, 1, 1, 0, 0, 0, 0, 1, 0, 0, 1, 1, 1, 1, 1, 0, 1, 1, 0, 0, 1, 0, 1, 1, 0, 0, 0, 0, 1, 1, 1, 1, 1, 0, 1, 1, 1, 0, 0, 1, 1, 0, 0, 0, 1, 1, 1, 1, 0, 0, 1, 1, 0, 0, 1, 1, 1, 1, 0, 1, 1, 0, 0, 1, 0, 1, 1, 0, 0, 0, 1, 1, 0, 0, 0, 1, 0, 0, 0, 0, 1, 0, 1, 1, 1, 1, 0, 1, 0, 0, 0, 1, 0, 0, 1, 0, 1, 0, 0, 1, 1, 0, 0, 1, 0, 0, 0, 0, 1, 1, 1, 0, 0, 0, 1, 1, 0, 0, 0, 0, 1, 1, 0, 0, 0, 0, 1, 1, 1, 1, 0, 1, 0, 1, 1, 1, 1, 1, 0, 1, 0, 0, 1, 0, 1, 1, 1, 1, 1, 0, 0, 0, 1, 0, 0, 1, 1, 0, 0, 1, 1, 0, 0, 1, 1, 0, 0, 1, 1, 1, 1, 1, 1, 0, 1, 0, 1, 1, 0, 0, 1, 0, 0, 1, 0, 0, 1, 1, 1, 1, 0, 0, 1, 0, 1, 0, 0, 1, 1, 1, 0, 0, 1, 1, 1, 0, 0, 0, 0, 0, 1, 0, 0, 0, 0, 0, 1, 0, 0, 1, 1, 0, 1, 0, 0, 0, 1, 1, 0, 1, 0, 1, 1, 1, 1, 1, 0, 1, 1, 0, 0, 1, 0, 0, 1, 1, 1, 1, 1, 1, 1, 0, 1, 1, 0, 0, 1, 1, 1, 0, 1, 1, 0, 0, 0, 1, 0, 0, 0, 0, 0, 1, 1, 1, 1, 0, 1, 0, 1, 0, 1, 0, 0, 1, 1, 1, 1, 0, 1, 1, 0, 0, 0, 0, 0, 0, 0, 1, 0, 1, 1, 0, 0, 0, 1, 0, 1, 0, 1, 1, 0, 1, 1, 0, 1, 1, 0, 0, 1, 0, 0, 1, 1, 1, 0, 0, 0, 0, 1, 1, 1, 0, 0, 1, 0, 0, 1, 1, 1, 1, 1, 0, 0, 1, 0, 0, 1, 1, 1, 1, 1, 0], "y-hat": [0.1, 0.038, 0.432, 0.948, 0.28, 0.986, 0.188, 0.084, 0.548, 0.938, 0.952, 0.896, 0.212, 0.784, 0.834, 0.034, 0.346, 0.98, 0.31, 0.032, 0.388, 0.058, 0.058, 0.74, 0.854, 0.978, 0.474, 0.258, 0.424, 0.042, 0.054, 0.818, 0.816, 0.232, 0.826, 0.222, 0.724, 0.962, 0.802, 0.964, 0.728, 0.892, 0.706, 0.862, 0.328, 0.97, 0.158, 0.836, 0.148, 0.306, 0.984, 0.316, 0.406, 0.73, 0.944, 0.09, 0.948, 0.236, 0.75, 0.05, 0.964, 0.14, 0.556, 0.488, 0.742, 0.466, 0.236, 0.85, 0.506, 0.696, 0.932, 0.112, 0.96, 0.828, 0.75, 0.108, 0.87, 0.46, 0.938, 0.176, 0.5, 0.84, 0.372, 0.994, 0.616, 0.732, 0.706, 0.778, 0.796, 0.918, 0.488, 0.06, 0.36, 0.158, 0.828, 0.158, 0.45, 0.282, 0.736, 0.462, 0.14, 0.636, 0.43, 0.824, 0.138, 0.79, 0.838, 0.606, 0.97, 0.892, 0.874, 0.568, 0.45, 0.14, 0.098, 0.184, 0.912, 0.114, 0.692, 0.046, 0.162, 0.722, 0.946, 0.518, 0.578, 0.92, 0.176, 0.1, 0.944, 0.512, 0.95, 0.446, 0.28, 0.896, 0.044, 0.896, 0.572, 0.872, 0.694, 0.152, 0.288, 0.798, 0.974, 0.224, 0.122, 0.926, 0.482, 0.062, 0.072, 0.258, 0.674, 0.088, 0.954, 0.122, 0.106, 0.466, 0.988, 0.856, 0.404, 0.602, 0.862, 0.962, 0.386, 0.15, 0.056, 0.186, 0.448, 0.998, 0.11, 0.362, 0.93, 0.622, 0.338, 0.424, 0.384, 0.89, 0.824, 0.11, 0.786, 0.038, 0.822, 0.204, 0.928, 0.458, 0.122, 0.496, 0.41, 0.188, 0.182, 0.104, 0.716, 0.966, 0.06, 0.264, 0.19, 0.914, 0.08, 0.886, 0.39, 0.048, 0.066, 0.93, 0.954, 0.676, 0.208, 0.028, 0.748, 0.89, 0.766, 0.27, 0.05, 0.088, 0.106, 0.066, 0.03, 0.132, 0.974, 0.99, 0.022, 0.13, 0.884, 0.898, 0.254, 0.058, 0.284, 0.392, 0.014, 0.088, 0.336, 0.836, 0.342, 0.082, 0.842, 0.492, 0.728, 0.862, 0.29, 0.62, 0.446, 0.972, 0.48, 0.326, 0.97, 0.296, 0.056, 0.86, 0.924, 0.218, 0.226, 0.816, 0.646, 0.454, 0.12, 0.344, 0.064, 0.836, 0.434, 0.088, 0.83, 0.976, 0.914, 0.98, 0.976, 0.082, 0.916, 0.822, 0.168, 0.198, 0.962, 0.054, 0.79, 0.764, 0.03, 0.298, 0.094, 0.162, 0.864, 0.432, 0.626, 0.974, 0.498, 0.158, 0.488, 0.908, 0.946, 0.214, 0.15, 0.784, 0.806, 0.11, 0.112, 0.192, 0.77, 0.838, 0.948, 0.918, 0.134, 0.51, 0.92, 0.47, 0.042, 0.196, 0.83, 0.87, 0.658, 0.962, 0.388, 0.774, 0.894, 0.08, 0.606, 0.906, 0.246, 0.544, 0.98, 0.118, 0.26, 0.05, 0.976, 0.538, 0.026, 0.016, 0.432, 0.918, 0.114, 0.068, 0.094, 0.414, 0.832, 0.13, 0.99, 0.94, 0.98, 0.912, 0.024, 0.874, 0.076, 0.068, 0.542, 0.882, 0.196, 0.052, 0.992, 0.13, 0.508, 0.132, 0.068, 0.49, 0.818, 0.75, 0.196, 0.99, 0.292, 0.05, 0.04, 0.048, 0.988, 0.38, 0.85, 0.034, 0.114, 0.198, 0.808, 0.39, 0.744, 0.632, 0.126, 0.26, 0.91, 0.964, 0.118, 0.092, 0.462, 0.218, 0.634, 0.946, 0.87, 0.912, 0.15, 0.988, 0.064, 0.624, 0.89, 0.918, 0.73, 0.87, 0.17, 0.786, 0.194, 0.226, 0.886, 0.184, 0.892, 0.67, 0.894, 0.702, 0.97, 0.384, 0.072, 0.292, 0.728, 0.446, 0.248, 0.832, 0.992, 0.172, 0.176, 0.988, 0.786, 0.262, 0.098, 0.946, 0.924, 0.118, 0.264, 0.778, 0.772, 0.266, 0.944, 0.844, 0.622, 0.232, 0.862, 0.35, 0.612, 0.808, 0.166, 0.37, 0.382, 0.504, 0.182, 0.77, 0.288, 0.066, 0.746, 0.684, 0.588, 0.85, 0.096, 0.056, 0.966, 0.262, 0.936, 0.034, 0.056, 0.804, 0.854, 0.914, 0.548, 0.43, 0.694, 0.75, 0.938, 0.726, 0.122, 0.082, 0.668, 0.118, 0.874, 0.3, 0.26, 0.088, 0.026, 0.102, 0.882, 0.066, 0.482, 0.956, 0.862, 0.058, 0.674, 0.734, 0.348, 0.22, 0.766, 0.924, 0.47, 0.706, 0.268, 0.982, 0.338, 0.984, 0.648, 0.988, 0.226, 0.658, 0.898, 0.182, 0.31, 0.748, 0.114, 0.454, 0.972, 0.722, 0.714, 0.932, 0.836, 0.906, 0.896, 0.274, 0.386, 0.554, 0.076, 0.094, 0.908, 0.37, 0.796, 0.84, 0.926, 0.908, 0.08, 0.244, 0.466, 0.438, 0.202, 0.074, 0.336, 0.084, 0.568, 0.916, 0.896, 0.854, 0.736, 0.586, 0.85, 0.068, 0.888, 0.18, 0.768, 0.06, 0.678, 0.942, 0.774, 0.62, 0.534, 0.678, 0.936, 0.984, 0.104, 0.646, 0.048, 0.17, 0.242, 0.25, 0.022, 0.87, 0.076, 0.802, 0.474, 0.064, 0.444, 0.232, 0.84, 0.162, 0.596, 0.338, 0.644, 0.924, 0.072, 0.848, 0.804, 0.104, 0.726, 0.75, 0.612, 0.234, 0.942, 0.142, 0.492, 0.592, 0.766, 0.834, 0.118, 0.102, 0.472, 0.164, 0.878, 0.81, 0.668, 0.104, 0.204, 0.814, 0.114, 0.038, 0.698, 0.85, 0.854, 0.406, 0.61, 0.02, 0.07, 0.968, 0.152, 0.148, 0.496, 0.932, 0.506, 0.908, 0.918, 0.024], "computation-time": 3.976658344268799, "max-memory-usage": 715701483}