{"auroc": 0.6393833333333332, "aupr": 0.6019153688763972, "y": [0, 0, 0, 1, 0, 1, 0, 0, 0, 1, 1, 1, 0, 1, 1, 0, 0, 1, 0, 0, 0, 0, 0, 1, 1, 1, 1, 0, 0, 0, 0, 1, 1, 0, 1, 0, 1, 1, 1, 1, 1, 1, 1, 1, 0, 1, 1, 1, 0, 0, 1, 0, 0, 1, 1, 0, 1, 0, 0, 0, 1, 0, 1, 1, 1, 1, 0, 1, 0, 0, 1, 0, 1, 1, 1, 0, 1, 0, 1, 0, 1, 0, 0, 1, 1, 1, 1, 1, 1, 1, 0, 0, 0, 0, 1, 0, 0, 1, 1, 0, 0, 1, 0, 1, 0, 1, 0, 0, 1, 1, 1, 0, 1, 0, 0, 0, 1, 0, 1, 0, 0, 1, 1, 0, 0, 1, 0, 0, 1, 0, 1, 1, 0, 1, 0, 1, 0, 1, 0, 0, 0, 1, 1, 0, 0, 1, 1, 0, 0, 0, 1, 0, 1, 0, 0, 1, 1, 1, 1, 0, 1, 1, 0, 0, 0, 0, 1, 1, 0, 1, 1, 1, 0, 0, 0, 0, 1, 0, 1, 0, 1, 0, 1, 0, 0, 1, 0, 0, 0, 0, 1, 1, 0, 0, 0, 1, 0, 1, 0, 0, 0, 1, 1, 1, 0, 0, 1, 1, 1, 1, 0, 0, 1, 0, 0, 0, 1, 1, 0, 0, 1, 1, 0, 0, 1, 0, 0, 0, 0, 1, 0, 0, 1, 1, 1, 1, 0, 0, 0, 1, 0, 0, 1, 0, 0, 1, 1, 0, 0, 1, 1, 0, 0, 0, 0, 1, 0, 0, 1, 1, 1, 1, 1, 0, 1, 1, 0, 0, 1, 0, 1, 1, 0, 0, 0, 0, 1, 1, 1, 1, 1, 0, 1, 1, 1, 0, 0, 1, 1, 0, 0, 0, 1, 1, 1, 1, 0, 0, 1, 1, 0, 0, 1, 1, 1, 1, 0, 1, 1, 0, 0, 1, 0, 1, 1, 0, 0, 0, 1, 1, 0, 0, 0, 1, 0, 0, 0, 0, 1, 0, 1, 1, 1, 1, 0, 1, 0, 0, 0, 1, 0, 0, 1, 0, 1, 0, 0, 1, 1, 0, 0, 1, 0, 0, 0, 0, 1, 1, 1, 0, 0, 0, 1, 1, 0, 0, 0, 0, 1, 1, 0, 0, 0, 0, 1, 1, 1, 1, 0, 1, 0, 1, 1, 1, 1, 1, 0, 1, 0, 0, 1, 0, 1, 1, 1, 1, 1, 0, 0, 0, 1, 0, 0, 1, 1, 0, 0, 1, 1, 0, 0, 1, 1, 0, 0, 1, 1, 1, 1, 1, 1, 0, 1, 0, 1, 1, 0, 0, 1, 0, 0, 1, 0, 0, 1, 1, 1, 1, 0, 0, 1, 0, 1, 0, 0, 1, 1, 1, 0, 0, 1, 1, 1, 0, 0, 0, 0, 0, 1, 0, 0, 0, 0, 0, 1, 0, 0, 1, 1, 0, 1, 0, 0, 0, 1, 1, 0, 1, 0, 1, 1, 1, 1, 1, 0, 1, 1, 0, 0, 1, 0, 0, 1, 1, 1, 1, 1, 1, 1, 0, 1, 1, 0, 0, 1, 1, 1, 0, 1, 1, 0, 0, 0, 1, 0, 0, 0, 0, 0, 1, 1, 1, 1, 0, 1, 0, 1, 0, 1, 0, 0, 1, 1, 1, 1, 0, 1, 1, 0, 0, 0, 0, 0, 0, 0, 1, 0, 1, 1, 0, 0, 0, 1, 0, 1, 0, 1, 1, 0, 1, 1, 0, 1, 1, 0, 0, 1, 0, 0, 1, 1, 1, 0, 0, 0, 0, 1, 1, 1, 0, 0, 1, 0, 0, 1, 1, 1, 1, 1, 0, 0, 1, 0, 0, 1, 1, 1, 1, 1, 0], "y-hat": [0.506, 0.41, 0.536, 0.382, 0.568, 0.53, 0.57, 0.446, 0.484, 0.716, 0.764, 0.61, 0.616, 0.524, 0.468, 0.408, 0.562, 0.642, 0.326, 0.544, 0.344, 0.352, 0.308, 0.576, 0.368, 0.43, 0.386, 0.514, 0.382, 0.28, 0.378, 0.324, 0.516, 0.752, 0.672, 0.572, 0.334, 0.484, 0.65, 0.62, 0.452, 0.66, 0.554, 0.426, 0.574, 0.308, 0.488, 0.516, 0.478, 0.292, 0.558, 0.578, 0.548, 0.64, 0.594, 0.698, 0.534, 0.266, 0.51, 0.374, 0.282, 0.376, 0.636, 0.438, 0.696, 0.744, 0.324, 0.508, 0.356, 0.488, 0.466, 0.416, 0.512, 0.616, 0.474, 0.382, 0.51, 0.534, 0.482, 0.454, 0.572, 0.49, 0.486, 0.486, 0.522, 0.34, 0.354, 0.306, 0.398, 0.352, 0.382, 0.388, 0.602, 0.616, 0.688, 0.442, 0.392, 0.652, 0.626, 0.702, 0.228, 0.3, 0.514, 0.618, 0.54, 0.47, 0.28, 0.47, 0.644, 0.454, 0.476, 0.458, 0.57, 0.524, 0.432, 0.414, 0.624, 0.362, 0.326, 0.216, 0.336, 0.606, 0.654, 0.426, 0.318, 0.676, 0.574, 0.348, 0.65, 0.502, 0.588, 0.312, 0.372, 0.368, 0.276, 0.576, 0.534, 0.512, 0.336, 0.262, 0.352, 0.432, 0.4, 0.428, 0.772, 0.618, 0.308, 0.66, 0.352, 0.386, 0.478, 0.538, 0.632, 0.372, 0.344, 0.528, 0.458, 0.682, 0.586, 0.648, 0.268, 0.666, 0.704, 0.232, 0.294, 0.52, 0.59, 0.526, 0.51, 0.53, 0.69, 0.686, 0.624, 0.416, 0.566, 0.662, 0.408, 0.66, 0.608, 0.436, 0.55, 0.626, 0.414, 0.524, 0.338, 0.33, 0.246, 0.606, 0.33, 0.444, 0.342, 0.64, 0.294, 0.46, 0.642, 0.638, 0.31, 0.574, 0.454, 0.354, 0.288, 0.684, 0.598, 0.59, 0.434, 0.308, 0.626, 0.486, 0.552, 0.552, 0.466, 0.64, 0.448, 0.38, 0.34, 0.712, 0.602, 0.646, 0.258, 0.578, 0.308, 0.68, 0.496, 0.34, 0.66, 0.526, 0.77, 0.552, 0.342, 0.444, 0.41, 0.588, 0.372, 0.6, 0.45, 0.732, 0.37, 0.462, 0.24, 0.336, 0.424, 0.492, 0.622, 0.512, 0.45, 0.694, 0.336, 0.318, 0.36, 0.568, 0.546, 0.504, 0.534, 0.598, 0.304, 0.532, 0.462, 0.624, 0.46, 0.404, 0.474, 0.71, 0.75, 0.704, 0.598, 0.62, 0.646, 0.646, 0.392, 0.252, 0.328, 0.6, 0.23, 0.4, 0.352, 0.566, 0.41, 0.288, 0.592, 0.648, 0.376, 0.33, 0.528, 0.398, 0.598, 0.462, 0.516, 0.384, 0.344, 0.244, 0.492, 0.276, 0.572, 0.464, 0.52, 0.652, 0.686, 0.516, 0.392, 0.636, 0.302, 0.466, 0.408, 0.35, 0.608, 0.65, 0.424, 0.672, 0.682, 0.48, 0.574, 0.512, 0.362, 0.57, 0.684, 0.478, 0.574, 0.476, 0.584, 0.398, 0.452, 0.328, 0.556, 0.584, 0.5, 0.356, 0.39, 0.568, 0.518, 0.556, 0.624, 0.466, 0.51, 0.576, 0.436, 0.638, 0.39, 0.288, 0.554, 0.518, 0.426, 0.506, 0.662, 0.7, 0.392, 0.374, 0.614, 0.52, 0.414, 0.356, 0.548, 0.628, 0.518, 0.518, 0.266, 0.19, 0.646, 0.64, 0.702, 0.302, 0.582, 0.434, 0.672, 0.582, 0.572, 0.436, 0.59, 0.332, 0.506, 0.574, 0.37, 0.228, 0.486, 0.688, 0.284, 0.652, 0.672, 0.48, 0.28, 0.576, 0.546, 0.536, 0.678, 0.6, 0.708, 0.548, 0.594, 0.524, 0.552, 0.34, 0.332, 0.47, 0.388, 0.622, 0.564, 0.516, 0.684, 0.288, 0.756, 0.696, 0.506, 0.612, 0.554, 0.608, 0.744, 0.396, 0.644, 0.582, 0.376, 0.614, 0.384, 0.526, 0.664, 0.308, 0.642, 0.476, 0.534, 0.624, 0.356, 0.314, 0.444, 0.326, 0.302, 0.486, 0.714, 0.538, 0.456, 0.504, 0.588, 0.6, 0.606, 0.694, 0.402, 0.412, 0.46, 0.558, 0.422, 0.618, 0.744, 0.738, 0.688, 0.438, 0.492, 0.464, 0.56, 0.638, 0.548, 0.55, 0.5, 0.596, 0.454, 0.652, 0.742, 0.528, 0.404, 0.544, 0.494, 0.434, 0.46, 0.396, 0.418, 0.306, 0.342, 0.52, 0.55, 0.348, 0.682, 0.572, 0.656, 0.49, 0.646, 0.538, 0.408, 0.324, 0.54, 0.616, 0.476, 0.368, 0.594, 0.418, 0.562, 0.584, 0.516, 0.516, 0.56, 0.634, 0.316, 0.372, 0.414, 0.542, 0.274, 0.676, 0.656, 0.602, 0.218, 0.69, 0.598, 0.382, 0.366, 0.684, 0.322, 0.286, 0.49, 0.442, 0.586, 0.388, 0.578, 0.608, 0.71, 0.7, 0.356, 0.548, 0.402, 0.488, 0.584, 0.426, 0.586, 0.264, 0.486, 0.704, 0.41, 0.518, 0.416, 0.674, 0.682, 0.292, 0.524, 0.562, 0.6, 0.474, 0.632, 0.66, 0.54, 0.398, 0.608, 0.666, 0.266, 0.758, 0.418, 0.554, 0.552, 0.574, 0.166, 0.504, 0.454, 0.754, 0.354, 0.544, 0.336, 0.48, 0.586, 0.438, 0.248, 0.296, 0.488, 0.588, 0.608, 0.418, 0.316, 0.696, 0.44, 0.5, 0.372, 0.6, 0.536, 0.626, 0.364, 0.692, 0.388, 0.462, 0.358, 0.59, 0.282, 0.708, 0.428, 0.612, 0.712, 0.488, 0.432, 0.76, 0.716, 0.416, 0.368, 0.384, 0.55, 0.446, 0.588, 0.662, 0.516, 0.278, 0.356, 0.64, 0.66, 0.384, 0.672, 0.356, 0.452, 0.668, 0.624, 0.296], "computation-time": 15.614694833755493, "max-memory-usage": 690749979}