{"auroc": 0.7404555555555556, "aupr": 0.7430028444742933, "y": [0, 0, 0, 1, 0, 1, 0, 0, 0, 1, 1, 1, 0, 1, 1, 0, 0, 1, 0, 0, 0, 0, 0, 1, 1, 1, 1, 0, 0, 0, 0, 1, 1, 0, 1, 0, 1, 1, 1, 1, 1, 1, 1, 1, 0, 1, 1, 1, 0, 0, 1, 0, 0, 1, 1, 0, 1, 0, 0, 0, 1, 0, 1, 1, 1, 1, 0, 1, 0, 0, 1, 0, 1, 1, 1, 0, 1, 0, 1, 0, 1, 0, 0, 1, 1, 1, 1, 1, 1, 1, 0, 0, 0, 0, 1, 0, 0, 1, 1, 0, 0, 1, 0, 1, 0, 1, 0, 0, 1, 1, 1, 0, 1, 0, 0, 0, 1, 0, 1, 0, 0, 1, 1, 0, 0, 1, 0, 0, 1, 0, 1, 1, 0, 1, 0, 1, 0, 1, 0, 0, 0, 1, 1, 0, 0, 1, 1, 0, 0, 0, 1, 0, 1, 0, 0, 1, 1, 1, 1, 0, 1, 1, 0, 0, 0, 0, 1, 1, 0, 1, 1, 1, 0, 0, 0, 0, 1, 0, 1, 0, 1, 0, 1, 0, 0, 1, 0, 0, 0, 0, 1, 1, 0, 0, 0, 1, 0, 1, 0, 0, 0, 1, 1, 1, 0, 0, 1, 1, 1, 1, 0, 0, 1, 0, 0, 0, 1, 1, 0, 0, 1, 1, 0, 0, 1, 0, 0, 0, 0, 1, 0, 0, 1, 1, 1, 1, 0, 0, 0, 1, 0, 0, 1, 0, 0, 1, 1, 0, 0, 1, 1, 0, 0, 0, 0, 1, 0, 0, 1, 1, 1, 1, 1, 0, 1, 1, 0, 0, 1, 0, 1, 1, 0, 0, 0, 0, 1, 1, 1, 1, 1, 0, 1, 1, 1, 0, 0, 1, 1, 0, 0, 0, 1, 1, 1, 1, 0, 0, 1, 1, 0, 0, 1, 1, 1, 1, 0, 1, 1, 0, 0, 1, 0, 1, 1, 0, 0, 0, 1, 1, 0, 0, 0, 1, 0, 0, 0, 0, 1, 0, 1, 1, 1, 1, 0, 1, 0, 0, 0, 1, 0, 0, 1, 0, 1, 0, 0, 1, 1, 0, 0, 1, 0, 0, 0, 0, 1, 1, 1, 0, 0, 0, 1, 1, 0, 0, 0, 0, 1, 1, 0, 0, 0, 0, 1, 1, 1, 1, 0, 1, 0, 1, 1, 1, 1, 1, 0, 1, 0, 0, 1, 0, 1, 1, 1, 1, 1, 0, 0, 0, 1, 0, 0, 1, 1, 0, 0, 1, 1, 0, 0, 1, 1, 0, 0, 1, 1, 1, 1, 1, 1, 0, 1, 0, 1, 1, 0, 0, 1, 0, 0, 1, 0, 0, 1, 1, 1, 1, 0, 0, 1, 0, 1, 0, 0, 1, 1, 1, 0, 0, 1, 1, 1, 0, 0, 0, 0, 0, 1, 0, 0, 0, 0, 0, 1, 0, 0, 1, 1, 0, 1, 0, 0, 0, 1, 1, 0, 1, 0, 1, 1, 1, 1, 1, 0, 1, 1, 0, 0, 1, 0, 0, 1, 1, 1, 1, 1, 1, 1, 0, 1, 1, 0, 0, 1, 1, 1, 0, 1, 1, 0, 0, 0, 1, 0, 0, 0, 0, 0, 1, 1, 1, 1, 0, 1, 0, 1, 0, 1, 0, 0, 1, 1, 1, 1, 0, 1, 1, 0, 0, 0, 0, 0, 0, 0, 1, 0, 1, 1, 0, 0, 0, 1, 0, 1, 0, 1, 1, 0, 1, 1, 0, 1, 1, 0, 0, 1, 0, 0, 1, 1, 1, 0, 0, 0, 0, 1, 1, 1, 0, 0, 1, 0, 0, 1, 1, 1, 1, 1, 0, 0, 1, 0, 0, 1, 1, 1, 1, 1, 0], "y-hat": [0.442, 0.638, 0.272, 0.69, 0.338, 0.584, 0.39, 0.444, 0.372, 0.824, 0.656, 0.574, 0.516, 0.484, 0.542, 0.608, 0.46, 0.846, 0.382, 0.316, 0.442, 0.376, 0.432, 0.42, 0.456, 0.696, 0.354, 0.434, 0.492, 0.408, 0.442, 0.462, 0.558, 0.608, 0.582, 0.512, 0.494, 0.83, 0.392, 0.48, 0.494, 0.424, 0.596, 0.516, 0.452, 0.616, 0.202, 0.618, 0.6, 0.412, 0.612, 0.408, 0.472, 0.606, 0.406, 0.588, 0.442, 0.52, 0.392, 0.41, 0.604, 0.516, 0.426, 0.43, 0.658, 0.41, 0.468, 0.496, 0.57, 0.678, 0.516, 0.568, 0.69, 0.696, 0.47, 0.464, 0.664, 0.64, 0.578, 0.55, 0.344, 0.636, 0.392, 0.5, 0.726, 0.32, 0.512, 0.52, 0.582, 0.278, 0.482, 0.41, 0.426, 0.438, 0.714, 0.32, 0.366, 0.452, 0.554, 0.484, 0.3, 0.434, 0.514, 0.49, 0.404, 0.358, 0.42, 0.364, 0.594, 0.594, 0.556, 0.61, 0.498, 0.484, 0.49, 0.668, 0.39, 0.588, 0.492, 0.242, 0.342, 0.498, 0.594, 0.368, 0.458, 0.594, 0.304, 0.488, 0.716, 0.386, 0.556, 0.476, 0.396, 0.752, 0.382, 0.69, 0.608, 0.29, 0.438, 0.548, 0.542, 0.414, 0.542, 0.43, 0.532, 0.474, 0.41, 0.526, 0.286, 0.424, 0.688, 0.57, 0.738, 0.324, 0.524, 0.55, 0.65, 0.472, 0.66, 0.414, 0.518, 0.616, 0.334, 0.466, 0.404, 0.42, 0.426, 0.804, 0.418, 0.528, 0.722, 0.43, 0.462, 0.34, 0.394, 0.524, 0.524, 0.28, 0.338, 0.42, 0.466, 0.532, 0.62, 0.65, 0.364, 0.52, 0.394, 0.454, 0.37, 0.36, 0.552, 0.808, 0.266, 0.386, 0.688, 0.768, 0.404, 0.602, 0.422, 0.362, 0.558, 0.57, 0.728, 0.464, 0.41, 0.352, 0.618, 0.642, 0.576, 0.696, 0.636, 0.264, 0.418, 0.276, 0.28, 0.528, 0.614, 0.524, 0.198, 0.356, 0.39, 0.78, 0.416, 0.634, 0.562, 0.538, 0.338, 0.29, 0.422, 0.56, 0.358, 0.552, 0.484, 0.418, 0.384, 0.504, 0.418, 0.39, 0.622, 0.71, 0.474, 0.34, 0.638, 0.45, 0.24, 0.858, 0.494, 0.39, 0.446, 0.42, 0.628, 0.524, 0.472, 0.598, 0.402, 0.488, 0.426, 0.404, 0.624, 0.63, 0.578, 0.672, 0.734, 0.316, 0.598, 0.568, 0.34, 0.382, 0.57, 0.452, 0.486, 0.456, 0.416, 0.484, 0.612, 0.436, 0.412, 0.54, 0.49, 0.658, 0.53, 0.37, 0.494, 0.494, 0.644, 0.406, 0.392, 0.62, 0.422, 0.364, 0.436, 0.484, 0.614, 0.804, 0.554, 0.764, 0.524, 0.32, 0.358, 0.496, 0.354, 0.484, 0.574, 0.524, 0.446, 0.642, 0.556, 0.336, 0.504, 0.298, 0.248, 0.528, 0.404, 0.542, 0.876, 0.588, 0.468, 0.36, 0.69, 0.524, 0.374, 0.582, 0.594, 0.606, 0.514, 0.434, 0.464, 0.532, 0.5, 0.38, 0.62, 0.714, 0.602, 0.332, 0.404, 0.584, 0.474, 0.294, 0.39, 0.434, 0.388, 0.254, 0.458, 0.406, 0.594, 0.3, 0.534, 0.354, 0.646, 0.426, 0.334, 0.432, 0.376, 0.45, 0.336, 0.164, 0.564, 0.48, 0.592, 0.386, 0.426, 0.358, 0.532, 0.516, 0.76, 0.472, 0.452, 0.494, 0.75, 0.586, 0.556, 0.408, 0.418, 0.474, 0.314, 0.518, 0.548, 0.698, 0.448, 0.482, 0.502, 0.564, 0.586, 0.602, 0.536, 0.594, 0.452, 0.61, 0.544, 0.436, 0.568, 0.512, 0.55, 0.402, 0.62, 0.576, 0.78, 0.604, 0.482, 0.572, 0.46, 0.644, 0.524, 0.544, 0.908, 0.372, 0.324, 0.56, 0.446, 0.488, 0.626, 0.612, 0.666, 0.52, 0.566, 0.598, 0.794, 0.558, 0.688, 0.402, 0.448, 0.446, 0.568, 0.514, 0.526, 0.438, 0.392, 0.558, 0.538, 0.552, 0.436, 0.286, 0.486, 0.22, 0.61, 0.442, 0.612, 0.682, 0.564, 0.562, 0.72, 0.464, 0.496, 0.35, 0.574, 0.598, 0.696, 0.806, 0.488, 0.482, 0.544, 0.874, 0.636, 0.442, 0.34, 0.384, 0.444, 0.54, 0.606, 0.282, 0.416, 0.238, 0.46, 0.356, 0.592, 0.43, 0.556, 0.542, 0.416, 0.412, 0.534, 0.444, 0.416, 0.268, 0.428, 0.464, 0.404, 0.486, 0.436, 0.584, 0.46, 0.56, 0.63, 0.562, 0.394, 0.41, 0.462, 0.454, 0.362, 0.568, 0.468, 0.332, 0.622, 0.512, 0.57, 0.548, 0.624, 0.606, 0.56, 0.38, 0.362, 0.568, 0.378, 0.354, 0.432, 0.424, 0.614, 0.786, 0.596, 0.442, 0.36, 0.472, 0.584, 0.382, 0.57, 0.438, 0.456, 0.246, 0.38, 0.486, 0.398, 0.42, 0.42, 0.32, 0.378, 0.408, 0.574, 0.452, 0.632, 0.448, 0.552, 0.51, 0.662, 0.574, 0.55, 0.606, 0.474, 0.696, 0.452, 0.608, 0.534, 0.362, 0.48, 0.412, 0.566, 0.622, 0.392, 0.566, 0.382, 0.548, 0.692, 0.51, 0.59, 0.712, 0.608, 0.398, 0.474, 0.694, 0.502, 0.402, 0.382, 0.372, 0.39, 0.438, 0.426, 0.386, 0.444, 0.564, 0.432, 0.63, 0.536, 0.286, 0.494, 0.462, 0.564, 0.496, 0.566, 0.45, 0.534, 0.498, 0.42, 0.846, 0.512, 0.528, 0.382, 0.5, 0.724, 0.342, 0.548, 0.218, 0.38, 0.648, 0.37, 0.578, 0.474, 0.4, 0.426, 0.74, 0.436, 0.246], "computation-time": 151.4250738620758, "max-memory-usage": 690749979}