{"auroc": 0.9503444444444444, "aupr": 0.9502658905404098, "y": [0, 0, 0, 1, 0, 1, 0, 0, 0, 1, 1, 1, 0, 1, 1, 0, 0, 1, 0, 0, 0, 0, 0, 1, 1, 1, 1, 0, 0, 0, 0, 1, 1, 0, 1, 0, 1, 1, 1, 1, 1, 1, 1, 1, 0, 1, 1, 1, 0, 0, 1, 0, 0, 1, 1, 0, 1, 0, 0, 0, 1, 0, 1, 1, 1, 1, 0, 1, 0, 0, 1, 0, 1, 1, 1, 0, 1, 0, 1, 0, 1, 0, 0, 1, 1, 1, 1, 1, 1, 1, 0, 0, 0, 0, 1, 0, 0, 1, 1, 0, 0, 1, 0, 1, 0, 1, 0, 0, 1, 1, 1, 0, 1, 0, 0, 0, 1, 0, 1, 0, 0, 1, 1, 0, 0, 1, 0, 0, 1, 0, 1, 1, 0, 1, 0, 1, 0, 1, 0, 0, 0, 1, 1, 0, 0, 1, 1, 0, 0, 0, 1, 0, 1, 0, 0, 1, 1, 1, 1, 0, 1, 1, 0, 0, 0, 0, 1, 1, 0, 1, 1, 1, 0, 0, 0, 0, 1, 0, 1, 0, 1, 0, 1, 0, 0, 1, 0, 0, 0, 0, 1, 1, 0, 0, 0, 1, 0, 1, 0, 0, 0, 1, 1, 1, 0, 0, 1, 1, 1, 1, 0, 0, 1, 0, 0, 0, 1, 1, 0, 0, 1, 1, 0, 0, 1, 0, 0, 0, 0, 1, 0, 0, 1, 1, 1, 1, 0, 0, 0, 1, 0, 0, 1, 0, 0, 1, 1, 0, 0, 1, 1, 0, 0, 0, 0, 1, 0, 0, 1, 1, 1, 1, 1, 0, 1, 1, 0, 0, 1, 0, 1, 1, 0, 0, 0, 0, 1, 1, 1, 1, 1, 0, 1, 1, 1, 0, 0, 1, 1, 0, 0, 0, 1, 1, 1, 1, 0, 0, 1, 1, 0, 0, 1, 1, 1, 1, 0, 1, 1, 0, 0, 1, 0, 1, 1, 0, 0, 0, 1, 1, 0, 0, 0, 1, 0, 0, 0, 0, 1, 0, 1, 1, 1, 1, 0, 1, 0, 0, 0, 1, 0, 0, 1, 0, 1, 0, 0, 1, 1, 0, 0, 1, 0, 0, 0, 0, 1, 1, 1, 0, 0, 0, 1, 1, 0, 0, 0, 0, 1, 1, 0, 0, 0, 0, 1, 1, 1, 1, 0, 1, 0, 1, 1, 1, 1, 1, 0, 1, 0, 0, 1, 0, 1, 1, 1, 1, 1, 0, 0, 0, 1, 0, 0, 1, 1, 0, 0, 1, 1, 0, 0, 1, 1, 0, 0, 1, 1, 1, 1, 1, 1, 0, 1, 0, 1, 1, 0, 0, 1, 0, 0, 1, 0, 0, 1, 1, 1, 1, 0, 0, 1, 0, 1, 0, 0, 1, 1, 1, 0, 0, 1, 1, 1, 0, 0, 0, 0, 0, 1, 0, 0, 0, 0, 0, 1, 0, 0, 1, 1, 0, 1, 0, 0, 0, 1, 1, 0, 1, 0, 1, 1, 1, 1, 1, 0, 1, 1, 0, 0, 1, 0, 0, 1, 1, 1, 1, 1, 1, 1, 0, 1, 1, 0, 0, 1, 1, 1, 0, 1, 1, 0, 0, 0, 1, 0, 0, 0, 0, 0, 1, 1, 1, 1, 0, 1, 0, 1, 0, 1, 0, 0, 1, 1, 1, 1, 0, 1, 1, 0, 0, 0, 0, 0, 0, 0, 1, 0, 1, 1, 0, 0, 0, 1, 0, 1, 0, 1, 1, 0, 1, 1, 0, 1, 1, 0, 0, 1, 0, 0, 1, 1, 1, 0, 0, 0, 0, 1, 1, 1, 0, 0, 1, 0, 0, 1, 1, 1, 1, 1, 0, 0, 1, 0, 0, 1, 1, 1, 1, 1, 0], "y-hat": [0.232, 0.104, 0.396, 0.966, 0.336, 0.986, 0.28, 0.08, 0.378, 0.914, 0.698, 0.882, 0.154, 0.79, 0.816, 0.096, 0.342, 0.966, 0.35, 0.034, 0.39, 0.118, 0.042, 0.742, 0.794, 0.944, 0.55, 0.332, 0.43, 0.034, 0.128, 0.818, 0.832, 0.312, 0.722, 0.244, 0.612, 0.952, 0.698, 0.884, 0.68, 0.9, 0.788, 0.78, 0.502, 0.964, 0.126, 0.922, 0.18, 0.272, 0.96, 0.346, 0.536, 0.718, 0.88, 0.148, 0.812, 0.156, 0.668, 0.1, 0.956, 0.214, 0.6, 0.494, 0.78, 0.522, 0.15, 0.73, 0.548, 0.81, 0.796, 0.204, 0.976, 0.698, 0.66, 0.16, 0.696, 0.486, 0.946, 0.14, 0.368, 0.824, 0.406, 0.946, 0.796, 0.574, 0.622, 0.784, 0.868, 0.878, 0.542, 0.102, 0.456, 0.322, 0.692, 0.222, 0.344, 0.298, 0.812, 0.51, 0.122, 0.576, 0.652, 0.74, 0.27, 0.744, 0.788, 0.672, 0.944, 0.674, 0.874, 0.572, 0.61, 0.148, 0.096, 0.23, 0.778, 0.216, 0.784, 0.06, 0.142, 0.708, 0.78, 0.468, 0.612, 0.906, 0.236, 0.088, 0.868, 0.456, 0.95, 0.444, 0.25, 0.874, 0.042, 0.774, 0.688, 0.744, 0.728, 0.088, 0.332, 0.724, 0.974, 0.198, 0.246, 0.832, 0.542, 0.064, 0.154, 0.27, 0.626, 0.128, 0.938, 0.154, 0.12, 0.608, 0.918, 0.87, 0.502, 0.704, 0.86, 0.97, 0.394, 0.096, 0.076, 0.194, 0.522, 0.924, 0.132, 0.47, 0.796, 0.524, 0.556, 0.498, 0.458, 0.878, 0.706, 0.25, 0.806, 0.054, 0.672, 0.27, 0.806, 0.242, 0.122, 0.484, 0.324, 0.228, 0.104, 0.128, 0.726, 0.946, 0.036, 0.31, 0.3, 0.912, 0.098, 0.896, 0.386, 0.094, 0.192, 0.79, 0.918, 0.684, 0.12, 0.052, 0.592, 0.912, 0.872, 0.248, 0.09, 0.152, 0.14, 0.098, 0.06, 0.184, 0.972, 0.984, 0.02, 0.082, 0.754, 0.848, 0.366, 0.178, 0.504, 0.296, 0.078, 0.124, 0.342, 0.822, 0.346, 0.14, 0.866, 0.374, 0.724, 0.958, 0.352, 0.598, 0.498, 0.908, 0.456, 0.388, 0.948, 0.314, 0.116, 0.854, 0.912, 0.268, 0.262, 0.712, 0.644, 0.56, 0.224, 0.322, 0.146, 0.87, 0.468, 0.05, 0.902, 0.932, 0.908, 0.856, 0.94, 0.158, 0.892, 0.84, 0.196, 0.21, 0.886, 0.032, 0.708, 0.55, 0.014, 0.308, 0.056, 0.336, 0.772, 0.174, 0.518, 0.964, 0.61, 0.202, 0.364, 0.75, 0.958, 0.296, 0.228, 0.698, 0.676, 0.086, 0.16, 0.184, 0.78, 0.8, 0.884, 0.924, 0.11, 0.566, 0.864, 0.528, 0.118, 0.176, 0.888, 0.842, 0.594, 0.948, 0.528, 0.64, 0.812, 0.12, 0.602, 0.948, 0.216, 0.474, 0.936, 0.242, 0.18, 0.052, 0.968, 0.512, 0.072, 0.126, 0.596, 0.958, 0.118, 0.088, 0.212, 0.348, 0.806, 0.158, 0.974, 0.86, 0.988, 0.858, 0.056, 0.942, 0.076, 0.13, 0.614, 0.806, 0.166, 0.074, 0.984, 0.15, 0.476, 0.134, 0.114, 0.56, 0.936, 0.752, 0.252, 0.922, 0.306, 0.074, 0.088, 0.076, 0.982, 0.322, 0.91, 0.022, 0.244, 0.168, 0.7, 0.44, 0.752, 0.636, 0.342, 0.332, 0.732, 0.934, 0.14, 0.112, 0.584, 0.358, 0.794, 0.936, 0.78, 0.882, 0.152, 0.97, 0.122, 0.658, 0.874, 0.952, 0.592, 0.616, 0.136, 0.69, 0.262, 0.228, 0.898, 0.154, 0.884, 0.482, 0.962, 0.702, 0.972, 0.23, 0.16, 0.3, 0.81, 0.484, 0.342, 0.758, 0.98, 0.242, 0.148, 0.98, 0.69, 0.328, 0.122, 0.818, 0.832, 0.174, 0.394, 0.672, 0.786, 0.436, 0.898, 0.784, 0.65, 0.256, 0.83, 0.25, 0.506, 0.812, 0.288, 0.448, 0.386, 0.556, 0.24, 0.828, 0.284, 0.08, 0.646, 0.53, 0.684, 0.876, 0.212, 0.132, 0.964, 0.324, 0.838, 0.046, 0.104, 0.772, 0.838, 0.88, 0.184, 0.476, 0.73, 0.686, 0.86, 0.796, 0.176, 0.118, 0.566, 0.246, 0.772, 0.27, 0.386, 0.076, 0.038, 0.32, 0.838, 0.116, 0.582, 0.862, 0.87, 0.094, 0.52, 0.682, 0.284, 0.224, 0.66, 0.886, 0.508, 0.748, 0.316, 0.976, 0.306, 0.972, 0.58, 0.978, 0.376, 0.586, 0.906, 0.122, 0.246, 0.692, 0.142, 0.456, 0.942, 0.776, 0.686, 0.808, 0.822, 0.938, 0.886, 0.474, 0.266, 0.448, 0.116, 0.082, 0.724, 0.236, 0.632, 0.842, 0.85, 0.976, 0.136, 0.22, 0.464, 0.4, 0.148, 0.118, 0.372, 0.096, 0.588, 0.798, 0.886, 0.784, 0.69, 0.508, 0.78, 0.084, 0.822, 0.296, 0.788, 0.132, 0.766, 0.882, 0.608, 0.57, 0.662, 0.688, 0.946, 0.966, 0.246, 0.486, 0.094, 0.248, 0.27, 0.212, 0.056, 0.842, 0.106, 0.762, 0.496, 0.106, 0.548, 0.298, 0.768, 0.122, 0.594, 0.314, 0.486, 0.862, 0.132, 0.906, 0.874, 0.284, 0.506, 0.738, 0.522, 0.274, 0.896, 0.256, 0.43, 0.774, 0.766, 0.796, 0.104, 0.284, 0.348, 0.176, 0.838, 0.604, 0.642, 0.22, 0.326, 0.812, 0.17, 0.104, 0.446, 0.87, 0.908, 0.458, 0.444, 0.024, 0.132, 0.948, 0.232, 0.15, 0.436, 0.626, 0.446, 0.838, 0.914, 0.032], "computation-time": 265.9500832557678, "max-memory-usage": 778456149}