{"auroc": 0.6360611111111112, "aupr": 0.599629452130056, "y": [0, 0, 0, 1, 0, 1, 0, 0, 0, 1, 1, 1, 0, 1, 1, 0, 0, 1, 0, 0, 0, 0, 0, 1, 1, 1, 1, 0, 0, 0, 0, 1, 1, 0, 1, 0, 1, 1, 1, 1, 1, 1, 1, 1, 0, 1, 1, 1, 0, 0, 1, 0, 0, 1, 1, 0, 1, 0, 0, 0, 1, 0, 1, 1, 1, 1, 0, 1, 0, 0, 1, 0, 1, 1, 1, 0, 1, 0, 1, 0, 1, 0, 0, 1, 1, 1, 1, 1, 1, 1, 0, 0, 0, 0, 1, 0, 0, 1, 1, 0, 0, 1, 0, 1, 0, 1, 0, 0, 1, 1, 1, 0, 1, 0, 0, 0, 1, 0, 1, 0, 0, 1, 1, 0, 0, 1, 0, 0, 1, 0, 1, 1, 0, 1, 0, 1, 0, 1, 0, 0, 0, 1, 1, 0, 0, 1, 1, 0, 0, 0, 1, 0, 1, 0, 0, 1, 1, 1, 1, 0, 1, 1, 0, 0, 0, 0, 1, 1, 0, 1, 1, 1, 0, 0, 0, 0, 1, 0, 1, 0, 1, 0, 1, 0, 0, 1, 0, 0, 0, 0, 1, 1, 0, 0, 0, 1, 0, 1, 0, 0, 0, 1, 1, 1, 0, 0, 1, 1, 1, 1, 0, 0, 1, 0, 0, 0, 1, 1, 0, 0, 1, 1, 0, 0, 1, 0, 0, 0, 0, 1, 0, 0, 1, 1, 1, 1, 0, 0, 0, 1, 0, 0, 1, 0, 0, 1, 1, 0, 0, 1, 1, 0, 0, 0, 0, 1, 0, 0, 1, 1, 1, 1, 1, 0, 1, 1, 0, 0, 1, 0, 1, 1, 0, 0, 0, 0, 1, 1, 1, 1, 1, 0, 1, 1, 1, 0, 0, 1, 1, 0, 0, 0, 1, 1, 1, 1, 0, 0, 1, 1, 0, 0, 1, 1, 1, 1, 0, 1, 1, 0, 0, 1, 0, 1, 1, 0, 0, 0, 1, 1, 0, 0, 0, 1, 0, 0, 0, 0, 1, 0, 1, 1, 1, 1, 0, 1, 0, 0, 0, 1, 0, 0, 1, 0, 1, 0, 0, 1, 1, 0, 0, 1, 0, 0, 0, 0, 1, 1, 1, 0, 0, 0, 1, 1, 0, 0, 0, 0, 1, 1, 0, 0, 0, 0, 1, 1, 1, 1, 0, 1, 0, 1, 1, 1, 1, 1, 0, 1, 0, 0, 1, 0, 1, 1, 1, 1, 1, 0, 0, 0, 1, 0, 0, 1, 1, 0, 0, 1, 1, 0, 0, 1, 1, 0, 0, 1, 1, 1, 1, 1, 1, 0, 1, 0, 1, 1, 0, 0, 1, 0, 0, 1, 0, 0, 1, 1, 1, 1, 0, 0, 1, 0, 1, 0, 0, 1, 1, 1, 0, 0, 1, 1, 1, 0, 0, 0, 0, 0, 1, 0, 0, 0, 0, 0, 1, 0, 0, 1, 1, 0, 1, 0, 0, 0, 1, 1, 0, 1, 0, 1, 1, 1, 1, 1, 0, 1, 1, 0, 0, 1, 0, 0, 1, 1, 1, 1, 1, 1, 1, 0, 1, 1, 0, 0, 1, 1, 1, 0, 1, 1, 0, 0, 0, 1, 0, 0, 0, 0, 0, 1, 1, 1, 1, 0, 1, 0, 1, 0, 1, 0, 0, 1, 1, 1, 1, 0, 1, 1, 0, 0, 0, 0, 0, 0, 0, 1, 0, 1, 1, 0, 0, 0, 1, 0, 1, 0, 1, 1, 0, 1, 1, 0, 1, 1, 0, 0, 1, 0, 0, 1, 1, 1, 0, 0, 0, 0, 1, 1, 1, 0, 0, 1, 0, 0, 1, 1, 1, 1, 1, 0, 0, 1, 0, 0, 1, 1, 1, 1, 1, 0], "y-hat": [0.508, 0.324, 0.54, 0.394, 0.608, 0.496, 0.536, 0.386, 0.458, 0.75, 0.686, 0.61, 0.58, 0.552, 0.49, 0.34, 0.554, 0.596, 0.346, 0.592, 0.228, 0.282, 0.278, 0.606, 0.432, 0.41, 0.336, 0.508, 0.308, 0.286, 0.432, 0.348, 0.572, 0.806, 0.68, 0.586, 0.386, 0.486, 0.772, 0.618, 0.472, 0.596, 0.582, 0.326, 0.554, 0.26, 0.414, 0.518, 0.514, 0.286, 0.53, 0.67, 0.592, 0.616, 0.666, 0.672, 0.528, 0.356, 0.45, 0.408, 0.312, 0.4, 0.616, 0.394, 0.72, 0.718, 0.31, 0.534, 0.322, 0.474, 0.47, 0.396, 0.486, 0.638, 0.504, 0.368, 0.506, 0.502, 0.464, 0.392, 0.546, 0.45, 0.474, 0.572, 0.522, 0.312, 0.34, 0.318, 0.424, 0.346, 0.368, 0.414, 0.594, 0.574, 0.642, 0.442, 0.418, 0.578, 0.606, 0.734, 0.23, 0.368, 0.516, 0.516, 0.468, 0.416, 0.296, 0.538, 0.548, 0.524, 0.46, 0.438, 0.59, 0.58, 0.428, 0.39, 0.608, 0.406, 0.288, 0.266, 0.368, 0.666, 0.72, 0.51, 0.326, 0.646, 0.626, 0.334, 0.64, 0.404, 0.588, 0.318, 0.326, 0.39, 0.21, 0.57, 0.51, 0.578, 0.41, 0.298, 0.392, 0.414, 0.408, 0.368, 0.77, 0.564, 0.272, 0.65, 0.356, 0.378, 0.506, 0.56, 0.562, 0.36, 0.252, 0.544, 0.41, 0.652, 0.626, 0.678, 0.264, 0.682, 0.73, 0.25, 0.388, 0.514, 0.484, 0.512, 0.484, 0.556, 0.67, 0.548, 0.674, 0.44, 0.648, 0.626, 0.424, 0.632, 0.628, 0.418, 0.564, 0.606, 0.406, 0.51, 0.356, 0.298, 0.23, 0.61, 0.38, 0.392, 0.362, 0.586, 0.384, 0.44, 0.702, 0.652, 0.304, 0.568, 0.466, 0.372, 0.256, 0.664, 0.636, 0.588, 0.404, 0.35, 0.636, 0.482, 0.576, 0.478, 0.482, 0.664, 0.422, 0.386, 0.306, 0.712, 0.53, 0.604, 0.202, 0.626, 0.366, 0.69, 0.446, 0.384, 0.704, 0.534, 0.684, 0.58, 0.266, 0.43, 0.358, 0.578, 0.332, 0.534, 0.454, 0.674, 0.35, 0.4, 0.26, 0.35, 0.402, 0.492, 0.708, 0.534, 0.408, 0.696, 0.372, 0.376, 0.356, 0.58, 0.58, 0.516, 0.496, 0.606, 0.338, 0.556, 0.51, 0.608, 0.426, 0.452, 0.46, 0.718, 0.706, 0.718, 0.606, 0.638, 0.704, 0.694, 0.352, 0.346, 0.356, 0.614, 0.272, 0.418, 0.392, 0.6, 0.406, 0.374, 0.558, 0.622, 0.352, 0.382, 0.51, 0.312, 0.566, 0.368, 0.482, 0.436, 0.332, 0.222, 0.466, 0.266, 0.578, 0.378, 0.548, 0.744, 0.676, 0.44, 0.44, 0.646, 0.288, 0.484, 0.516, 0.316, 0.648, 0.674, 0.476, 0.64, 0.664, 0.508, 0.646, 0.532, 0.318, 0.58, 0.724, 0.484, 0.594, 0.462, 0.588, 0.324, 0.482, 0.352, 0.558, 0.616, 0.548, 0.29, 0.356, 0.508, 0.49, 0.516, 0.632, 0.508, 0.504, 0.606, 0.414, 0.616, 0.374, 0.296, 0.566, 0.546, 0.426, 0.518, 0.636, 0.668, 0.396, 0.352, 0.586, 0.528, 0.362, 0.422, 0.576, 0.674, 0.564, 0.504, 0.328, 0.212, 0.692, 0.56, 0.706, 0.332, 0.574, 0.45, 0.722, 0.522, 0.524, 0.42, 0.544, 0.37, 0.592, 0.63, 0.326, 0.184, 0.488, 0.68, 0.26, 0.67, 0.664, 0.456, 0.312, 0.546, 0.574, 0.454, 0.678, 0.582, 0.67, 0.61, 0.538, 0.552, 0.6, 0.354, 0.358, 0.482, 0.364, 0.6, 0.546, 0.582, 0.734, 0.264, 0.684, 0.604, 0.508, 0.538, 0.554, 0.576, 0.678, 0.41, 0.666, 0.596, 0.454, 0.606, 0.392, 0.538, 0.668, 0.304, 0.654, 0.51, 0.544, 0.57, 0.348, 0.368, 0.452, 0.294, 0.296, 0.524, 0.644, 0.558, 0.472, 0.514, 0.642, 0.524, 0.686, 0.664, 0.462, 0.378, 0.408, 0.588, 0.376, 0.674, 0.712, 0.708, 0.732, 0.432, 0.428, 0.428, 0.582, 0.656, 0.468, 0.614, 0.438, 0.608, 0.444, 0.646, 0.678, 0.508, 0.422, 0.514, 0.536, 0.4, 0.452, 0.34, 0.416, 0.384, 0.31, 0.478, 0.486, 0.372, 0.57, 0.612, 0.644, 0.518, 0.644, 0.454, 0.412, 0.266, 0.484, 0.616, 0.43, 0.446, 0.608, 0.568, 0.494, 0.628, 0.542, 0.554, 0.588, 0.642, 0.358, 0.35, 0.414, 0.506, 0.298, 0.68, 0.658, 0.59, 0.218, 0.64, 0.618, 0.412, 0.356, 0.626, 0.31, 0.288, 0.466, 0.334, 0.594, 0.416, 0.57, 0.52, 0.698, 0.646, 0.426, 0.54, 0.434, 0.476, 0.656, 0.48, 0.658, 0.352, 0.458, 0.612, 0.432, 0.534, 0.39, 0.644, 0.632, 0.414, 0.42, 0.516, 0.626, 0.454, 0.58, 0.634, 0.554, 0.374, 0.688, 0.686, 0.248, 0.768, 0.366, 0.542, 0.554, 0.526, 0.164, 0.538, 0.392, 0.722, 0.418, 0.49, 0.298, 0.534, 0.672, 0.476, 0.276, 0.324, 0.438, 0.614, 0.662, 0.374, 0.294, 0.688, 0.554, 0.566, 0.42, 0.594, 0.508, 0.668, 0.354, 0.716, 0.364, 0.402, 0.396, 0.58, 0.262, 0.706, 0.396, 0.576, 0.748, 0.496, 0.448, 0.642, 0.78, 0.448, 0.354, 0.448, 0.582, 0.438, 0.474, 0.594, 0.518, 0.348, 0.362, 0.594, 0.574, 0.412, 0.562, 0.37, 0.482, 0.64, 0.592, 0.27], "computation-time": 0.03149604797363281, "max-memory-usage": 690749979}