{"auroc": 0.6396444444444445, "aupr": 0.6045276656147054, "y": [0, 0, 0, 1, 0, 1, 0, 0, 0, 1, 1, 1, 0, 1, 1, 0, 0, 1, 0, 0, 0, 0, 0, 1, 1, 1, 1, 0, 0, 0, 0, 1, 1, 0, 1, 0, 1, 1, 1, 1, 1, 1, 1, 1, 0, 1, 1, 1, 0, 0, 1, 0, 0, 1, 1, 0, 1, 0, 0, 0, 1, 0, 1, 1, 1, 1, 0, 1, 0, 0, 1, 0, 1, 1, 1, 0, 1, 0, 1, 0, 1, 0, 0, 1, 1, 1, 1, 1, 1, 1, 0, 0, 0, 0, 1, 0, 0, 1, 1, 0, 0, 1, 0, 1, 0, 1, 0, 0, 1, 1, 1, 0, 1, 0, 0, 0, 1, 0, 1, 0, 0, 1, 1, 0, 0, 1, 0, 0, 1, 0, 1, 1, 0, 1, 0, 1, 0, 1, 0, 0, 0, 1, 1, 0, 0, 1, 1, 0, 0, 0, 1, 0, 1, 0, 0, 1, 1, 1, 1, 0, 1, 1, 0, 0, 0, 0, 1, 1, 0, 1, 1, 1, 0, 0, 0, 0, 1, 0, 1, 0, 1, 0, 1, 0, 0, 1, 0, 0, 0, 0, 1, 1, 0, 0, 0, 1, 0, 1, 0, 0, 0, 1, 1, 1, 0, 0, 1, 1, 1, 1, 0, 0, 1, 0, 0, 0, 1, 1, 0, 0, 1, 1, 0, 0, 1, 0, 0, 0, 0, 1, 0, 0, 1, 1, 1, 1, 0, 0, 0, 1, 0, 0, 1, 0, 0, 1, 1, 0, 0, 1, 1, 0, 0, 0, 0, 1, 0, 0, 1, 1, 1, 1, 1, 0, 1, 1, 0, 0, 1, 0, 1, 1, 0, 0, 0, 0, 1, 1, 1, 1, 1, 0, 1, 1, 1, 0, 0, 1, 1, 0, 0, 0, 1, 1, 1, 1, 0, 0, 1, 1, 0, 0, 1, 1, 1, 1, 0, 1, 1, 0, 0, 1, 0, 1, 1, 0, 0, 0, 1, 1, 0, 0, 0, 1, 0, 0, 0, 0, 1, 0, 1, 1, 1, 1, 0, 1, 0, 0, 0, 1, 0, 0, 1, 0, 1, 0, 0, 1, 1, 0, 0, 1, 0, 0, 0, 0, 1, 1, 1, 0, 0, 0, 1, 1, 0, 0, 0, 0, 1, 1, 0, 0, 0, 0, 1, 1, 1, 1, 0, 1, 0, 1, 1, 1, 1, 1, 0, 1, 0, 0, 1, 0, 1, 1, 1, 1, 1, 0, 0, 0, 1, 0, 0, 1, 1, 0, 0, 1, 1, 0, 0, 1, 1, 0, 0, 1, 1, 1, 1, 1, 1, 0, 1, 0, 1, 1, 0, 0, 1, 0, 0, 1, 0, 0, 1, 1, 1, 1, 0, 0, 1, 0, 1, 0, 0, 1, 1, 1, 0, 0, 1, 1, 1, 0, 0, 0, 0, 0, 1, 0, 0, 0, 0, 0, 1, 0, 0, 1, 1, 0, 1, 0, 0, 0, 1, 1, 0, 1, 0, 1, 1, 1, 1, 1, 0, 1, 1, 0, 0, 1, 0, 0, 1, 1, 1, 1, 1, 1, 1, 0, 1, 1, 0, 0, 1, 1, 1, 0, 1, 1, 0, 0, 0, 1, 0, 0, 0, 0, 0, 1, 1, 1, 1, 0, 1, 0, 1, 0, 1, 0, 0, 1, 1, 1, 1, 0, 1, 1, 0, 0, 0, 0, 0, 0, 0, 1, 0, 1, 1, 0, 0, 0, 1, 0, 1, 0, 1, 1, 0, 1, 1, 0, 1, 1, 0, 0, 1, 0, 0, 1, 1, 1, 0, 0, 0, 0, 1, 1, 1, 0, 0, 1, 0, 0, 1, 1, 1, 1, 1, 0, 0, 1, 0, 0, 1, 1, 1, 1, 1, 0], "y-hat": [0.492, 0.274, 0.624, 0.33, 0.542, 0.516, 0.516, 0.416, 0.492, 0.714, 0.714, 0.582, 0.622, 0.562, 0.524, 0.414, 0.536, 0.6, 0.278, 0.528, 0.376, 0.364, 0.324, 0.624, 0.362, 0.478, 0.352, 0.516, 0.368, 0.294, 0.382, 0.322, 0.6, 0.734, 0.666, 0.586, 0.328, 0.5, 0.732, 0.63, 0.448, 0.714, 0.598, 0.392, 0.578, 0.312, 0.368, 0.528, 0.478, 0.366, 0.506, 0.64, 0.574, 0.626, 0.588, 0.642, 0.544, 0.41, 0.532, 0.38, 0.316, 0.442, 0.608, 0.414, 0.726, 0.76, 0.312, 0.524, 0.268, 0.472, 0.5, 0.406, 0.462, 0.622, 0.512, 0.31, 0.508, 0.5, 0.482, 0.448, 0.556, 0.45, 0.474, 0.516, 0.484, 0.3, 0.4, 0.358, 0.4, 0.32, 0.37, 0.434, 0.58, 0.596, 0.582, 0.462, 0.43, 0.666, 0.654, 0.766, 0.296, 0.362, 0.504, 0.696, 0.522, 0.444, 0.292, 0.46, 0.558, 0.524, 0.476, 0.464, 0.584, 0.51, 0.358, 0.46, 0.606, 0.368, 0.298, 0.216, 0.342, 0.636, 0.662, 0.464, 0.334, 0.668, 0.606, 0.346, 0.618, 0.472, 0.566, 0.298, 0.33, 0.43, 0.238, 0.492, 0.534, 0.612, 0.336, 0.258, 0.372, 0.404, 0.43, 0.468, 0.762, 0.614, 0.216, 0.72, 0.322, 0.448, 0.472, 0.476, 0.59, 0.452, 0.302, 0.528, 0.454, 0.65, 0.622, 0.662, 0.25, 0.63, 0.678, 0.262, 0.278, 0.544, 0.532, 0.502, 0.528, 0.594, 0.692, 0.604, 0.644, 0.438, 0.486, 0.622, 0.354, 0.634, 0.556, 0.374, 0.552, 0.616, 0.41, 0.464, 0.35, 0.288, 0.196, 0.596, 0.296, 0.398, 0.348, 0.634, 0.31, 0.426, 0.594, 0.646, 0.372, 0.51, 0.396, 0.39, 0.292, 0.678, 0.662, 0.51, 0.468, 0.298, 0.6, 0.482, 0.534, 0.498, 0.502, 0.644, 0.45, 0.392, 0.326, 0.724, 0.628, 0.662, 0.24, 0.606, 0.354, 0.72, 0.464, 0.326, 0.768, 0.52, 0.8, 0.54, 0.338, 0.454, 0.464, 0.574, 0.39, 0.528, 0.392, 0.73, 0.352, 0.412, 0.264, 0.322, 0.46, 0.492, 0.588, 0.496, 0.416, 0.656, 0.408, 0.338, 0.348, 0.514, 0.61, 0.486, 0.542, 0.63, 0.338, 0.504, 0.502, 0.674, 0.486, 0.422, 0.442, 0.694, 0.72, 0.724, 0.628, 0.674, 0.674, 0.614, 0.384, 0.268, 0.328, 0.604, 0.268, 0.372, 0.324, 0.604, 0.43, 0.294, 0.534, 0.612, 0.352, 0.34, 0.428, 0.396, 0.566, 0.342, 0.532, 0.404, 0.288, 0.212, 0.388, 0.302, 0.596, 0.43, 0.554, 0.7, 0.688, 0.528, 0.438, 0.602, 0.28, 0.394, 0.38, 0.396, 0.652, 0.608, 0.444, 0.686, 0.672, 0.504, 0.56, 0.426, 0.344, 0.59, 0.67, 0.432, 0.566, 0.448, 0.596, 0.362, 0.434, 0.32, 0.588, 0.526, 0.504, 0.344, 0.416, 0.532, 0.55, 0.568, 0.628, 0.502, 0.552, 0.6, 0.428, 0.614, 0.324, 0.294, 0.506, 0.526, 0.394, 0.53, 0.626, 0.666, 0.396, 0.344, 0.568, 0.566, 0.382, 0.392, 0.518, 0.632, 0.558, 0.504, 0.25, 0.214, 0.658, 0.624, 0.644, 0.324, 0.526, 0.446, 0.742, 0.596, 0.542, 0.402, 0.534, 0.288, 0.61, 0.578, 0.346, 0.2, 0.516, 0.714, 0.286, 0.646, 0.686, 0.472, 0.312, 0.598, 0.552, 0.51, 0.694, 0.52, 0.608, 0.59, 0.584, 0.584, 0.616, 0.288, 0.34, 0.406, 0.386, 0.648, 0.578, 0.594, 0.728, 0.286, 0.692, 0.696, 0.466, 0.584, 0.48, 0.65, 0.754, 0.378, 0.708, 0.558, 0.462, 0.584, 0.354, 0.586, 0.628, 0.296, 0.688, 0.47, 0.53, 0.606, 0.386, 0.358, 0.444, 0.314, 0.274, 0.514, 0.68, 0.462, 0.504, 0.51, 0.56, 0.506, 0.512, 0.614, 0.408, 0.364, 0.468, 0.568, 0.372, 0.678, 0.682, 0.718, 0.646, 0.394, 0.454, 0.428, 0.59, 0.666, 0.498, 0.566, 0.498, 0.622, 0.418, 0.622, 0.742, 0.462, 0.388, 0.592, 0.434, 0.474, 0.468, 0.366, 0.426, 0.352, 0.332, 0.562, 0.466, 0.352, 0.644, 0.59, 0.602, 0.516, 0.65, 0.47, 0.354, 0.268, 0.514, 0.666, 0.47, 0.394, 0.578, 0.49, 0.504, 0.582, 0.484, 0.51, 0.638, 0.754, 0.402, 0.372, 0.388, 0.512, 0.268, 0.634, 0.708, 0.546, 0.192, 0.69, 0.522, 0.402, 0.38, 0.602, 0.332, 0.242, 0.47, 0.368, 0.596, 0.424, 0.518, 0.65, 0.724, 0.764, 0.366, 0.524, 0.414, 0.462, 0.586, 0.47, 0.576, 0.316, 0.49, 0.66, 0.426, 0.462, 0.424, 0.714, 0.626, 0.394, 0.482, 0.546, 0.624, 0.462, 0.638, 0.674, 0.494, 0.348, 0.632, 0.692, 0.266, 0.696, 0.43, 0.584, 0.568, 0.61, 0.132, 0.472, 0.424, 0.66, 0.418, 0.416, 0.316, 0.482, 0.698, 0.422, 0.286, 0.32, 0.45, 0.574, 0.586, 0.422, 0.256, 0.718, 0.55, 0.566, 0.4, 0.582, 0.532, 0.594, 0.368, 0.668, 0.388, 0.452, 0.366, 0.53, 0.234, 0.646, 0.444, 0.608, 0.682, 0.52, 0.442, 0.792, 0.702, 0.402, 0.354, 0.474, 0.532, 0.422, 0.564, 0.656, 0.538, 0.256, 0.348, 0.648, 0.614, 0.432, 0.684, 0.37, 0.476, 0.664, 0.65, 0.298], "computation-time": 1.3858630657196045, "max-memory-usage": 690749979}