{"auroc": 0.8333166666666666, "aupr": 0.8310021672420116, "y": [0, 0, 0, 1, 0, 1, 0, 0, 0, 1, 1, 1, 0, 1, 1, 0, 0, 1, 0, 0, 0, 0, 0, 1, 1, 1, 1, 0, 0, 0, 0, 1, 1, 0, 1, 0, 1, 1, 1, 1, 1, 1, 1, 1, 0, 1, 1, 1, 0, 0, 1, 0, 0, 1, 1, 0, 1, 0, 0, 0, 1, 0, 1, 1, 1, 1, 0, 1, 0, 0, 1, 0, 1, 1, 1, 0, 1, 0, 1, 0, 1, 0, 0, 1, 1, 1, 1, 1, 1, 1, 0, 0, 0, 0, 1, 0, 0, 1, 1, 0, 0, 1, 0, 1, 0, 1, 0, 0, 1, 1, 1, 0, 1, 0, 0, 0, 1, 0, 1, 0, 0, 1, 1, 0, 0, 1, 0, 0, 1, 0, 1, 1, 0, 1, 0, 1, 0, 1, 0, 0, 0, 1, 1, 0, 0, 1, 1, 0, 0, 0, 1, 0, 1, 0, 0, 1, 1, 1, 1, 0, 1, 1, 0, 0, 0, 0, 1, 1, 0, 1, 1, 1, 0, 0, 0, 0, 1, 0, 1, 0, 1, 0, 1, 0, 0, 1, 0, 0, 0, 0, 1, 1, 0, 0, 0, 1, 0, 1, 0, 0, 0, 1, 1, 1, 0, 0, 1, 1, 1, 1, 0, 0, 1, 0, 0, 0, 1, 1, 0, 0, 1, 1, 0, 0, 1, 0, 0, 0, 0, 1, 0, 0, 1, 1, 1, 1, 0, 0, 0, 1, 0, 0, 1, 0, 0, 1, 1, 0, 0, 1, 1, 0, 0, 0, 0, 1, 0, 0, 1, 1, 1, 1, 1, 0, 1, 1, 0, 0, 1, 0, 1, 1, 0, 0, 0, 0, 1, 1, 1, 1, 1, 0, 1, 1, 1, 0, 0, 1, 1, 0, 0, 0, 1, 1, 1, 1, 0, 0, 1, 1, 0, 0, 1, 1, 1, 1, 0, 1, 1, 0, 0, 1, 0, 1, 1, 0, 0, 0, 1, 1, 0, 0, 0, 1, 0, 0, 0, 0, 1, 0, 1, 1, 1, 1, 0, 1, 0, 0, 0, 1, 0, 0, 1, 0, 1, 0, 0, 1, 1, 0, 0, 1, 0, 0, 0, 0, 1, 1, 1, 0, 0, 0, 1, 1, 0, 0, 0, 0, 1, 1, 0, 0, 0, 0, 1, 1, 1, 1, 0, 1, 0, 1, 1, 1, 1, 1, 0, 1, 0, 0, 1, 0, 1, 1, 1, 1, 1, 0, 0, 0, 1, 0, 0, 1, 1, 0, 0, 1, 1, 0, 0, 1, 1, 0, 0, 1, 1, 1, 1, 1, 1, 0, 1, 0, 1, 1, 0, 0, 1, 0, 0, 1, 0, 0, 1, 1, 1, 1, 0, 0, 1, 0, 1, 0, 0, 1, 1, 1, 0, 0, 1, 1, 1, 0, 0, 0, 0, 0, 1, 0, 0, 0, 0, 0, 1, 0, 0, 1, 1, 0, 1, 0, 0, 0, 1, 1, 0, 1, 0, 1, 1, 1, 1, 1, 0, 1, 1, 0, 0, 1, 0, 0, 1, 1, 1, 1, 1, 1, 1, 0, 1, 1, 0, 0, 1, 1, 1, 0, 1, 1, 0, 0, 0, 1, 0, 0, 0, 0, 0, 1, 1, 1, 1, 0, 1, 0, 1, 0, 1, 0, 0, 1, 1, 1, 1, 0, 1, 1, 0, 0, 0, 0, 0, 0, 0, 1, 0, 1, 1, 0, 0, 0, 1, 0, 1, 0, 1, 1, 0, 1, 1, 0, 1, 1, 0, 0, 1, 0, 0, 1, 1, 1, 0, 0, 0, 0, 1, 1, 1, 0, 0, 1, 0, 0, 1, 1, 1, 1, 1, 0, 0, 1, 0, 0, 1, 1, 1, 1, 1, 0], "y-hat": [0.336, 0.312, 0.57, 0.678, 0.46, 0.9, 0.316, 0.292, 0.488, 0.776, 0.756, 0.866, 0.404, 0.652, 0.562, 0.142, 0.262, 0.896, 0.534, 0.274, 0.394, 0.462, 0.274, 0.758, 0.508, 0.764, 0.368, 0.588, 0.626, 0.19, 0.238, 0.394, 0.508, 0.76, 0.596, 0.672, 0.526, 0.798, 0.612, 0.804, 0.522, 0.83, 0.536, 0.578, 0.398, 0.768, 0.298, 0.566, 0.196, 0.438, 0.768, 0.45, 0.756, 0.596, 0.674, 0.294, 0.746, 0.232, 0.518, 0.174, 0.566, 0.168, 0.53, 0.378, 0.792, 0.584, 0.29, 0.57, 0.328, 0.714, 0.626, 0.286, 0.768, 0.62, 0.868, 0.38, 0.65, 0.478, 0.698, 0.52, 0.502, 0.748, 0.548, 0.848, 0.538, 0.506, 0.456, 0.37, 0.516, 0.352, 0.422, 0.212, 0.358, 0.518, 0.626, 0.386, 0.28, 0.502, 0.944, 0.412, 0.298, 0.352, 0.56, 0.718, 0.51, 0.528, 0.534, 0.428, 0.856, 0.808, 0.426, 0.5, 0.406, 0.422, 0.188, 0.334, 0.674, 0.322, 0.78, 0.242, 0.402, 0.774, 0.81, 0.598, 0.728, 0.62, 0.322, 0.178, 0.826, 0.504, 0.622, 0.384, 0.294, 0.67, 0.318, 0.696, 0.662, 0.668, 0.528, 0.112, 0.3, 0.45, 0.734, 0.296, 0.424, 0.712, 0.276, 0.204, 0.22, 0.494, 0.692, 0.362, 0.652, 0.322, 0.548, 0.584, 0.806, 0.878, 0.452, 0.788, 0.622, 0.728, 0.882, 0.332, 0.228, 0.442, 0.388, 0.926, 0.33, 0.33, 0.764, 0.56, 0.736, 0.412, 0.512, 0.764, 0.468, 0.534, 0.67, 0.388, 0.598, 0.648, 0.484, 0.332, 0.47, 0.382, 0.262, 0.348, 0.272, 0.398, 0.58, 0.872, 0.5, 0.34, 0.41, 0.822, 0.432, 0.674, 0.302, 0.516, 0.4, 0.72, 0.806, 0.688, 0.384, 0.26, 0.674, 0.782, 0.718, 0.458, 0.388, 0.506, 0.322, 0.382, 0.384, 0.53, 0.874, 0.9, 0.224, 0.288, 0.52, 0.75, 0.47, 0.518, 0.62, 0.408, 0.286, 0.436, 0.388, 0.72, 0.572, 0.354, 0.434, 0.348, 0.368, 0.526, 0.386, 0.36, 0.354, 0.598, 0.492, 0.294, 0.826, 0.372, 0.356, 0.776, 0.63, 0.568, 0.438, 0.752, 0.628, 0.374, 0.336, 0.368, 0.092, 0.83, 0.47, 0.28, 0.486, 0.684, 0.554, 0.7, 0.822, 0.172, 0.81, 0.63, 0.518, 0.244, 0.406, 0.072, 0.51, 0.4, 0.244, 0.532, 0.31, 0.552, 0.54, 0.428, 0.558, 0.586, 0.29, 0.42, 0.478, 0.456, 0.744, 0.422, 0.356, 0.408, 0.55, 0.43, 0.186, 0.528, 0.666, 0.7, 0.826, 0.856, 0.408, 0.868, 0.482, 0.462, 0.354, 0.282, 0.622, 0.492, 0.548, 0.926, 0.506, 0.558, 0.7, 0.132, 0.604, 0.76, 0.4, 0.484, 0.844, 0.246, 0.366, 0.168, 0.524, 0.432, 0.176, 0.26, 0.554, 0.742, 0.428, 0.386, 0.2, 0.354, 0.656, 0.256, 0.906, 0.868, 0.704, 0.632, 0.388, 0.636, 0.312, 0.082, 0.61, 0.606, 0.41, 0.114, 0.958, 0.44, 0.42, 0.262, 0.362, 0.512, 0.558, 0.532, 0.348, 0.768, 0.426, 0.21, 0.244, 0.314, 0.892, 0.426, 0.764, 0.108, 0.414, 0.368, 0.564, 0.422, 0.636, 0.426, 0.488, 0.348, 0.726, 0.922, 0.282, 0.354, 0.41, 0.32, 0.502, 0.768, 0.714, 0.724, 0.338, 0.942, 0.144, 0.742, 0.562, 0.818, 0.358, 0.648, 0.46, 0.496, 0.386, 0.454, 0.586, 0.392, 0.606, 0.68, 0.794, 0.594, 0.768, 0.294, 0.204, 0.34, 0.386, 0.41, 0.298, 0.666, 0.852, 0.152, 0.418, 0.872, 0.444, 0.348, 0.282, 0.816, 0.618, 0.308, 0.446, 0.572, 0.744, 0.294, 0.548, 0.572, 0.372, 0.316, 0.358, 0.33, 0.35, 0.834, 0.362, 0.444, 0.466, 0.316, 0.454, 0.642, 0.338, 0.26, 0.588, 0.466, 0.31, 0.726, 0.258, 0.15, 0.824, 0.3, 0.634, 0.158, 0.15, 0.642, 0.44, 0.63, 0.408, 0.624, 0.772, 0.762, 0.692, 0.624, 0.382, 0.36, 0.542, 0.476, 0.69, 0.574, 0.352, 0.482, 0.3, 0.504, 0.818, 0.378, 0.51, 0.64, 0.716, 0.3, 0.326, 0.404, 0.36, 0.46, 0.374, 0.796, 0.482, 0.312, 0.53, 0.688, 0.342, 0.928, 0.578, 0.76, 0.424, 0.688, 0.374, 0.422, 0.594, 0.434, 0.322, 0.814, 0.698, 0.896, 0.472, 0.56, 0.736, 0.604, 0.734, 0.544, 0.412, 0.496, 0.276, 0.382, 0.672, 0.086, 0.632, 0.81, 0.588, 0.654, 0.162, 0.432, 0.562, 0.374, 0.424, 0.46, 0.394, 0.404, 0.368, 0.822, 0.42, 0.496, 0.34, 0.54, 0.708, 0.37, 0.872, 0.388, 0.532, 0.262, 0.74, 0.75, 0.63, 0.384, 0.436, 0.454, 0.666, 0.782, 0.368, 0.618, 0.294, 0.528, 0.31, 0.522, 0.14, 0.648, 0.476, 0.34, 0.38, 0.236, 0.558, 0.44, 0.388, 0.392, 0.632, 0.536, 0.404, 0.648, 0.176, 0.58, 0.536, 0.498, 0.572, 0.672, 0.484, 0.386, 0.518, 0.44, 0.374, 0.476, 0.264, 0.614, 0.268, 0.45, 0.304, 0.444, 0.838, 0.652, 0.328, 0.278, 0.65, 0.704, 0.272, 0.456, 0.588, 0.354, 0.764, 0.538, 0.374, 0.266, 0.412, 0.87, 0.506, 0.218, 0.304, 0.714, 0.402, 0.81, 0.576, 0.236], "computation-time": 4.013059854507446, "max-memory-usage": 45975140}