{"auroc": 0.9411999999999999, "aupr": 0.944450827044724, "y": [0, 0, 0, 1, 0, 1, 0, 0, 0, 1, 1, 1, 0, 1, 1, 0, 0, 1, 0, 0, 0, 0, 0, 1, 1, 1, 1, 0, 0, 0, 0, 1, 1, 0, 1, 0, 1, 1, 1, 1, 1, 1, 1, 1, 0, 1, 1, 1, 0, 0, 1, 0, 0, 1, 1, 0, 1, 0, 0, 0, 1, 0, 1, 1, 1, 1, 0, 1, 0, 0, 1, 0, 1, 1, 1, 0, 1, 0, 1, 0, 1, 0, 0, 1, 1, 1, 1, 1, 1, 1, 0, 0, 0, 0, 1, 0, 0, 1, 1, 0, 0, 1, 0, 1, 0, 1, 0, 0, 1, 1, 1, 0, 1, 0, 0, 0, 1, 0, 1, 0, 0, 1, 1, 0, 0, 1, 0, 0, 1, 0, 1, 1, 0, 1, 0, 1, 0, 1, 0, 0, 0, 1, 1, 0, 0, 1, 1, 0, 0, 0, 1, 0, 1, 0, 0, 1, 1, 1, 1, 0, 1, 1, 0, 0, 0, 0, 1, 1, 0, 1, 1, 1, 0, 0, 0, 0, 1, 0, 1, 0, 1, 0, 1, 0, 0, 1, 0, 0, 0, 0, 1, 1, 0, 0, 0, 1, 0, 1, 0, 0, 0, 1, 1, 1, 0, 0, 1, 1, 1, 1, 0, 0, 1, 0, 0, 0, 1, 1, 0, 0, 1, 1, 0, 0, 1, 0, 0, 0, 0, 1, 0, 0, 1, 1, 1, 1, 0, 0, 0, 1, 0, 0, 1, 0, 0, 1, 1, 0, 0, 1, 1, 0, 0, 0, 0, 1, 0, 0, 1, 1, 1, 1, 1, 0, 1, 1, 0, 0, 1, 0, 1, 1, 0, 0, 0, 0, 1, 1, 1, 1, 1, 0, 1, 1, 1, 0, 0, 1, 1, 0, 0, 0, 1, 1, 1, 1, 0, 0, 1, 1, 0, 0, 1, 1, 1, 1, 0, 1, 1, 0, 0, 1, 0, 1, 1, 0, 0, 0, 1, 1, 0, 0, 0, 1, 0, 0, 0, 0, 1, 0, 1, 1, 1, 1, 0, 1, 0, 0, 0, 1, 0, 0, 1, 0, 1, 0, 0, 1, 1, 0, 0, 1, 0, 0, 0, 0, 1, 1, 1, 0, 0, 0, 1, 1, 0, 0, 0, 0, 1, 1, 0, 0, 0, 0, 1, 1, 1, 1, 0, 1, 0, 1, 1, 1, 1, 1, 0, 1, 0, 0, 1, 0, 1, 1, 1, 1, 1, 0, 0, 0, 1, 0, 0, 1, 1, 0, 0, 1, 1, 0, 0, 1, 1, 0, 0, 1, 1, 1, 1, 1, 1, 0, 1, 0, 1, 1, 0, 0, 1, 0, 0, 1, 0, 0, 1, 1, 1, 1, 0, 0, 1, 0, 1, 0, 0, 1, 1, 1, 0, 0, 1, 1, 1, 0, 0, 0, 0, 0, 1, 0, 0, 0, 0, 0, 1, 0, 0, 1, 1, 0, 1, 0, 0, 0, 1, 1, 0, 1, 0, 1, 1, 1, 1, 1, 0, 1, 1, 0, 0, 1, 0, 0, 1, 1, 1, 1, 1, 1, 1, 0, 1, 1, 0, 0, 1, 1, 1, 0, 1, 1, 0, 0, 0, 1, 0, 0, 0, 0, 0, 1, 1, 1, 1, 0, 1, 0, 1, 0, 1, 0, 0, 1, 1, 1, 1, 0, 1, 1, 0, 0, 0, 0, 0, 0, 0, 1, 0, 1, 1, 0, 0, 0, 1, 0, 1, 0, 1, 1, 0, 1, 1, 0, 1, 1, 0, 0, 1, 0, 0, 1, 1, 1, 0, 0, 0, 0, 1, 1, 1, 0, 0, 1, 0, 0, 1, 1, 1, 1, 1, 0, 0, 1, 0, 0, 1, 1, 1, 1, 1, 0], "y-hat": [0.208, 0.132, 0.5, 0.862, 0.41, 0.96, 0.272, 0.132, 0.242, 0.876, 0.926, 0.876, 0.284, 0.766, 0.602, 0.094, 0.33, 0.982, 0.448, 0.104, 0.446, 0.256, 0.132, 0.756, 0.836, 0.848, 0.446, 0.408, 0.444, 0.158, 0.054, 0.714, 0.68, 0.36, 0.762, 0.238, 0.574, 0.926, 0.72, 0.806, 0.478, 0.866, 0.636, 0.714, 0.446, 0.858, 0.142, 0.824, 0.154, 0.408, 0.94, 0.318, 0.426, 0.762, 0.912, 0.222, 0.956, 0.22, 0.592, 0.216, 0.846, 0.228, 0.512, 0.4, 0.916, 0.334, 0.214, 0.622, 0.55, 0.716, 0.844, 0.276, 0.91, 0.812, 0.79, 0.28, 0.702, 0.474, 0.794, 0.332, 0.506, 0.872, 0.47, 0.966, 0.646, 0.57, 0.676, 0.58, 0.548, 0.68, 0.442, 0.088, 0.414, 0.244, 0.744, 0.182, 0.258, 0.466, 0.722, 0.554, 0.19, 0.46, 0.558, 0.776, 0.196, 0.592, 0.644, 0.712, 0.966, 0.8, 0.77, 0.45, 0.562, 0.386, 0.13, 0.31, 0.826, 0.128, 0.552, 0.14, 0.35, 0.714, 0.892, 0.452, 0.524, 0.764, 0.266, 0.094, 0.892, 0.462, 0.93, 0.282, 0.354, 0.844, 0.162, 0.85, 0.502, 0.868, 0.568, 0.026, 0.22, 0.58, 0.962, 0.236, 0.276, 0.852, 0.53, 0.096, 0.058, 0.318, 0.594, 0.18, 0.892, 0.184, 0.324, 0.514, 0.974, 0.838, 0.4, 0.638, 0.65, 0.904, 0.434, 0.118, 0.176, 0.228, 0.238, 0.972, 0.11, 0.266, 0.914, 0.696, 0.432, 0.406, 0.268, 0.82, 0.6, 0.206, 0.716, 0.104, 0.676, 0.202, 0.796, 0.322, 0.182, 0.488, 0.382, 0.252, 0.154, 0.228, 0.578, 0.996, 0.142, 0.564, 0.26, 0.91, 0.282, 0.838, 0.408, 0.202, 0.226, 0.796, 0.854, 0.696, 0.268, 0.074, 0.692, 0.908, 0.718, 0.226, 0.184, 0.156, 0.15, 0.19, 0.194, 0.194, 0.966, 0.97, 0.046, 0.138, 0.748, 0.77, 0.394, 0.324, 0.368, 0.332, 0.064, 0.17, 0.3, 0.76, 0.464, 0.132, 0.706, 0.408, 0.716, 0.914, 0.326, 0.464, 0.58, 0.85, 0.472, 0.338, 0.93, 0.334, 0.196, 0.916, 0.786, 0.282, 0.244, 0.714, 0.596, 0.274, 0.254, 0.318, 0.048, 0.85, 0.494, 0.126, 0.77, 0.908, 0.764, 0.906, 0.944, 0.094, 0.86, 0.846, 0.258, 0.258, 0.846, 0.104, 0.786, 0.48, 0.04, 0.374, 0.088, 0.32, 0.702, 0.492, 0.496, 0.954, 0.434, 0.282, 0.536, 0.606, 0.924, 0.274, 0.31, 0.664, 0.712, 0.596, 0.26, 0.266, 0.746, 0.798, 0.9, 0.916, 0.352, 0.54, 0.708, 0.374, 0.166, 0.294, 0.816, 0.768, 0.59, 0.94, 0.33, 0.57, 0.672, 0.092, 0.546, 0.93, 0.218, 0.43, 0.958, 0.2, 0.208, 0.166, 0.934, 0.592, 0.098, 0.124, 0.474, 0.904, 0.23, 0.194, 0.058, 0.346, 0.8, 0.194, 0.958, 0.794, 0.914, 0.796, 0.154, 0.784, 0.112, 0.044, 0.61, 0.686, 0.418, 0.196, 0.98, 0.22, 0.474, 0.154, 0.198, 0.474, 0.918, 0.586, 0.258, 0.952, 0.376, 0.096, 0.17, 0.19, 0.974, 0.214, 0.84, 0.04, 0.194, 0.17, 0.71, 0.36, 0.834, 0.42, 0.258, 0.268, 0.868, 0.95, 0.196, 0.242, 0.496, 0.288, 0.76, 0.852, 0.902, 0.808, 0.296, 0.984, 0.052, 0.706, 0.862, 0.828, 0.54, 0.842, 0.312, 0.742, 0.294, 0.474, 0.664, 0.252, 0.808, 0.824, 0.948, 0.682, 0.96, 0.292, 0.114, 0.302, 0.646, 0.438, 0.364, 0.702, 0.982, 0.218, 0.23, 0.97, 0.718, 0.402, 0.12, 0.93, 0.896, 0.27, 0.32, 0.694, 0.74, 0.332, 0.784, 0.686, 0.432, 0.574, 0.758, 0.42, 0.432, 0.722, 0.36, 0.436, 0.328, 0.504, 0.404, 0.744, 0.232, 0.226, 0.586, 0.642, 0.696, 0.776, 0.222, 0.13, 0.95, 0.292, 0.898, 0.182, 0.098, 0.862, 0.792, 0.776, 0.31, 0.424, 0.726, 0.718, 0.83, 0.638, 0.352, 0.192, 0.62, 0.222, 0.742, 0.346, 0.228, 0.28, 0.098, 0.226, 0.854, 0.314, 0.488, 0.89, 0.77, 0.166, 0.51, 0.534, 0.16, 0.33, 0.688, 0.94, 0.534, 0.65, 0.35, 0.908, 0.166, 0.964, 0.514, 0.896, 0.238, 0.894, 0.776, 0.238, 0.59, 0.744, 0.11, 0.358, 0.938, 0.75, 0.554, 0.894, 0.878, 0.77, 0.802, 0.284, 0.352, 0.396, 0.172, 0.138, 0.812, 0.232, 0.732, 0.87, 0.934, 0.878, 0.08, 0.26, 0.484, 0.406, 0.354, 0.246, 0.42, 0.142, 0.494, 0.838, 0.666, 0.774, 0.526, 0.54, 0.67, 0.262, 0.906, 0.34, 0.742, 0.168, 0.734, 0.842, 0.762, 0.424, 0.518, 0.644, 0.694, 0.964, 0.186, 0.692, 0.1, 0.21, 0.236, 0.432, 0.066, 0.844, 0.202, 0.672, 0.544, 0.062, 0.412, 0.32, 0.806, 0.406, 0.64, 0.362, 0.55, 0.82, 0.17, 0.854, 0.828, 0.164, 0.628, 0.706, 0.664, 0.252, 0.842, 0.34, 0.28, 0.69, 0.606, 0.854, 0.11, 0.218, 0.36, 0.252, 0.888, 0.652, 0.664, 0.116, 0.274, 0.732, 0.316, 0.222, 0.706, 0.752, 0.932, 0.382, 0.528, 0.096, 0.13, 0.948, 0.274, 0.202, 0.334, 0.824, 0.264, 0.85, 0.858, 0.042], "computation-time": 25.92031478881836, "max-memory-usage": 778456149}