{"auroc": 0.6233555555555556, "aupr": 0.5893834591776475, "y": [0, 0, 0, 1, 0, 1, 0, 0, 0, 1, 1, 1, 0, 1, 1, 0, 0, 1, 0, 0, 0, 0, 0, 1, 1, 1, 1, 0, 0, 0, 0, 1, 1, 0, 1, 0, 1, 1, 1, 1, 1, 1, 1, 1, 0, 1, 1, 1, 0, 0, 1, 0, 0, 1, 1, 0, 1, 0, 0, 0, 1, 0, 1, 1, 1, 1, 0, 1, 0, 0, 1, 0, 1, 1, 1, 0, 1, 0, 1, 0, 1, 0, 0, 1, 1, 1, 1, 1, 1, 1, 0, 0, 0, 0, 1, 0, 0, 1, 1, 0, 0, 1, 0, 1, 0, 1, 0, 0, 1, 1, 1, 0, 1, 0, 0, 0, 1, 0, 1, 0, 0, 1, 1, 0, 0, 1, 0, 0, 1, 0, 1, 1, 0, 1, 0, 1, 0, 1, 0, 0, 0, 1, 1, 0, 0, 1, 1, 0, 0, 0, 1, 0, 1, 0, 0, 1, 1, 1, 1, 0, 1, 1, 0, 0, 0, 0, 1, 1, 0, 1, 1, 1, 0, 0, 0, 0, 1, 0, 1, 0, 1, 0, 1, 0, 0, 1, 0, 0, 0, 0, 1, 1, 0, 0, 0, 1, 0, 1, 0, 0, 0, 1, 1, 1, 0, 0, 1, 1, 1, 1, 0, 0, 1, 0, 0, 0, 1, 1, 0, 0, 1, 1, 0, 0, 1, 0, 0, 0, 0, 1, 0, 0, 1, 1, 1, 1, 0, 0, 0, 1, 0, 0, 1, 0, 0, 1, 1, 0, 0, 1, 1, 0, 0, 0, 0, 1, 0, 0, 1, 1, 1, 1, 1, 0, 1, 1, 0, 0, 1, 0, 1, 1, 0, 0, 0, 0, 1, 1, 1, 1, 1, 0, 1, 1, 1, 0, 0, 1, 1, 0, 0, 0, 1, 1, 1, 1, 0, 0, 1, 1, 0, 0, 1, 1, 1, 1, 0, 1, 1, 0, 0, 1, 0, 1, 1, 0, 0, 0, 1, 1, 0, 0, 0, 1, 0, 0, 0, 0, 1, 0, 1, 1, 1, 1, 0, 1, 0, 0, 0, 1, 0, 0, 1, 0, 1, 0, 0, 1, 1, 0, 0, 1, 0, 0, 0, 0, 1, 1, 1, 0, 0, 0, 1, 1, 0, 0, 0, 0, 1, 1, 0, 0, 0, 0, 1, 1, 1, 1, 0, 1, 0, 1, 1, 1, 1, 1, 0, 1, 0, 0, 1, 0, 1, 1, 1, 1, 1, 0, 0, 0, 1, 0, 0, 1, 1, 0, 0, 1, 1, 0, 0, 1, 1, 0, 0, 1, 1, 1, 1, 1, 1, 0, 1, 0, 1, 1, 0, 0, 1, 0, 0, 1, 0, 0, 1, 1, 1, 1, 0, 0, 1, 0, 1, 0, 0, 1, 1, 1, 0, 0, 1, 1, 1, 0, 0, 0, 0, 0, 1, 0, 0, 0, 0, 0, 1, 0, 0, 1, 1, 0, 1, 0, 0, 0, 1, 1, 0, 1, 0, 1, 1, 1, 1, 1, 0, 1, 1, 0, 0, 1, 0, 0, 1, 1, 1, 1, 1, 1, 1, 0, 1, 1, 0, 0, 1, 1, 1, 0, 1, 1, 0, 0, 0, 1, 0, 0, 0, 0, 0, 1, 1, 1, 1, 0, 1, 0, 1, 0, 1, 0, 0, 1, 1, 1, 1, 0, 1, 1, 0, 0, 0, 0, 0, 0, 0, 1, 0, 1, 1, 0, 0, 0, 1, 0, 1, 0, 1, 1, 0, 1, 1, 0, 1, 1, 0, 0, 1, 0, 0, 1, 1, 1, 0, 0, 0, 0, 1, 1, 1, 0, 0, 1, 0, 0, 1, 1, 1, 1, 1, 0, 0, 1, 0, 0, 1, 1, 1, 1, 1, 0], "y-hat": [0.518, 0.336, 0.576, 0.338, 0.624, 0.492, 0.506, 0.414, 0.544, 0.704, 0.742, 0.6, 0.636, 0.506, 0.426, 0.406, 0.46, 0.584, 0.286, 0.536, 0.334, 0.28, 0.424, 0.612, 0.418, 0.38, 0.376, 0.47, 0.374, 0.316, 0.456, 0.282, 0.492, 0.698, 0.644, 0.554, 0.298, 0.484, 0.688, 0.646, 0.434, 0.652, 0.612, 0.442, 0.582, 0.334, 0.456, 0.51, 0.468, 0.326, 0.528, 0.59, 0.582, 0.606, 0.658, 0.658, 0.542, 0.29, 0.468, 0.478, 0.292, 0.396, 0.578, 0.478, 0.69, 0.74, 0.31, 0.568, 0.382, 0.484, 0.486, 0.432, 0.538, 0.584, 0.496, 0.344, 0.46, 0.492, 0.476, 0.462, 0.556, 0.504, 0.554, 0.514, 0.502, 0.268, 0.416, 0.324, 0.324, 0.31, 0.34, 0.488, 0.566, 0.622, 0.63, 0.456, 0.45, 0.608, 0.644, 0.718, 0.288, 0.364, 0.524, 0.626, 0.53, 0.454, 0.304, 0.458, 0.602, 0.492, 0.348, 0.366, 0.492, 0.55, 0.386, 0.48, 0.592, 0.342, 0.358, 0.244, 0.316, 0.64, 0.668, 0.406, 0.372, 0.68, 0.588, 0.372, 0.69, 0.45, 0.56, 0.282, 0.354, 0.392, 0.28, 0.546, 0.52, 0.506, 0.32, 0.276, 0.39, 0.43, 0.416, 0.414, 0.76, 0.624, 0.256, 0.616, 0.306, 0.458, 0.488, 0.492, 0.662, 0.42, 0.348, 0.482, 0.45, 0.612, 0.58, 0.71, 0.326, 0.65, 0.698, 0.284, 0.328, 0.552, 0.558, 0.596, 0.564, 0.638, 0.664, 0.634, 0.65, 0.406, 0.594, 0.612, 0.398, 0.594, 0.644, 0.376, 0.518, 0.666, 0.384, 0.488, 0.336, 0.296, 0.23, 0.626, 0.31, 0.48, 0.418, 0.626, 0.328, 0.476, 0.664, 0.656, 0.348, 0.464, 0.442, 0.408, 0.294, 0.728, 0.658, 0.556, 0.51, 0.33, 0.586, 0.47, 0.542, 0.508, 0.53, 0.688, 0.38, 0.392, 0.382, 0.696, 0.63, 0.652, 0.298, 0.584, 0.316, 0.66, 0.472, 0.346, 0.62, 0.554, 0.77, 0.592, 0.272, 0.456, 0.394, 0.578, 0.344, 0.546, 0.39, 0.726, 0.392, 0.428, 0.294, 0.302, 0.47, 0.52, 0.658, 0.528, 0.516, 0.718, 0.384, 0.434, 0.346, 0.57, 0.526, 0.482, 0.54, 0.566, 0.328, 0.486, 0.504, 0.61, 0.52, 0.372, 0.392, 0.656, 0.686, 0.734, 0.596, 0.69, 0.622, 0.642, 0.342, 0.26, 0.328, 0.56, 0.242, 0.414, 0.332, 0.628, 0.424, 0.252, 0.576, 0.632, 0.39, 0.316, 0.422, 0.368, 0.586, 0.374, 0.548, 0.358, 0.328, 0.23, 0.336, 0.298, 0.594, 0.454, 0.502, 0.586, 0.63, 0.5, 0.456, 0.612, 0.3, 0.42, 0.418, 0.354, 0.586, 0.616, 0.444, 0.648, 0.712, 0.398, 0.666, 0.484, 0.378, 0.568, 0.656, 0.472, 0.54, 0.48, 0.576, 0.412, 0.428, 0.322, 0.588, 0.62, 0.482, 0.326, 0.364, 0.494, 0.488, 0.55, 0.648, 0.514, 0.546, 0.558, 0.466, 0.632, 0.41, 0.294, 0.534, 0.512, 0.382, 0.454, 0.686, 0.676, 0.424, 0.34, 0.546, 0.528, 0.362, 0.292, 0.55, 0.636, 0.532, 0.526, 0.28, 0.188, 0.598, 0.546, 0.72, 0.316, 0.56, 0.396, 0.698, 0.61, 0.62, 0.352, 0.574, 0.286, 0.506, 0.588, 0.368, 0.186, 0.514, 0.66, 0.332, 0.638, 0.646, 0.532, 0.322, 0.544, 0.55, 0.532, 0.636, 0.578, 0.72, 0.546, 0.612, 0.496, 0.618, 0.318, 0.312, 0.43, 0.338, 0.536, 0.614, 0.518, 0.71, 0.274, 0.75, 0.728, 0.558, 0.56, 0.582, 0.626, 0.708, 0.436, 0.63, 0.568, 0.468, 0.66, 0.43, 0.524, 0.646, 0.304, 0.632, 0.43, 0.522, 0.58, 0.356, 0.35, 0.468, 0.352, 0.332, 0.46, 0.684, 0.526, 0.494, 0.526, 0.626, 0.542, 0.622, 0.656, 0.422, 0.39, 0.464, 0.518, 0.42, 0.664, 0.742, 0.626, 0.74, 0.444, 0.508, 0.28, 0.522, 0.63, 0.52, 0.556, 0.572, 0.584, 0.468, 0.668, 0.696, 0.456, 0.472, 0.662, 0.452, 0.394, 0.49, 0.394, 0.394, 0.392, 0.38, 0.528, 0.498, 0.362, 0.606, 0.582, 0.618, 0.518, 0.574, 0.524, 0.418, 0.336, 0.526, 0.584, 0.504, 0.354, 0.556, 0.438, 0.528, 0.59, 0.55, 0.506, 0.562, 0.664, 0.322, 0.382, 0.45, 0.53, 0.318, 0.704, 0.64, 0.564, 0.26, 0.624, 0.69, 0.358, 0.398, 0.66, 0.34, 0.298, 0.528, 0.42, 0.618, 0.4, 0.596, 0.628, 0.682, 0.718, 0.356, 0.552, 0.418, 0.468, 0.548, 0.474, 0.544, 0.274, 0.472, 0.708, 0.348, 0.518, 0.414, 0.682, 0.604, 0.238, 0.53, 0.57, 0.572, 0.45, 0.69, 0.604, 0.548, 0.282, 0.536, 0.664, 0.288, 0.734, 0.392, 0.588, 0.522, 0.556, 0.184, 0.506, 0.444, 0.692, 0.32, 0.532, 0.296, 0.48, 0.576, 0.474, 0.316, 0.34, 0.434, 0.584, 0.63, 0.394, 0.23, 0.672, 0.496, 0.516, 0.37, 0.606, 0.498, 0.558, 0.348, 0.652, 0.436, 0.516, 0.376, 0.58, 0.292, 0.732, 0.45, 0.628, 0.692, 0.498, 0.416, 0.73, 0.71, 0.422, 0.384, 0.388, 0.564, 0.316, 0.538, 0.668, 0.494, 0.29, 0.424, 0.676, 0.568, 0.37, 0.684, 0.282, 0.496, 0.648, 0.616, 0.362], "computation-time": 0.6172289848327637, "max-memory-usage": 690749979}