{"auroc": 0.7114833333333335, "aupr": 0.7127307656318888, "y": [0, 0, 0, 1, 0, 1, 0, 0, 0, 1, 1, 1, 0, 1, 1, 0, 0, 1, 0, 0, 0, 0, 0, 1, 1, 1, 1, 0, 0, 0, 0, 1, 1, 0, 1, 0, 1, 1, 1, 1, 1, 1, 1, 1, 0, 1, 1, 1, 0, 0, 1, 0, 0, 1, 1, 0, 1, 0, 0, 0, 1, 0, 1, 1, 1, 1, 0, 1, 0, 0, 1, 0, 1, 1, 1, 0, 1, 0, 1, 0, 1, 0, 0, 1, 1, 1, 1, 1, 1, 1, 0, 0, 0, 0, 1, 0, 0, 1, 1, 0, 0, 1, 0, 1, 0, 1, 0, 0, 1, 1, 1, 0, 1, 0, 0, 0, 1, 0, 1, 0, 0, 1, 1, 0, 0, 1, 0, 0, 1, 0, 1, 1, 0, 1, 0, 1, 0, 1, 0, 0, 0, 1, 1, 0, 0, 1, 1, 0, 0, 0, 1, 0, 1, 0, 0, 1, 1, 1, 1, 0, 1, 1, 0, 0, 0, 0, 1, 1, 0, 1, 1, 1, 0, 0, 0, 0, 1, 0, 1, 0, 1, 0, 1, 0, 0, 1, 0, 0, 0, 0, 1, 1, 0, 0, 0, 1, 0, 1, 0, 0, 0, 1, 1, 1, 0, 0, 1, 1, 1, 1, 0, 0, 1, 0, 0, 0, 1, 1, 0, 0, 1, 1, 0, 0, 1, 0, 0, 0, 0, 1, 0, 0, 1, 1, 1, 1, 0, 0, 0, 1, 0, 0, 1, 0, 0, 1, 1, 0, 0, 1, 1, 0, 0, 0, 0, 1, 0, 0, 1, 1, 1, 1, 1, 0, 1, 1, 0, 0, 1, 0, 1, 1, 0, 0, 0, 0, 1, 1, 1, 1, 1, 0, 1, 1, 1, 0, 0, 1, 1, 0, 0, 0, 1, 1, 1, 1, 0, 0, 1, 1, 0, 0, 1, 1, 1, 1, 0, 1, 1, 0, 0, 1, 0, 1, 1, 0, 0, 0, 1, 1, 0, 0, 0, 1, 0, 0, 0, 0, 1, 0, 1, 1, 1, 1, 0, 1, 0, 0, 0, 1, 0, 0, 1, 0, 1, 0, 0, 1, 1, 0, 0, 1, 0, 0, 0, 0, 1, 1, 1, 0, 0, 0, 1, 1, 0, 0, 0, 0, 1, 1, 0, 0, 0, 0, 1, 1, 1, 1, 0, 1, 0, 1, 1, 1, 1, 1, 0, 1, 0, 0, 1, 0, 1, 1, 1, 1, 1, 0, 0, 0, 1, 0, 0, 1, 1, 0, 0, 1, 1, 0, 0, 1, 1, 0, 0, 1, 1, 1, 1, 1, 1, 0, 1, 0, 1, 1, 0, 0, 1, 0, 0, 1, 0, 0, 1, 1, 1, 1, 0, 0, 1, 0, 1, 0, 0, 1, 1, 1, 0, 0, 1, 1, 1, 0, 0, 0, 0, 0, 1, 0, 0, 0, 0, 0, 1, 0, 0, 1, 1, 0, 1, 0, 0, 0, 1, 1, 0, 1, 0, 1, 1, 1, 1, 1, 0, 1, 1, 0, 0, 1, 0, 0, 1, 1, 1, 1, 1, 1, 1, 0, 1, 1, 0, 0, 1, 1, 1, 0, 1, 1, 0, 0, 0, 1, 0, 0, 0, 0, 0, 1, 1, 1, 1, 0, 1, 0, 1, 0, 1, 0, 0, 1, 1, 1, 1, 0, 1, 1, 0, 0, 0, 0, 0, 0, 0, 1, 0, 1, 1, 0, 0, 0, 1, 0, 1, 0, 1, 1, 0, 1, 1, 0, 1, 1, 0, 0, 1, 0, 0, 1, 1, 1, 0, 0, 0, 0, 1, 1, 1, 0, 0, 1, 0, 0, 1, 1, 1, 1, 1, 0, 0, 1, 0, 0, 1, 1, 1, 1, 1, 0], "y-hat": [0.502, 0.232, 0.672, 0.5, 0.602, 0.596, 0.474, 0.354, 0.484, 0.732, 0.712, 0.774, 0.634, 0.574, 0.458, 0.3, 0.458, 0.748, 0.492, 0.374, 0.526, 0.278, 0.312, 0.652, 0.534, 0.478, 0.446, 0.552, 0.574, 0.304, 0.304, 0.346, 0.494, 0.722, 0.542, 0.642, 0.572, 0.736, 0.57, 0.648, 0.388, 0.614, 0.578, 0.542, 0.488, 0.288, 0.262, 0.558, 0.314, 0.454, 0.68, 0.338, 0.598, 0.558, 0.728, 0.354, 0.746, 0.342, 0.578, 0.286, 0.336, 0.294, 0.576, 0.448, 0.654, 0.684, 0.416, 0.474, 0.506, 0.692, 0.744, 0.224, 0.572, 0.78, 0.684, 0.246, 0.748, 0.538, 0.538, 0.546, 0.574, 0.628, 0.548, 0.638, 0.502, 0.352, 0.164, 0.342, 0.384, 0.488, 0.466, 0.172, 0.578, 0.624, 0.696, 0.46, 0.392, 0.672, 0.732, 0.566, 0.298, 0.416, 0.502, 0.708, 0.654, 0.468, 0.528, 0.588, 0.702, 0.774, 0.4, 0.328, 0.422, 0.452, 0.38, 0.282, 0.786, 0.362, 0.502, 0.202, 0.45, 0.792, 0.73, 0.506, 0.378, 0.568, 0.502, 0.404, 0.712, 0.48, 0.592, 0.344, 0.18, 0.472, 0.426, 0.678, 0.624, 0.716, 0.434, 0.216, 0.356, 0.364, 0.442, 0.364, 0.588, 0.726, 0.31, 0.45, 0.38, 0.562, 0.43, 0.222, 0.672, 0.44, 0.464, 0.526, 0.426, 0.692, 0.416, 0.486, 0.594, 0.71, 0.732, 0.252, 0.45, 0.29, 0.52, 0.86, 0.586, 0.518, 0.658, 0.312, 0.704, 0.33, 0.512, 0.58, 0.596, 0.596, 0.634, 0.476, 0.6, 0.792, 0.368, 0.308, 0.564, 0.446, 0.368, 0.448, 0.446, 0.402, 0.396, 0.78, 0.408, 0.574, 0.312, 0.68, 0.546, 0.43, 0.44, 0.31, 0.168, 0.634, 0.766, 0.578, 0.408, 0.332, 0.584, 0.492, 0.412, 0.468, 0.32, 0.652, 0.418, 0.51, 0.442, 0.636, 0.632, 0.836, 0.212, 0.586, 0.416, 0.734, 0.566, 0.472, 0.674, 0.552, 0.236, 0.504, 0.228, 0.476, 0.594, 0.562, 0.594, 0.758, 0.446, 0.518, 0.506, 0.406, 0.24, 0.6, 0.404, 0.602, 0.788, 0.478, 0.514, 0.894, 0.472, 0.46, 0.456, 0.526, 0.498, 0.45, 0.566, 0.584, 0.282, 0.454, 0.504, 0.362, 0.448, 0.504, 0.558, 0.79, 0.692, 0.358, 0.798, 0.632, 0.638, 0.548, 0.52, 0.2, 0.496, 0.578, 0.34, 0.362, 0.266, 0.784, 0.548, 0.488, 0.618, 0.588, 0.34, 0.502, 0.48, 0.39, 0.508, 0.4, 0.54, 0.128, 0.424, 0.302, 0.262, 0.43, 0.52, 0.634, 0.612, 0.798, 0.536, 0.602, 0.55, 0.428, 0.382, 0.58, 0.446, 0.488, 0.43, 0.656, 0.276, 0.576, 0.644, 0.202, 0.664, 0.606, 0.172, 0.512, 0.698, 0.328, 0.53, 0.266, 0.546, 0.574, 0.224, 0.25, 0.672, 0.634, 0.604, 0.464, 0.18, 0.512, 0.538, 0.404, 0.738, 0.658, 0.614, 0.726, 0.362, 0.662, 0.252, 0.14, 0.496, 0.548, 0.518, 0.25, 0.738, 0.596, 0.634, 0.214, 0.566, 0.538, 0.298, 0.57, 0.564, 0.782, 0.508, 0.314, 0.252, 0.504, 0.756, 0.608, 0.734, 0.312, 0.458, 0.46, 0.57, 0.376, 0.622, 0.38, 0.598, 0.26, 0.672, 0.584, 0.208, 0.3, 0.508, 0.472, 0.296, 0.742, 0.492, 0.572, 0.402, 0.65, 0.31, 0.556, 0.614, 0.506, 0.696, 0.666, 0.292, 0.47, 0.54, 0.356, 0.588, 0.594, 0.42, 0.546, 0.748, 0.704, 0.724, 0.286, 0.316, 0.566, 0.482, 0.604, 0.544, 0.532, 0.806, 0.23, 0.55, 0.59, 0.284, 0.596, 0.292, 0.72, 0.674, 0.24, 0.548, 0.434, 0.504, 0.266, 0.498, 0.44, 0.408, 0.446, 0.322, 0.364, 0.608, 0.574, 0.476, 0.472, 0.544, 0.504, 0.502, 0.654, 0.46, 0.354, 0.438, 0.624, 0.284, 0.584, 0.572, 0.242, 0.608, 0.304, 0.644, 0.192, 0.358, 0.484, 0.246, 0.746, 0.496, 0.5, 0.71, 0.756, 0.628, 0.57, 0.518, 0.478, 0.534, 0.31, 0.61, 0.522, 0.314, 0.494, 0.412, 0.652, 0.548, 0.258, 0.706, 0.596, 0.658, 0.33, 0.454, 0.648, 0.39, 0.414, 0.594, 0.51, 0.542, 0.274, 0.564, 0.45, 0.364, 0.652, 0.574, 0.382, 0.606, 0.79, 0.256, 0.332, 0.472, 0.536, 0.308, 0.65, 0.746, 0.716, 0.398, 0.68, 0.592, 0.414, 0.578, 0.548, 0.396, 0.5, 0.548, 0.268, 0.662, 0.332, 0.584, 0.664, 0.636, 0.612, 0.278, 0.528, 0.47, 0.378, 0.63, 0.48, 0.41, 0.324, 0.41, 0.668, 0.398, 0.442, 0.458, 0.698, 0.562, 0.462, 0.24, 0.506, 0.508, 0.358, 0.558, 0.592, 0.492, 0.456, 0.592, 0.83, 0.48, 0.716, 0.4, 0.52, 0.558, 0.686, 0.276, 0.5, 0.262, 0.544, 0.408, 0.378, 0.372, 0.214, 0.548, 0.298, 0.372, 0.306, 0.538, 0.704, 0.736, 0.552, 0.268, 0.638, 0.708, 0.626, 0.42, 0.408, 0.444, 0.412, 0.54, 0.508, 0.374, 0.48, 0.42, 0.778, 0.188, 0.68, 0.296, 0.574, 0.57, 0.558, 0.38, 0.552, 0.682, 0.64, 0.202, 0.3, 0.638, 0.354, 0.56, 0.53, 0.574, 0.262, 0.452, 0.686, 0.458, 0.332, 0.314, 0.572, 0.354, 0.704, 0.466, 0.302], "computation-time": 76.6039469242096, "max-memory-usage": 778456149}