{"auroc": 0.6123777777777778, "aupr": 0.6312331089567214, "y": [0, 0, 0, 1, 0, 1, 0, 0, 0, 1, 1, 1, 0, 1, 1, 0, 0, 1, 0, 0, 0, 0, 0, 1, 1, 1, 1, 0, 0, 0, 0, 1, 1, 0, 1, 0, 1, 1, 1, 1, 1, 1, 1, 1, 0, 1, 1, 1, 0, 0, 1, 0, 0, 1, 1, 0, 1, 0, 0, 0, 1, 0, 1, 1, 1, 1, 0, 1, 0, 0, 1, 0, 1, 1, 1, 0, 1, 0, 1, 0, 1, 0, 0, 1, 1, 1, 1, 1, 1, 1, 0, 0, 0, 0, 1, 0, 0, 1, 1, 0, 0, 1, 0, 1, 0, 1, 0, 0, 1, 1, 1, 0, 1, 0, 0, 0, 1, 0, 1, 0, 0, 1, 1, 0, 0, 1, 0, 0, 1, 0, 1, 1, 0, 1, 0, 1, 0, 1, 0, 0, 0, 1, 1, 0, 0, 1, 1, 0, 0, 0, 1, 0, 1, 0, 0, 1, 1, 1, 1, 0, 1, 1, 0, 0, 0, 0, 1, 1, 0, 1, 1, 1, 0, 0, 0, 0, 1, 0, 1, 0, 1, 0, 1, 0, 0, 1, 0, 0, 0, 0, 1, 1, 0, 0, 0, 1, 0, 1, 0, 0, 0, 1, 1, 1, 0, 0, 1, 1, 1, 1, 0, 0, 1, 0, 0, 0, 1, 1, 0, 0, 1, 1, 0, 0, 1, 0, 0, 0, 0, 1, 0, 0, 1, 1, 1, 1, 0, 0, 0, 1, 0, 0, 1, 0, 0, 1, 1, 0, 0, 1, 1, 0, 0, 0, 0, 1, 0, 0, 1, 1, 1, 1, 1, 0, 1, 1, 0, 0, 1, 0, 1, 1, 0, 0, 0, 0, 1, 1, 1, 1, 1, 0, 1, 1, 1, 0, 0, 1, 1, 0, 0, 0, 1, 1, 1, 1, 0, 0, 1, 1, 0, 0, 1, 1, 1, 1, 0, 1, 1, 0, 0, 1, 0, 1, 1, 0, 0, 0, 1, 1, 0, 0, 0, 1, 0, 0, 0, 0, 1, 0, 1, 1, 1, 1, 0, 1, 0, 0, 0, 1, 0, 0, 1, 0, 1, 0, 0, 1, 1, 0, 0, 1, 0, 0, 0, 0, 1, 1, 1, 0, 0, 0, 1, 1, 0, 0, 0, 0, 1, 1, 0, 0, 0, 0, 1, 1, 1, 1, 0, 1, 0, 1, 1, 1, 1, 1, 0, 1, 0, 0, 1, 0, 1, 1, 1, 1, 1, 0, 0, 0, 1, 0, 0, 1, 1, 0, 0, 1, 1, 0, 0, 1, 1, 0, 0, 1, 1, 1, 1, 1, 1, 0, 1, 0, 1, 1, 0, 0, 1, 0, 0, 1, 0, 0, 1, 1, 1, 1, 0, 0, 1, 0, 1, 0, 0, 1, 1, 1, 0, 0, 1, 1, 1, 0, 0, 0, 0, 0, 1, 0, 0, 0, 0, 0, 1, 0, 0, 1, 1, 0, 1, 0, 0, 0, 1, 1, 0, 1, 0, 1, 1, 1, 1, 1, 0, 1, 1, 0, 0, 1, 0, 0, 1, 1, 1, 1, 1, 1, 1, 0, 1, 1, 0, 0, 1, 1, 1, 0, 1, 1, 0, 0, 0, 1, 0, 0, 0, 0, 0, 1, 1, 1, 1, 0, 1, 0, 1, 0, 1, 0, 0, 1, 1, 1, 1, 0, 1, 1, 0, 0, 0, 0, 0, 0, 0, 1, 0, 1, 1, 0, 0, 0, 1, 0, 1, 0, 1, 1, 0, 1, 1, 0, 1, 1, 0, 0, 1, 0, 0, 1, 1, 1, 0, 0, 0, 0, 1, 1, 1, 0, 0, 1, 0, 0, 1, 1, 1, 1, 1, 0, 0, 1, 0, 0, 1, 1, 1, 1, 1, 0], "y-hat": [0.458, 0.51, 0.324, 0.496, 0.446, 0.548, 0.47, 0.434, 0.454, 0.772, 0.534, 0.506, 0.502, 0.532, 0.6, 0.582, 0.528, 0.722, 0.406, 0.416, 0.542, 0.5, 0.432, 0.45, 0.402, 0.428, 0.408, 0.38, 0.478, 0.488, 0.44, 0.452, 0.444, 0.51, 0.58, 0.462, 0.552, 0.658, 0.5, 0.49, 0.426, 0.492, 0.516, 0.438, 0.43, 0.516, 0.488, 0.506, 0.464, 0.502, 0.41, 0.48, 0.508, 0.43, 0.438, 0.536, 0.582, 0.414, 0.486, 0.484, 0.488, 0.45, 0.488, 0.452, 0.784, 0.484, 0.392, 0.51, 0.32, 0.544, 0.448, 0.576, 0.458, 0.598, 0.49, 0.4, 0.658, 0.406, 0.6, 0.506, 0.434, 0.502, 0.39, 0.45, 0.664, 0.456, 0.582, 0.494, 0.476, 0.488, 0.512, 0.454, 0.458, 0.496, 0.638, 0.514, 0.428, 0.472, 0.498, 0.464, 0.492, 0.466, 0.392, 0.562, 0.424, 0.478, 0.392, 0.506, 0.598, 0.658, 0.568, 0.52, 0.542, 0.504, 0.42, 0.504, 0.538, 0.336, 0.442, 0.584, 0.42, 0.386, 0.486, 0.444, 0.478, 0.608, 0.484, 0.64, 0.654, 0.454, 0.328, 0.398, 0.474, 0.47, 0.526, 0.58, 0.69, 0.394, 0.424, 0.476, 0.49, 0.392, 0.476, 0.294, 0.65, 0.494, 0.492, 0.564, 0.432, 0.452, 0.392, 0.548, 0.466, 0.424, 0.46, 0.458, 0.538, 0.592, 0.546, 0.4, 0.458, 0.532, 0.508, 0.43, 0.454, 0.364, 0.47, 0.762, 0.578, 0.388, 0.726, 0.428, 0.424, 0.474, 0.53, 0.4, 0.474, 0.482, 0.556, 0.398, 0.482, 0.506, 0.512, 0.604, 0.458, 0.586, 0.55, 0.564, 0.364, 0.548, 0.544, 0.738, 0.43, 0.43, 0.486, 0.656, 0.58, 0.498, 0.412, 0.526, 0.462, 0.55, 0.762, 0.496, 0.358, 0.438, 0.484, 0.482, 0.542, 0.546, 0.446, 0.62, 0.558, 0.524, 0.404, 0.42, 0.494, 0.432, 0.39, 0.592, 0.518, 0.584, 0.43, 0.488, 0.656, 0.446, 0.504, 0.556, 0.524, 0.532, 0.514, 0.524, 0.486, 0.532, 0.514, 0.426, 0.468, 0.442, 0.396, 0.5, 0.406, 0.422, 0.456, 0.468, 0.352, 0.734, 0.422, 0.544, 0.538, 0.404, 0.476, 0.416, 0.574, 0.434, 0.496, 0.44, 0.494, 0.478, 0.476, 0.354, 0.55, 0.578, 0.716, 0.346, 0.578, 0.564, 0.504, 0.546, 0.312, 0.576, 0.556, 0.472, 0.432, 0.544, 0.366, 0.65, 0.558, 0.424, 0.472, 0.548, 0.422, 0.48, 0.434, 0.524, 0.512, 0.508, 0.528, 0.408, 0.494, 0.462, 0.412, 0.46, 0.522, 0.752, 0.518, 0.58, 0.414, 0.498, 0.424, 0.51, 0.384, 0.558, 0.578, 0.506, 0.53, 0.618, 0.454, 0.408, 0.39, 0.554, 0.524, 0.696, 0.46, 0.482, 0.698, 0.606, 0.584, 0.46, 0.534, 0.532, 0.542, 0.524, 0.69, 0.576, 0.524, 0.444, 0.45, 0.54, 0.608, 0.474, 0.52, 0.528, 0.362, 0.534, 0.544, 0.428, 0.482, 0.466, 0.37, 0.506, 0.45, 0.446, 0.466, 0.538, 0.494, 0.552, 0.464, 0.506, 0.516, 0.472, 0.514, 0.52, 0.408, 0.518, 0.516, 0.512, 0.48, 0.45, 0.454, 0.462, 0.504, 0.562, 0.574, 0.45, 0.43, 0.462, 0.508, 0.412, 0.436, 0.55, 0.516, 0.452, 0.538, 0.446, 0.494, 0.486, 0.488, 0.564, 0.486, 0.45, 0.464, 0.462, 0.658, 0.496, 0.548, 0.642, 0.454, 0.48, 0.638, 0.476, 0.506, 0.504, 0.444, 0.506, 0.482, 0.56, 0.504, 0.606, 0.45, 0.454, 0.47, 0.49, 0.508, 0.47, 0.718, 0.426, 0.348, 0.422, 0.576, 0.496, 0.594, 0.59, 0.482, 0.498, 0.48, 0.468, 0.478, 0.456, 0.436, 0.51, 0.472, 0.44, 0.442, 0.47, 0.478, 0.566, 0.438, 0.47, 0.46, 0.494, 0.58, 0.454, 0.44, 0.43, 0.464, 0.494, 0.408, 0.534, 0.432, 0.514, 0.396, 0.43, 0.498, 0.528, 0.56, 0.584, 0.648, 0.604, 0.376, 0.404, 0.58, 0.626, 0.464, 0.458, 0.476, 0.458, 0.378, 0.448, 0.452, 0.526, 0.402, 0.52, 0.456, 0.494, 0.54, 0.57, 0.516, 0.516, 0.382, 0.518, 0.52, 0.52, 0.456, 0.434, 0.478, 0.384, 0.452, 0.556, 0.444, 0.502, 0.436, 0.542, 0.462, 0.502, 0.53, 0.552, 0.492, 0.596, 0.492, 0.53, 0.41, 0.364, 0.548, 0.532, 0.44, 0.458, 0.444, 0.574, 0.504, 0.63, 0.496, 0.498, 0.536, 0.508, 0.448, 0.496, 0.654, 0.58, 0.482, 0.432, 0.476, 0.44, 0.488, 0.554, 0.5, 0.458, 0.406, 0.498, 0.424, 0.54, 0.578, 0.452, 0.412, 0.482, 0.592, 0.55, 0.442, 0.532, 0.446, 0.462, 0.386, 0.482, 0.584, 0.47, 0.6, 0.514, 0.532, 0.728, 0.416, 0.4, 0.444, 0.5, 0.51, 0.54, 0.406, 0.58, 0.524, 0.6, 0.498, 0.51, 0.596, 0.394, 0.474, 0.526, 0.532, 0.46, 0.366, 0.45, 0.536, 0.56, 0.556, 0.506, 0.422, 0.508, 0.454, 0.338, 0.43, 0.482, 0.552, 0.554, 0.468, 0.474, 0.406, 0.51, 0.388, 0.458, 0.464, 0.552, 0.46, 0.556, 0.542, 0.834, 0.456, 0.538, 0.448, 0.508, 0.648, 0.552, 0.532, 0.46, 0.316, 0.52, 0.524, 0.592, 0.456, 0.514, 0.484, 0.604, 0.396, 0.518], "computation-time": 0.00558781623840332, "max-memory-usage": 2514614303}