{"auroc": 0.7521166666666667, "aupr": 0.7696996470934623, "y": [0, 0, 0, 1, 0, 1, 0, 0, 0, 1, 1, 1, 0, 1, 1, 0, 0, 1, 0, 0, 0, 0, 0, 1, 1, 1, 1, 0, 0, 0, 0, 1, 1, 0, 1, 0, 1, 1, 1, 1, 1, 1, 1, 1, 0, 1, 1, 1, 0, 0, 1, 0, 0, 1, 1, 0, 1, 0, 0, 0, 1, 0, 1, 1, 1, 1, 0, 1, 0, 0, 1, 0, 1, 1, 1, 0, 1, 0, 1, 0, 1, 0, 0, 1, 1, 1, 1, 1, 1, 1, 0, 0, 0, 0, 1, 0, 0, 1, 1, 0, 0, 1, 0, 1, 0, 1, 0, 0, 1, 1, 1, 0, 1, 0, 0, 0, 1, 0, 1, 0, 0, 1, 1, 0, 0, 1, 0, 0, 1, 0, 1, 1, 0, 1, 0, 1, 0, 1, 0, 0, 0, 1, 1, 0, 0, 1, 1, 0, 0, 0, 1, 0, 1, 0, 0, 1, 1, 1, 1, 0, 1, 1, 0, 0, 0, 0, 1, 1, 0, 1, 1, 1, 0, 0, 0, 0, 1, 0, 1, 0, 1, 0, 1, 0, 0, 1, 0, 0, 0, 0, 1, 1, 0, 0, 0, 1, 0, 1, 0, 0, 0, 1, 1, 1, 0, 0, 1, 1, 1, 1, 0, 0, 1, 0, 0, 0, 1, 1, 0, 0, 1, 1, 0, 0, 1, 0, 0, 0, 0, 1, 0, 0, 1, 1, 1, 1, 0, 0, 0, 1, 0, 0, 1, 0, 0, 1, 1, 0, 0, 1, 1, 0, 0, 0, 0, 1, 0, 0, 1, 1, 1, 1, 1, 0, 1, 1, 0, 0, 1, 0, 1, 1, 0, 0, 0, 0, 1, 1, 1, 1, 1, 0, 1, 1, 1, 0, 0, 1, 1, 0, 0, 0, 1, 1, 1, 1, 0, 0, 1, 1, 0, 0, 1, 1, 1, 1, 0, 1, 1, 0, 0, 1, 0, 1, 1, 0, 0, 0, 1, 1, 0, 0, 0, 1, 0, 0, 0, 0, 1, 0, 1, 1, 1, 1, 0, 1, 0, 0, 0, 1, 0, 0, 1, 0, 1, 0, 0, 1, 1, 0, 0, 1, 0, 0, 0, 0, 1, 1, 1, 0, 0, 0, 1, 1, 0, 0, 0, 0, 1, 1, 0, 0, 0, 0, 1, 1, 1, 1, 0, 1, 0, 1, 1, 1, 1, 1, 0, 1, 0, 0, 1, 0, 1, 1, 1, 1, 1, 0, 0, 0, 1, 0, 0, 1, 1, 0, 0, 1, 1, 0, 0, 1, 1, 0, 0, 1, 1, 1, 1, 1, 1, 0, 1, 0, 1, 1, 0, 0, 1, 0, 0, 1, 0, 0, 1, 1, 1, 1, 0, 0, 1, 0, 1, 0, 0, 1, 1, 1, 0, 0, 1, 1, 1, 0, 0, 0, 0, 0, 1, 0, 0, 0, 0, 0, 1, 0, 0, 1, 1, 0, 1, 0, 0, 0, 1, 1, 0, 1, 0, 1, 1, 1, 1, 1, 0, 1, 1, 0, 0, 1, 0, 0, 1, 1, 1, 1, 1, 1, 1, 0, 1, 1, 0, 0, 1, 1, 1, 0, 1, 1, 0, 0, 0, 1, 0, 0, 0, 0, 0, 1, 1, 1, 1, 0, 1, 0, 1, 0, 1, 0, 0, 1, 1, 1, 1, 0, 1, 1, 0, 0, 0, 0, 0, 0, 0, 1, 0, 1, 1, 0, 0, 0, 1, 0, 1, 0, 1, 1, 0, 1, 1, 0, 1, 1, 0, 0, 1, 0, 0, 1, 1, 1, 0, 0, 0, 0, 1, 1, 1, 0, 0, 1, 0, 0, 1, 1, 1, 1, 1, 0, 0, 1, 0, 0, 1, 1, 1, 1, 1, 0], "y-hat": [0.44, 0.378, 0.57, 0.49, 0.416, 0.8, 0.388, 0.22, 0.498, 0.518, 0.612, 0.722, 0.56, 0.504, 0.46, 0.342, 0.42, 0.868, 0.316, 0.532, 0.364, 0.352, 0.464, 0.484, 0.474, 0.38, 0.44, 0.572, 0.532, 0.244, 0.25, 0.492, 0.516, 0.564, 0.53, 0.572, 0.4, 0.736, 0.542, 0.512, 0.35, 0.812, 0.678, 0.348, 0.422, 0.58, 0.318, 0.596, 0.274, 0.428, 0.86, 0.508, 0.536, 0.688, 0.76, 0.4, 0.73, 0.376, 0.52, 0.22, 0.576, 0.354, 0.452, 0.446, 0.606, 0.404, 0.248, 0.476, 0.47, 0.756, 0.68, 0.446, 0.524, 0.676, 0.642, 0.568, 0.622, 0.402, 0.43, 0.372, 0.418, 0.808, 0.592, 0.89, 0.412, 0.284, 0.294, 0.434, 0.444, 0.48, 0.336, 0.252, 0.4, 0.408, 0.59, 0.532, 0.304, 0.546, 0.86, 0.64, 0.336, 0.27, 0.562, 0.77, 0.56, 0.526, 0.484, 0.652, 0.874, 0.564, 0.444, 0.496, 0.56, 0.426, 0.28, 0.412, 0.556, 0.136, 0.306, 0.41, 0.44, 0.716, 0.65, 0.522, 0.372, 0.602, 0.472, 0.228, 0.622, 0.586, 0.562, 0.39, 0.496, 0.488, 0.494, 0.674, 0.584, 0.54, 0.454, 0.274, 0.178, 0.446, 0.586, 0.35, 0.396, 0.608, 0.426, 0.406, 0.214, 0.354, 0.488, 0.34, 0.874, 0.32, 0.442, 0.614, 0.596, 0.844, 0.268, 0.554, 0.482, 0.834, 0.656, 0.31, 0.222, 0.222, 0.48, 0.744, 0.344, 0.448, 0.67, 0.688, 0.588, 0.414, 0.476, 0.888, 0.414, 0.52, 0.532, 0.318, 0.506, 0.526, 0.48, 0.244, 0.182, 0.388, 0.276, 0.41, 0.186, 0.376, 0.386, 0.802, 0.284, 0.52, 0.468, 0.752, 0.4, 0.416, 0.468, 0.394, 0.444, 0.642, 0.622, 0.784, 0.294, 0.234, 0.558, 0.862, 0.588, 0.31, 0.354, 0.488, 0.474, 0.406, 0.424, 0.546, 0.9, 0.902, 0.292, 0.406, 0.408, 0.532, 0.462, 0.382, 0.648, 0.448, 0.474, 0.366, 0.376, 0.632, 0.38, 0.412, 0.386, 0.412, 0.51, 0.878, 0.444, 0.416, 0.326, 0.634, 0.31, 0.376, 0.898, 0.408, 0.45, 0.854, 0.366, 0.422, 0.494, 0.44, 0.574, 0.556, 0.684, 0.484, 0.298, 0.748, 0.424, 0.372, 0.492, 0.484, 0.578, 0.81, 0.916, 0.406, 0.768, 0.524, 0.582, 0.458, 0.414, 0.296, 0.636, 0.442, 0.276, 0.284, 0.318, 0.558, 0.426, 0.504, 0.51, 0.808, 0.47, 0.456, 0.33, 0.268, 0.626, 0.382, 0.638, 0.322, 0.528, 0.464, 0.44, 0.466, 0.612, 0.746, 0.662, 0.852, 0.616, 0.642, 0.28, 0.412, 0.51, 0.352, 0.636, 0.41, 0.482, 0.87, 0.366, 0.426, 0.558, 0.242, 0.676, 0.766, 0.212, 0.43, 0.856, 0.418, 0.376, 0.476, 0.838, 0.598, 0.482, 0.366, 0.62, 0.696, 0.394, 0.426, 0.266, 0.338, 0.588, 0.526, 0.888, 0.636, 0.816, 0.478, 0.26, 0.558, 0.356, 0.212, 0.556, 0.602, 0.536, 0.25, 0.762, 0.354, 0.456, 0.288, 0.548, 0.668, 0.724, 0.408, 0.414, 0.676, 0.412, 0.524, 0.244, 0.424, 0.976, 0.448, 0.728, 0.25, 0.42, 0.358, 0.422, 0.618, 0.746, 0.308, 0.526, 0.348, 0.628, 0.854, 0.252, 0.392, 0.682, 0.448, 0.434, 0.712, 0.706, 0.502, 0.486, 0.896, 0.438, 0.742, 0.822, 0.68, 0.526, 0.604, 0.664, 0.708, 0.422, 0.372, 0.526, 0.586, 0.442, 0.506, 0.614, 0.778, 0.794, 0.216, 0.58, 0.48, 0.476, 0.456, 0.46, 0.648, 0.83, 0.408, 0.51, 0.774, 0.524, 0.362, 0.316, 0.678, 0.598, 0.474, 0.538, 0.458, 0.37, 0.516, 0.406, 0.358, 0.278, 0.472, 0.348, 0.41, 0.402, 0.552, 0.458, 0.49, 0.624, 0.722, 0.528, 0.666, 0.23, 0.39, 0.376, 0.594, 0.342, 0.482, 0.606, 0.46, 0.828, 0.374, 0.574, 0.204, 0.438, 0.646, 0.514, 0.838, 0.248, 0.496, 0.6, 0.63, 0.464, 0.49, 0.412, 0.506, 0.54, 0.324, 0.308, 0.5, 0.35, 0.454, 0.276, 0.706, 0.522, 0.448, 0.634, 0.594, 0.702, 0.592, 0.502, 0.394, 0.258, 0.372, 0.464, 0.866, 0.462, 0.446, 0.402, 0.552, 0.344, 0.934, 0.648, 0.614, 0.476, 0.574, 0.424, 0.43, 0.502, 0.672, 0.242, 0.528, 0.804, 0.83, 0.452, 0.734, 0.562, 0.492, 0.704, 0.536, 0.366, 0.414, 0.5, 0.422, 0.574, 0.278, 0.398, 0.75, 0.53, 0.588, 0.204, 0.508, 0.498, 0.51, 0.53, 0.394, 0.658, 0.328, 0.306, 0.666, 0.488, 0.366, 0.324, 0.498, 0.59, 0.478, 0.878, 0.472, 0.67, 0.456, 0.512, 0.64, 0.642, 0.566, 0.624, 0.712, 0.48, 0.924, 0.496, 0.562, 0.57, 0.446, 0.4, 0.564, 0.19, 0.74, 0.374, 0.374, 0.366, 0.284, 0.522, 0.462, 0.362, 0.232, 0.636, 0.436, 0.428, 0.388, 0.538, 0.41, 0.666, 0.698, 0.61, 0.658, 0.558, 0.372, 0.404, 0.416, 0.338, 0.576, 0.41, 0.628, 0.3, 0.392, 0.256, 0.402, 0.88, 0.384, 0.378, 0.476, 0.62, 0.716, 0.45, 0.49, 0.604, 0.534, 0.802, 0.358, 0.484, 0.302, 0.424, 0.838, 0.584, 0.236, 0.37, 0.586, 0.436, 0.856, 0.544, 0.372], "computation-time": 387.2344570159912, "max-memory-usage": 2412534730}