{"auroc": 0.6353333333333333, "aupr": 0.594695972039277, "y": [0, 0, 0, 1, 0, 1, 0, 0, 0, 1, 1, 1, 0, 1, 1, 0, 0, 1, 0, 0, 0, 0, 0, 1, 1, 1, 1, 0, 0, 0, 0, 1, 1, 0, 1, 0, 1, 1, 1, 1, 1, 1, 1, 1, 0, 1, 1, 1, 0, 0, 1, 0, 0, 1, 1, 0, 1, 0, 0, 0, 1, 0, 1, 1, 1, 1, 0, 1, 0, 0, 1, 0, 1, 1, 1, 0, 1, 0, 1, 0, 1, 0, 0, 1, 1, 1, 1, 1, 1, 1, 0, 0, 0, 0, 1, 0, 0, 1, 1, 0, 0, 1, 0, 1, 0, 1, 0, 0, 1, 1, 1, 0, 1, 0, 0, 0, 1, 0, 1, 0, 0, 1, 1, 0, 0, 1, 0, 0, 1, 0, 1, 1, 0, 1, 0, 1, 0, 1, 0, 0, 0, 1, 1, 0, 0, 1, 1, 0, 0, 0, 1, 0, 1, 0, 0, 1, 1, 1, 1, 0, 1, 1, 0, 0, 0, 0, 1, 1, 0, 1, 1, 1, 0, 0, 0, 0, 1, 0, 1, 0, 1, 0, 1, 0, 0, 1, 0, 0, 0, 0, 1, 1, 0, 0, 0, 1, 0, 1, 0, 0, 0, 1, 1, 1, 0, 0, 1, 1, 1, 1, 0, 0, 1, 0, 0, 0, 1, 1, 0, 0, 1, 1, 0, 0, 1, 0, 0, 0, 0, 1, 0, 0, 1, 1, 1, 1, 0, 0, 0, 1, 0, 0, 1, 0, 0, 1, 1, 0, 0, 1, 1, 0, 0, 0, 0, 1, 0, 0, 1, 1, 1, 1, 1, 0, 1, 1, 0, 0, 1, 0, 1, 1, 0, 0, 0, 0, 1, 1, 1, 1, 1, 0, 1, 1, 1, 0, 0, 1, 1, 0, 0, 0, 1, 1, 1, 1, 0, 0, 1, 1, 0, 0, 1, 1, 1, 1, 0, 1, 1, 0, 0, 1, 0, 1, 1, 0, 0, 0, 1, 1, 0, 0, 0, 1, 0, 0, 0, 0, 1, 0, 1, 1, 1, 1, 0, 1, 0, 0, 0, 1, 0, 0, 1, 0, 1, 0, 0, 1, 1, 0, 0, 1, 0, 0, 0, 0, 1, 1, 1, 0, 0, 0, 1, 1, 0, 0, 0, 0, 1, 1, 0, 0, 0, 0, 1, 1, 1, 1, 0, 1, 0, 1, 1, 1, 1, 1, 0, 1, 0, 0, 1, 0, 1, 1, 1, 1, 1, 0, 0, 0, 1, 0, 0, 1, 1, 0, 0, 1, 1, 0, 0, 1, 1, 0, 0, 1, 1, 1, 1, 1, 1, 0, 1, 0, 1, 1, 0, 0, 1, 0, 0, 1, 0, 0, 1, 1, 1, 1, 0, 0, 1, 0, 1, 0, 0, 1, 1, 1, 0, 0, 1, 1, 1, 0, 0, 0, 0, 0, 1, 0, 0, 0, 0, 0, 1, 0, 0, 1, 1, 0, 1, 0, 0, 0, 1, 1, 0, 1, 0, 1, 1, 1, 1, 1, 0, 1, 1, 0, 0, 1, 0, 0, 1, 1, 1, 1, 1, 1, 1, 0, 1, 1, 0, 0, 1, 1, 1, 0, 1, 1, 0, 0, 0, 1, 0, 0, 0, 0, 0, 1, 1, 1, 1, 0, 1, 0, 1, 0, 1, 0, 0, 1, 1, 1, 1, 0, 1, 1, 0, 0, 0, 0, 0, 0, 0, 1, 0, 1, 1, 0, 0, 0, 1, 0, 1, 0, 1, 1, 0, 1, 1, 0, 1, 1, 0, 0, 1, 0, 0, 1, 1, 1, 0, 0, 0, 0, 1, 1, 1, 0, 0, 1, 0, 0, 1, 1, 1, 1, 1, 0, 0, 1, 0, 0, 1, 1, 1, 1, 1, 0], "y-hat": [0.536, 0.328, 0.564, 0.382, 0.57, 0.47, 0.532, 0.406, 0.468, 0.7, 0.706, 0.568, 0.592, 0.544, 0.506, 0.344, 0.566, 0.62, 0.304, 0.596, 0.252, 0.252, 0.27, 0.562, 0.358, 0.432, 0.35, 0.478, 0.31, 0.244, 0.386, 0.384, 0.548, 0.758, 0.65, 0.576, 0.422, 0.532, 0.778, 0.652, 0.436, 0.69, 0.6, 0.358, 0.622, 0.28, 0.424, 0.512, 0.428, 0.274, 0.516, 0.694, 0.596, 0.628, 0.624, 0.656, 0.508, 0.392, 0.476, 0.384, 0.316, 0.49, 0.63, 0.408, 0.684, 0.746, 0.29, 0.508, 0.34, 0.442, 0.48, 0.398, 0.47, 0.608, 0.504, 0.33, 0.5, 0.512, 0.488, 0.4, 0.544, 0.408, 0.43, 0.556, 0.492, 0.35, 0.342, 0.322, 0.402, 0.36, 0.36, 0.43, 0.592, 0.598, 0.604, 0.48, 0.376, 0.624, 0.63, 0.712, 0.27, 0.368, 0.526, 0.562, 0.464, 0.424, 0.254, 0.518, 0.45, 0.53, 0.462, 0.39, 0.572, 0.542, 0.392, 0.402, 0.652, 0.362, 0.324, 0.254, 0.382, 0.674, 0.728, 0.474, 0.312, 0.676, 0.648, 0.32, 0.59, 0.4, 0.564, 0.308, 0.33, 0.42, 0.216, 0.57, 0.516, 0.628, 0.422, 0.27, 0.386, 0.422, 0.41, 0.394, 0.736, 0.616, 0.264, 0.67, 0.326, 0.348, 0.48, 0.51, 0.57, 0.368, 0.262, 0.562, 0.436, 0.644, 0.56, 0.696, 0.258, 0.698, 0.768, 0.224, 0.332, 0.498, 0.492, 0.548, 0.544, 0.536, 0.644, 0.542, 0.64, 0.452, 0.614, 0.604, 0.444, 0.656, 0.608, 0.412, 0.57, 0.63, 0.438, 0.522, 0.328, 0.346, 0.25, 0.62, 0.33, 0.42, 0.312, 0.63, 0.366, 0.438, 0.7, 0.622, 0.316, 0.574, 0.438, 0.388, 0.276, 0.652, 0.602, 0.556, 0.448, 0.368, 0.636, 0.472, 0.522, 0.46, 0.462, 0.666, 0.412, 0.434, 0.334, 0.694, 0.562, 0.592, 0.246, 0.642, 0.328, 0.668, 0.468, 0.36, 0.71, 0.476, 0.714, 0.558, 0.248, 0.44, 0.368, 0.608, 0.326, 0.506, 0.434, 0.648, 0.342, 0.428, 0.258, 0.35, 0.396, 0.486, 0.674, 0.536, 0.418, 0.674, 0.388, 0.358, 0.346, 0.59, 0.596, 0.482, 0.486, 0.612, 0.326, 0.504, 0.532, 0.618, 0.43, 0.446, 0.468, 0.714, 0.682, 0.738, 0.604, 0.642, 0.7, 0.718, 0.382, 0.294, 0.37, 0.574, 0.248, 0.388, 0.326, 0.636, 0.432, 0.354, 0.572, 0.562, 0.382, 0.374, 0.516, 0.314, 0.53, 0.386, 0.508, 0.408, 0.298, 0.21, 0.432, 0.244, 0.644, 0.404, 0.544, 0.734, 0.71, 0.43, 0.424, 0.644, 0.254, 0.444, 0.48, 0.316, 0.59, 0.646, 0.456, 0.612, 0.668, 0.544, 0.622, 0.588, 0.344, 0.608, 0.686, 0.444, 0.59, 0.5, 0.622, 0.372, 0.47, 0.378, 0.568, 0.618, 0.554, 0.31, 0.372, 0.478, 0.448, 0.536, 0.596, 0.516, 0.496, 0.582, 0.446, 0.598, 0.362, 0.262, 0.568, 0.524, 0.416, 0.498, 0.63, 0.702, 0.406, 0.386, 0.54, 0.492, 0.37, 0.398, 0.558, 0.66, 0.552, 0.496, 0.294, 0.22, 0.688, 0.538, 0.712, 0.372, 0.544, 0.44, 0.696, 0.474, 0.562, 0.424, 0.566, 0.368, 0.582, 0.576, 0.33, 0.154, 0.498, 0.73, 0.322, 0.632, 0.67, 0.474, 0.33, 0.586, 0.586, 0.484, 0.694, 0.588, 0.68, 0.576, 0.57, 0.538, 0.58, 0.326, 0.334, 0.42, 0.368, 0.598, 0.582, 0.558, 0.726, 0.258, 0.712, 0.596, 0.516, 0.574, 0.568, 0.648, 0.66, 0.406, 0.7, 0.566, 0.446, 0.608, 0.408, 0.544, 0.706, 0.332, 0.628, 0.478, 0.52, 0.612, 0.346, 0.37, 0.494, 0.316, 0.262, 0.504, 0.64, 0.588, 0.444, 0.528, 0.598, 0.54, 0.632, 0.676, 0.442, 0.36, 0.404, 0.604, 0.398, 0.738, 0.68, 0.706, 0.696, 0.404, 0.414, 0.424, 0.582, 0.64, 0.492, 0.574, 0.406, 0.614, 0.452, 0.642, 0.71, 0.504, 0.42, 0.536, 0.506, 0.404, 0.408, 0.366, 0.394, 0.33, 0.334, 0.56, 0.516, 0.392, 0.592, 0.604, 0.664, 0.55, 0.652, 0.476, 0.398, 0.278, 0.49, 0.636, 0.424, 0.392, 0.58, 0.554, 0.522, 0.636, 0.544, 0.512, 0.568, 0.714, 0.342, 0.368, 0.406, 0.484, 0.25, 0.646, 0.674, 0.546, 0.224, 0.672, 0.634, 0.43, 0.368, 0.644, 0.328, 0.31, 0.512, 0.354, 0.538, 0.404, 0.548, 0.552, 0.728, 0.656, 0.398, 0.548, 0.464, 0.476, 0.68, 0.474, 0.62, 0.32, 0.462, 0.644, 0.438, 0.48, 0.388, 0.666, 0.706, 0.382, 0.442, 0.514, 0.622, 0.408, 0.606, 0.576, 0.556, 0.374, 0.692, 0.732, 0.256, 0.74, 0.368, 0.546, 0.54, 0.55, 0.134, 0.51, 0.426, 0.728, 0.416, 0.568, 0.314, 0.476, 0.642, 0.452, 0.294, 0.308, 0.456, 0.626, 0.618, 0.372, 0.294, 0.716, 0.542, 0.62, 0.388, 0.56, 0.562, 0.634, 0.344, 0.688, 0.428, 0.442, 0.412, 0.596, 0.304, 0.662, 0.414, 0.622, 0.726, 0.46, 0.392, 0.656, 0.76, 0.474, 0.34, 0.432, 0.554, 0.418, 0.528, 0.668, 0.506, 0.354, 0.364, 0.57, 0.528, 0.422, 0.628, 0.332, 0.498, 0.622, 0.576, 0.27], "computation-time": 1.1614394187927246, "max-memory-usage": 690749979}