{"auroc": 0.6570222222222222, "aupr": 0.6499390061682925, "y": [0, 0, 0, 1, 0, 1, 0, 0, 0, 1, 1, 1, 0, 1, 1, 0, 0, 1, 0, 0, 0, 0, 0, 1, 1, 1, 1, 0, 0, 0, 0, 1, 1, 0, 1, 0, 1, 1, 1, 1, 1, 1, 1, 1, 0, 1, 1, 1, 0, 0, 1, 0, 0, 1, 1, 0, 1, 0, 0, 0, 1, 0, 1, 1, 1, 1, 0, 1, 0, 0, 1, 0, 1, 1, 1, 0, 1, 0, 1, 0, 1, 0, 0, 1, 1, 1, 1, 1, 1, 1, 0, 0, 0, 0, 1, 0, 0, 1, 1, 0, 0, 1, 0, 1, 0, 1, 0, 0, 1, 1, 1, 0, 1, 0, 0, 0, 1, 0, 1, 0, 0, 1, 1, 0, 0, 1, 0, 0, 1, 0, 1, 1, 0, 1, 0, 1, 0, 1, 0, 0, 0, 1, 1, 0, 0, 1, 1, 0, 0, 0, 1, 0, 1, 0, 0, 1, 1, 1, 1, 0, 1, 1, 0, 0, 0, 0, 1, 1, 0, 1, 1, 1, 0, 0, 0, 0, 1, 0, 1, 0, 1, 0, 1, 0, 0, 1, 0, 0, 0, 0, 1, 1, 0, 0, 0, 1, 0, 1, 0, 0, 0, 1, 1, 1, 0, 0, 1, 1, 1, 1, 0, 0, 1, 0, 0, 0, 1, 1, 0, 0, 1, 1, 0, 0, 1, 0, 0, 0, 0, 1, 0, 0, 1, 1, 1, 1, 0, 0, 0, 1, 0, 0, 1, 0, 0, 1, 1, 0, 0, 1, 1, 0, 0, 0, 0, 1, 0, 0, 1, 1, 1, 1, 1, 0, 1, 1, 0, 0, 1, 0, 1, 1, 0, 0, 0, 0, 1, 1, 1, 1, 1, 0, 1, 1, 1, 0, 0, 1, 1, 0, 0, 0, 1, 1, 1, 1, 0, 0, 1, 1, 0, 0, 1, 1, 1, 1, 0, 1, 1, 0, 0, 1, 0, 1, 1, 0, 0, 0, 1, 1, 0, 0, 0, 1, 0, 0, 0, 0, 1, 0, 1, 1, 1, 1, 0, 1, 0, 0, 0, 1, 0, 0, 1, 0, 1, 0, 0, 1, 1, 0, 0, 1, 0, 0, 0, 0, 1, 1, 1, 0, 0, 0, 1, 1, 0, 0, 0, 0, 1, 1, 0, 0, 0, 0, 1, 1, 1, 1, 0, 1, 0, 1, 1, 1, 1, 1, 0, 1, 0, 0, 1, 0, 1, 1, 1, 1, 1, 0, 0, 0, 1, 0, 0, 1, 1, 0, 0, 1, 1, 0, 0, 1, 1, 0, 0, 1, 1, 1, 1, 1, 1, 0, 1, 0, 1, 1, 0, 0, 1, 0, 0, 1, 0, 0, 1, 1, 1, 1, 0, 0, 1, 0, 1, 0, 0, 1, 1, 1, 0, 0, 1, 1, 1, 0, 0, 0, 0, 0, 1, 0, 0, 0, 0, 0, 1, 0, 0, 1, 1, 0, 1, 0, 0, 0, 1, 1, 0, 1, 0, 1, 1, 1, 1, 1, 0, 1, 1, 0, 0, 1, 0, 0, 1, 1, 1, 1, 1, 1, 1, 0, 1, 1, 0, 0, 1, 1, 1, 0, 1, 1, 0, 0, 0, 1, 0, 0, 0, 0, 0, 1, 1, 1, 1, 0, 1, 0, 1, 0, 1, 0, 0, 1, 1, 1, 1, 0, 1, 1, 0, 0, 0, 0, 0, 0, 0, 1, 0, 1, 1, 0, 0, 0, 1, 0, 1, 0, 1, 1, 0, 1, 1, 0, 1, 1, 0, 0, 1, 0, 0, 1, 1, 1, 0, 0, 0, 0, 1, 1, 1, 0, 0, 1, 0, 0, 1, 1, 1, 1, 1, 0, 0, 1, 0, 0, 1, 1, 1, 1, 1, 0], "y-hat": [0.454, 0.346, 0.538, 0.336, 0.638, 0.516, 0.622, 0.4, 0.574, 0.744, 0.722, 0.72, 0.64, 0.596, 0.522, 0.398, 0.482, 0.716, 0.282, 0.69, 0.26, 0.284, 0.21, 0.504, 0.38, 0.452, 0.364, 0.568, 0.356, 0.302, 0.38, 0.374, 0.684, 0.808, 0.634, 0.504, 0.406, 0.654, 0.512, 0.56, 0.478, 0.726, 0.552, 0.474, 0.56, 0.302, 0.372, 0.558, 0.426, 0.322, 0.506, 0.708, 0.584, 0.676, 0.508, 0.564, 0.462, 0.38, 0.532, 0.474, 0.326, 0.418, 0.6, 0.398, 0.714, 0.686, 0.348, 0.484, 0.246, 0.578, 0.48, 0.388, 0.596, 0.61, 0.526, 0.366, 0.434, 0.548, 0.532, 0.384, 0.474, 0.438, 0.444, 0.682, 0.444, 0.312, 0.338, 0.378, 0.438, 0.298, 0.398, 0.442, 0.55, 0.502, 0.602, 0.442, 0.442, 0.706, 0.514, 0.66, 0.234, 0.308, 0.522, 0.626, 0.464, 0.482, 0.328, 0.514, 0.766, 0.432, 0.448, 0.458, 0.652, 0.51, 0.442, 0.46, 0.602, 0.346, 0.312, 0.228, 0.348, 0.684, 0.582, 0.43, 0.38, 0.7, 0.528, 0.294, 0.756, 0.366, 0.734, 0.372, 0.332, 0.34, 0.234, 0.608, 0.57, 0.488, 0.364, 0.274, 0.346, 0.396, 0.344, 0.404, 0.746, 0.516, 0.27, 0.57, 0.314, 0.434, 0.606, 0.448, 0.622, 0.416, 0.298, 0.574, 0.452, 0.652, 0.54, 0.7, 0.266, 0.774, 0.57, 0.196, 0.35, 0.514, 0.488, 0.556, 0.486, 0.528, 0.624, 0.688, 0.584, 0.396, 0.558, 0.688, 0.394, 0.526, 0.516, 0.354, 0.568, 0.576, 0.438, 0.544, 0.434, 0.248, 0.262, 0.534, 0.322, 0.41, 0.394, 0.716, 0.324, 0.408, 0.514, 0.75, 0.362, 0.542, 0.424, 0.348, 0.276, 0.708, 0.514, 0.552, 0.44, 0.32, 0.614, 0.636, 0.584, 0.612, 0.496, 0.554, 0.382, 0.344, 0.348, 0.83, 0.668, 0.658, 0.212, 0.456, 0.368, 0.622, 0.484, 0.366, 0.634, 0.488, 0.8, 0.55, 0.316, 0.45, 0.366, 0.55, 0.348, 0.502, 0.404, 0.79, 0.306, 0.394, 0.276, 0.26, 0.402, 0.478, 0.736, 0.506, 0.398, 0.75, 0.354, 0.346, 0.27, 0.398, 0.592, 0.552, 0.59, 0.584, 0.29, 0.482, 0.448, 0.67, 0.446, 0.41, 0.472, 0.824, 0.802, 0.652, 0.652, 0.64, 0.562, 0.528, 0.32, 0.328, 0.372, 0.618, 0.25, 0.35, 0.34, 0.534, 0.444, 0.36, 0.588, 0.762, 0.386, 0.396, 0.53, 0.362, 0.574, 0.416, 0.498, 0.374, 0.392, 0.208, 0.414, 0.264, 0.632, 0.622, 0.454, 0.726, 0.708, 0.464, 0.416, 0.544, 0.308, 0.48, 0.386, 0.384, 0.632, 0.702, 0.468, 0.498, 0.71, 0.52, 0.498, 0.558, 0.352, 0.66, 0.732, 0.45, 0.526, 0.368, 0.682, 0.392, 0.6, 0.318, 0.606, 0.76, 0.626, 0.31, 0.426, 0.446, 0.64, 0.71, 0.706, 0.508, 0.576, 0.49, 0.422, 0.656, 0.346, 0.306, 0.55, 0.548, 0.472, 0.47, 0.71, 0.746, 0.382, 0.344, 0.57, 0.504, 0.398, 0.426, 0.588, 0.672, 0.52, 0.414, 0.29, 0.212, 0.79, 0.526, 0.74, 0.332, 0.55, 0.422, 0.64, 0.544, 0.712, 0.392, 0.482, 0.272, 0.722, 0.546, 0.346, 0.214, 0.56, 0.69, 0.268, 0.7, 0.776, 0.48, 0.248, 0.634, 0.542, 0.44, 0.742, 0.59, 0.678, 0.536, 0.568, 0.58, 0.584, 0.344, 0.298, 0.49, 0.35, 0.518, 0.798, 0.764, 0.898, 0.316, 0.81, 0.592, 0.484, 0.656, 0.518, 0.486, 0.682, 0.348, 0.784, 0.708, 0.378, 0.476, 0.452, 0.608, 0.652, 0.282, 0.644, 0.464, 0.514, 0.58, 0.324, 0.344, 0.44, 0.348, 0.282, 0.52, 0.618, 0.582, 0.504, 0.516, 0.598, 0.612, 0.646, 0.57, 0.404, 0.436, 0.442, 0.576, 0.418, 0.772, 0.728, 0.682, 0.752, 0.384, 0.44, 0.428, 0.478, 0.716, 0.544, 0.63, 0.512, 0.526, 0.488, 0.734, 0.634, 0.534, 0.46, 0.63, 0.438, 0.372, 0.496, 0.344, 0.428, 0.32, 0.326, 0.434, 0.66, 0.354, 0.586, 0.664, 0.594, 0.584, 0.696, 0.424, 0.412, 0.222, 0.544, 0.676, 0.464, 0.382, 0.6, 0.53, 0.508, 0.754, 0.62, 0.512, 0.518, 0.606, 0.294, 0.39, 0.404, 0.566, 0.28, 0.596, 0.738, 0.624, 0.314, 0.704, 0.572, 0.336, 0.358, 0.652, 0.32, 0.27, 0.43, 0.36, 0.546, 0.428, 0.546, 0.62, 0.812, 0.728, 0.404, 0.51, 0.54, 0.468, 0.64, 0.472, 0.624, 0.324, 0.46, 0.534, 0.384, 0.52, 0.45, 0.61, 0.556, 0.368, 0.638, 0.542, 0.698, 0.416, 0.574, 0.642, 0.52, 0.378, 0.646, 0.746, 0.296, 0.774, 0.41, 0.554, 0.62, 0.488, 0.152, 0.498, 0.358, 0.78, 0.396, 0.428, 0.292, 0.514, 0.726, 0.48, 0.24, 0.308, 0.438, 0.576, 0.414, 0.466, 0.28, 0.584, 0.414, 0.492, 0.428, 0.584, 0.552, 0.556, 0.334, 0.706, 0.446, 0.504, 0.328, 0.494, 0.254, 0.554, 0.412, 0.618, 0.792, 0.462, 0.414, 0.584, 0.652, 0.564, 0.362, 0.414, 0.442, 0.398, 0.594, 0.552, 0.57, 0.312, 0.35, 0.686, 0.572, 0.478, 0.562, 0.29, 0.374, 0.65, 0.694, 0.274], "computation-time": 0.0076105594635009766, "max-memory-usage": 690749979}