{"auroc": 0.697188888888889, "aupr": 0.6960502809092566, "y": [0, 0, 0, 1, 0, 1, 0, 0, 0, 1, 1, 1, 0, 1, 1, 0, 0, 1, 0, 0, 0, 0, 0, 1, 1, 1, 1, 0, 0, 0, 0, 1, 1, 0, 1, 0, 1, 1, 1, 1, 1, 1, 1, 1, 0, 1, 1, 1, 0, 0, 1, 0, 0, 1, 1, 0, 1, 0, 0, 0, 1, 0, 1, 1, 1, 1, 0, 1, 0, 0, 1, 0, 1, 1, 1, 0, 1, 0, 1, 0, 1, 0, 0, 1, 1, 1, 1, 1, 1, 1, 0, 0, 0, 0, 1, 0, 0, 1, 1, 0, 0, 1, 0, 1, 0, 1, 0, 0, 1, 1, 1, 0, 1, 0, 0, 0, 1, 0, 1, 0, 0, 1, 1, 0, 0, 1, 0, 0, 1, 0, 1, 1, 0, 1, 0, 1, 0, 1, 0, 0, 0, 1, 1, 0, 0, 1, 1, 0, 0, 0, 1, 0, 1, 0, 0, 1, 1, 1, 1, 0, 1, 1, 0, 0, 0, 0, 1, 1, 0, 1, 1, 1, 0, 0, 0, 0, 1, 0, 1, 0, 1, 0, 1, 0, 0, 1, 0, 0, 0, 0, 1, 1, 0, 0, 0, 1, 0, 1, 0, 0, 0, 1, 1, 1, 0, 0, 1, 1, 1, 1, 0, 0, 1, 0, 0, 0, 1, 1, 0, 0, 1, 1, 0, 0, 1, 0, 0, 0, 0, 1, 0, 0, 1, 1, 1, 1, 0, 0, 0, 1, 0, 0, 1, 0, 0, 1, 1, 0, 0, 1, 1, 0, 0, 0, 0, 1, 0, 0, 1, 1, 1, 1, 1, 0, 1, 1, 0, 0, 1, 0, 1, 1, 0, 0, 0, 0, 1, 1, 1, 1, 1, 0, 1, 1, 1, 0, 0, 1, 1, 0, 0, 0, 1, 1, 1, 1, 0, 0, 1, 1, 0, 0, 1, 1, 1, 1, 0, 1, 1, 0, 0, 1, 0, 1, 1, 0, 0, 0, 1, 1, 0, 0, 0, 1, 0, 0, 0, 0, 1, 0, 1, 1, 1, 1, 0, 1, 0, 0, 0, 1, 0, 0, 1, 0, 1, 0, 0, 1, 1, 0, 0, 1, 0, 0, 0, 0, 1, 1, 1, 0, 0, 0, 1, 1, 0, 0, 0, 0, 1, 1, 0, 0, 0, 0, 1, 1, 1, 1, 0, 1, 0, 1, 1, 1, 1, 1, 0, 1, 0, 0, 1, 0, 1, 1, 1, 1, 1, 0, 0, 0, 1, 0, 0, 1, 1, 0, 0, 1, 1, 0, 0, 1, 1, 0, 0, 1, 1, 1, 1, 1, 1, 0, 1, 0, 1, 1, 0, 0, 1, 0, 0, 1, 0, 0, 1, 1, 1, 1, 0, 0, 1, 0, 1, 0, 0, 1, 1, 1, 0, 0, 1, 1, 1, 0, 0, 0, 0, 0, 1, 0, 0, 0, 0, 0, 1, 0, 0, 1, 1, 0, 1, 0, 0, 0, 1, 1, 0, 1, 0, 1, 1, 1, 1, 1, 0, 1, 1, 0, 0, 1, 0, 0, 1, 1, 1, 1, 1, 1, 1, 0, 1, 1, 0, 0, 1, 1, 1, 0, 1, 1, 0, 0, 0, 1, 0, 0, 0, 0, 0, 1, 1, 1, 1, 0, 1, 0, 1, 0, 1, 0, 0, 1, 1, 1, 1, 0, 1, 1, 0, 0, 0, 0, 0, 0, 0, 1, 0, 1, 1, 0, 0, 0, 1, 0, 1, 0, 1, 1, 0, 1, 1, 0, 1, 1, 0, 0, 1, 0, 0, 1, 1, 1, 0, 0, 0, 0, 1, 1, 1, 0, 0, 1, 0, 0, 1, 1, 1, 1, 1, 0, 0, 1, 0, 0, 1, 1, 1, 1, 1, 0], "y-hat": [0.454, 0.562, 0.49, 0.444, 0.492, 0.362, 0.512, 0.328, 0.524, 0.488, 0.67, 0.468, 0.534, 0.636, 0.47, 0.386, 0.514, 0.706, 0.62, 0.486, 0.44, 0.476, 0.414, 0.336, 0.592, 0.484, 0.504, 0.414, 0.484, 0.502, 0.316, 0.652, 0.518, 0.408, 0.596, 0.366, 0.51, 0.692, 0.594, 0.548, 0.488, 0.708, 0.452, 0.41, 0.5, 0.432, 0.46, 0.514, 0.376, 0.57, 0.672, 0.594, 0.312, 0.696, 0.572, 0.526, 0.588, 0.43, 0.588, 0.354, 0.522, 0.388, 0.324, 0.666, 0.622, 0.538, 0.34, 0.426, 0.46, 0.526, 0.558, 0.466, 0.594, 0.812, 0.524, 0.506, 0.578, 0.502, 0.516, 0.576, 0.41, 0.554, 0.574, 0.514, 0.51, 0.714, 0.672, 0.5, 0.562, 0.63, 0.512, 0.386, 0.45, 0.44, 0.7, 0.35, 0.484, 0.408, 0.494, 0.586, 0.226, 0.372, 0.466, 0.452, 0.342, 0.324, 0.488, 0.566, 0.55, 0.49, 0.662, 0.56, 0.434, 0.492, 0.47, 0.512, 0.474, 0.514, 0.56, 0.156, 0.2, 0.436, 0.626, 0.426, 0.43, 0.57, 0.556, 0.482, 0.504, 0.322, 0.444, 0.566, 0.468, 0.492, 0.294, 0.624, 0.48, 0.51, 0.532, 0.506, 0.6, 0.416, 0.478, 0.524, 0.544, 0.568, 0.382, 0.4, 0.446, 0.544, 0.79, 0.48, 0.612, 0.288, 0.378, 0.62, 0.49, 0.486, 0.47, 0.328, 0.564, 0.738, 0.428, 0.426, 0.446, 0.612, 0.562, 0.64, 0.5, 0.596, 0.604, 0.656, 0.39, 0.372, 0.34, 0.374, 0.584, 0.38, 0.51, 0.628, 0.542, 0.332, 0.674, 0.762, 0.548, 0.48, 0.426, 0.39, 0.434, 0.584, 0.534, 0.76, 0.278, 0.542, 0.55, 0.654, 0.524, 0.546, 0.352, 0.384, 0.454, 0.612, 0.43, 0.514, 0.372, 0.396, 0.504, 0.404, 0.522, 0.498, 0.486, 0.416, 0.456, 0.206, 0.232, 0.428, 0.604, 0.502, 0.312, 0.482, 0.532, 0.61, 0.65, 0.566, 0.456, 0.53, 0.504, 0.378, 0.546, 0.512, 0.45, 0.426, 0.54, 0.52, 0.526, 0.642, 0.43, 0.43, 0.616, 0.442, 0.456, 0.524, 0.57, 0.39, 0.342, 0.786, 0.496, 0.488, 0.484, 0.366, 0.364, 0.556, 0.362, 0.536, 0.494, 0.522, 0.432, 0.484, 0.438, 0.508, 0.506, 0.69, 0.64, 0.464, 0.548, 0.574, 0.416, 0.598, 0.61, 0.48, 0.534, 0.478, 0.418, 0.428, 0.466, 0.492, 0.338, 0.392, 0.492, 0.758, 0.632, 0.238, 0.496, 0.628, 0.622, 0.396, 0.516, 0.676, 0.478, 0.474, 0.494, 0.442, 0.57, 0.774, 0.584, 0.612, 0.408, 0.424, 0.366, 0.516, 0.338, 0.474, 0.568, 0.596, 0.574, 0.47, 0.564, 0.548, 0.502, 0.658, 0.516, 0.466, 0.392, 0.284, 0.748, 0.55, 0.46, 0.492, 0.668, 0.542, 0.38, 0.42, 0.56, 0.684, 0.5, 0.614, 0.262, 0.54, 0.624, 0.468, 0.478, 0.634, 0.696, 0.374, 0.462, 0.506, 0.384, 0.52, 0.562, 0.526, 0.376, 0.426, 0.568, 0.504, 0.384, 0.42, 0.588, 0.378, 0.412, 0.542, 0.408, 0.438, 0.494, 0.382, 0.254, 0.312, 0.582, 0.32, 0.502, 0.416, 0.252, 0.368, 0.492, 0.568, 0.542, 0.422, 0.392, 0.432, 0.768, 0.52, 0.58, 0.278, 0.604, 0.472, 0.374, 0.616, 0.464, 0.584, 0.508, 0.522, 0.594, 0.532, 0.694, 0.524, 0.52, 0.73, 0.414, 0.732, 0.426, 0.572, 0.406, 0.386, 0.59, 0.498, 0.664, 0.562, 0.77, 0.504, 0.558, 0.558, 0.554, 0.622, 0.454, 0.444, 0.792, 0.448, 0.474, 0.724, 0.594, 0.492, 0.44, 0.69, 0.67, 0.364, 0.408, 0.372, 0.37, 0.518, 0.538, 0.462, 0.498, 0.504, 0.634, 0.474, 0.43, 0.466, 0.526, 0.648, 0.448, 0.586, 0.46, 0.506, 0.342, 0.456, 0.514, 0.544, 0.508, 0.304, 0.398, 0.658, 0.502, 0.49, 0.48, 0.41, 0.306, 0.702, 0.76, 0.658, 0.314, 0.524, 0.548, 0.572, 0.5, 0.526, 0.364, 0.392, 0.594, 0.632, 0.526, 0.43, 0.51, 0.266, 0.432, 0.354, 0.518, 0.402, 0.424, 0.702, 0.352, 0.384, 0.476, 0.464, 0.414, 0.362, 0.61, 0.636, 0.718, 0.538, 0.464, 0.378, 0.47, 0.628, 0.482, 0.364, 0.5, 0.458, 0.518, 0.552, 0.566, 0.696, 0.444, 0.406, 0.74, 0.442, 0.65, 0.622, 0.586, 0.476, 0.534, 0.494, 0.788, 0.608, 0.5, 0.41, 0.49, 0.474, 0.576, 0.72, 0.486, 0.564, 0.45, 0.546, 0.598, 0.394, 0.444, 0.65, 0.546, 0.254, 0.414, 0.486, 0.562, 0.55, 0.418, 0.378, 0.386, 0.372, 0.642, 0.46, 0.67, 0.412, 0.438, 0.66, 0.612, 0.444, 0.524, 0.738, 0.34, 0.516, 0.57, 0.598, 0.528, 0.39, 0.5, 0.528, 0.356, 0.578, 0.652, 0.562, 0.584, 0.414, 0.442, 0.534, 0.764, 0.672, 0.642, 0.452, 0.438, 0.55, 0.458, 0.508, 0.514, 0.42, 0.802, 0.434, 0.6, 0.566, 0.478, 0.4, 0.368, 0.438, 0.48, 0.514, 0.538, 0.488, 0.662, 0.568, 0.416, 0.46, 0.63, 0.456, 0.488, 0.578, 0.548, 0.63, 0.446, 0.588, 0.738, 0.54, 0.522, 0.21, 0.24, 0.47, 0.358, 0.772, 0.46, 0.396, 0.402, 0.65, 0.532, 0.276], "computation-time": 13.57979416847229, "max-memory-usage": 690749979}