{"auroc": 0.9529798852292615, "aupr": 0.775912556748998}