{"auroc": 0.9997710729297254, "aupr": 0.9984370495361832, "y": [0, 3, 4, 0, 1, 7, 0, 6, 1, 3, 6, 3, 6, 5, 5, 1, 2, 1, 5, 6, 7, 1, 4, 2, 7, 2, 3, 2, 4, 0, 6, 5, 0, 5, 4, 4, 0, 7, 1, 4, 4, 1, 2, 6, 5, 6, 3, 6, 1, 2, 7, 3, 3, 5, 5, 5, 5, 2, 3, 3, 1, 7, 0, 4, 7, 6, 1, 0, 2, 3, 7, 1, 3, 2, 2, 7, 4, 0, 2, 6, 4, 2, 7, 1, 4, 6, 7, 0, 4, 3, 4, 7, 5, 6, 5, 0, 0, 6, 2, 7, 6, 6, 1, 5, 2, 2, 7, 6, 3, 0, 7, 3, 5, 2, 3, 1, 6, 0, 4, 1, 6, 2, 3, 2, 6, 1, 0, 7, 0, 4, 4, 5, 4, 2, 7, 0, 4, 2, 7, 4, 0, 2, 6, 4, 3, 1, 5, 7, 3, 3, 7, 6, 4, 4, 3, 6, 7, 7, 4, 2, 0, 3, 0, 3, 1, 1, 6, 7, 3, 4, 4, 7, 7, 3, 6, 6, 0, 0, 2, 1, 7, 0, 4, 2, 0, 3, 4, 1, 2, 3, 6, 0, 2, 0, 1, 7, 3, 6, 1, 0, 3, 1, 2, 3, 1, 0, 0, 4, 0, 2, 7, 6, 1, 5, 2, 7, 4, 1, 2, 4, 2, 5, 1, 6, 5, 4, 1, 6, 0, 1, 7, 2, 4, 1, 0, 2, 7, 7, 1, 6, 5, 5, 0, 2, 3, 3, 4, 2, 5, 7, 1, 7, 2, 6, 1, 3, 2, 4, 6, 6, 1, 3, 3, 3, 4, 5, 2, 6, 3, 1, 6, 2, 0, 6, 4, 2, 7, 0, 0, 7, 4, 6, 0, 7, 0, 0, 6, 7, 5, 6, 2, 5, 0, 2, 4, 1, 7, 2, 2, 2, 6, 2, 3, 4, 6, 3, 7, 4, 5, 6, 0, 3, 4, 4, 5, 0, 2, 5, 3, 4, 4, 4, 4, 4], "y-hat": [[0.522, 0.31, 0.018, 0.004, 0.052, 0.042, 0.0, 0.052], [0.01, 0.0, 0.054, 0.898, 0.002, 0.0, 0.03, 0.006], [0.08, 0.136, 0.038, 0.046, 0.536, 0.078, 0.004, 0.082], [0.95, 0.026, 0.0, 0.006, 0.0, 0.014, 0.004, 0.0], [0.034, 0.844, 0.006, 0.004, 0.062, 0.044, 0.002, 0.004], [0.016, 0.018, 0.042, 0.028, 0.012, 0.016, 0.132, 0.736], [0.642, 0.264, 0.004, 0.002, 0.034, 0.054, 0.0, 0.0], [0.0, 0.0, 0.02, 0.018, 0.0, 0.0, 0.94, 0.022], [0.194, 0.458, 0.066, 0.028, 0.08, 0.06, 0.044, 0.07], [0.0, 0.0, 0.05, 0.874, 0.0, 0.0, 0.07, 0.006], [0.004, 0.002, 0.182, 0.036, 0.002, 0.002, 0.598, 0.174], [0.008, 0.01, 0.202, 0.626, 0.0, 0.002, 0.022, 0.13], [0.012, 0.016, 0.038, 0.08, 0.006, 0.01, 0.692, 0.146], [0.074, 0.03, 0.014, 0.008, 0.146, 0.61, 0.012, 0.106], [0.086, 0.158, 0.0, 0.0, 0.096, 0.64, 0.004, 0.016], [0.078, 0.774, 0.0, 0.0, 0.092, 0.044, 0.002, 0.01], [0.002, 0.006, 0.526, 0.02, 0.0, 0.0, 0.352, 0.094], [0.158, 0.688, 0.004, 0.042, 0.014, 0.03, 0.006, 0.058], [0.026, 0.036, 0.0, 0.0, 0.076, 0.848, 0.002, 0.012], [0.012, 0.016, 0.09, 0.218, 0.01, 0.002, 0.63, 0.022], [0.102, 0.04, 0.058, 0.034, 0.074, 0.06, 0.012, 0.62], [0.164, 0.64, 0.008, 0.006, 0.106, 0.054, 0.008, 0.014], [0.118, 0.216, 0.0, 0.0, 0.554, 0.098, 0.004, 0.01], [0.06, 0.048, 0.632, 0.04, 0.038, 0.046, 0.05, 0.086], [0.038, 0.014, 0.066, 0.048, 0.014, 0.01, 0.016, 0.794], [0.0, 0.01, 0.8, 0.156, 0.0, 0.0, 0.026, 0.008], [0.0, 0.002, 0.04, 0.874, 0.0, 0.0, 0.078, 0.006], [0.01, 0.016, 0.806, 0.016, 0.008, 0.01, 0.084, 0.05], [0.12, 0.134, 0.002, 0.0, 0.67, 0.066, 0.004, 0.004], [0.71, 0.102, 0.004, 0.004, 0.052, 0.112, 0.01, 0.006], [0.002, 0.0, 0.058, 0.032, 0.0, 0.0, 0.882, 0.026], [0.086, 0.112, 0.008, 0.006, 0.14, 0.638, 0.002, 0.008], [0.788, 0.066, 0.0, 0.006, 0.06, 0.062, 0.002, 0.016], [0.064, 0.208, 0.012, 0.012, 0.058, 0.58, 0.022, 0.044], [0.15, 0.106, 0.0, 0.0, 0.696, 0.042, 0.0, 0.006], [0.17, 0.124, 0.0, 0.002, 0.618, 0.082, 0.002, 0.002], [0.518, 0.292, 0.018, 0.008, 0.102, 0.05, 0.002, 0.01], [0.024, 0.01, 0.11, 0.078, 0.014, 0.01, 0.022, 0.732], [0.13, 0.786, 0.01, 0.004, 0.032, 0.018, 0.0, 0.02], [0.124, 0.092, 0.006, 0.016, 0.36, 0.366, 0.008, 0.028], [0.008, 0.02, 0.0, 0.002, 0.954, 0.014, 0.0, 0.002], [0.09, 0.486, 0.002, 0.0, 0.292, 0.12, 0.0, 0.01], [0.004, 0.002, 0.706, 0.192, 0.0, 0.0, 0.07, 0.026], [0.002, 0.004, 0.062, 0.012, 0.0, 0.002, 0.886, 0.032], [0.018, 0.042, 0.0, 0.0, 0.142, 0.79, 0.002, 0.006], [0.006, 0.002, 0.25, 0.092, 0.0, 0.004, 0.62, 0.026], [0.008, 0.006, 0.056, 0.752, 0.008, 0.002, 0.062, 0.106], [0.01, 0.01, 0.082, 0.344, 0.006, 0.01, 0.43, 0.108], [0.212, 0.506, 0.006, 0.006, 0.162, 0.078, 0.01, 0.02], [0.028, 0.014, 0.788, 0.05, 0.006, 0.02, 0.022, 0.072], [0.046, 0.042, 0.02, 0.016, 0.016, 0.078, 0.028, 0.754], [0.002, 0.002, 0.162, 0.542, 0.0, 0.0, 0.268, 0.024], [0.02, 0.022, 0.154, 0.72, 0.004, 0.002, 0.032, 0.046], [0.11, 0.118, 0.022, 0.022, 0.09, 0.612, 0.012, 0.014], [0.056, 0.076, 0.0, 0.0, 0.112, 0.752, 0.0, 0.004], [0.128, 0.08, 0.008, 0.01, 0.072, 0.662, 0.012, 0.028], [0.224, 0.07, 0.002, 0.006, 0.048, 0.622, 0.008, 0.02], [0.002, 0.002, 0.896, 0.028, 0.002, 0.002, 0.042, 0.026], [0.004, 0.002, 0.02, 0.858, 0.002, 0.0, 0.096, 0.018], [0.022, 0.008, 0.17, 0.664, 0.004, 0.002, 0.086, 0.044], [0.224, 0.582, 0.0, 0.0, 0.12, 0.06, 0.0, 0.014], [0.0, 0.0, 0.018, 0.108, 0.004, 0.004, 0.018, 0.848], [0.71, 0.154, 0.03, 0.02, 0.036, 0.008, 0.004, 0.038], [0.266, 0.17, 0.002, 0.004, 0.498, 0.042, 0.002, 0.016], [0.018, 0.02, 0.07, 0.03, 0.016, 0.006, 0.102, 0.738], [0.006, 0.002, 0.088, 0.08, 0.002, 0.006, 0.624, 0.192], [0.146, 0.692, 0.002, 0.004, 0.064, 0.068, 0.002, 0.022], [0.472, 0.338, 0.02, 0.002, 0.08, 0.05, 0.0, 0.038], [0.004, 0.008, 0.728, 0.07, 0.004, 0.008, 0.034, 0.144], [0.002, 0.008, 0.066, 0.846, 0.004, 0.006, 0.036, 0.032], [0.008, 0.002, 0.036, 0.078, 0.008, 0.006, 0.018, 0.844], [0.192, 0.506, 0.016, 0.022, 0.072, 0.14, 0.028, 0.024], [0.044, 0.028, 0.288, 0.306, 0.0, 0.008, 0.17, 0.156], [0.028, 0.032, 0.68, 0.16, 0.016, 0.022, 0.016, 0.046], [0.0, 0.0, 0.836, 0.064, 0.0, 0.0, 0.096, 0.004], [0.042, 0.014, 0.028, 0.032, 0.012, 0.026, 0.022, 0.824], [0.046, 0.066, 0.0, 0.004, 0.86, 0.018, 0.0, 0.006], [0.778, 0.07, 0.004, 0.014, 0.02, 0.1, 0.012, 0.002], [0.002, 0.0, 0.934, 0.008, 0.0, 0.002, 0.048, 0.006], [0.008, 0.012, 0.09, 0.148, 0.002, 0.0, 0.706, 0.034], [0.186, 0.376, 0.0, 0.0, 0.372, 0.05, 0.008, 0.008], [0.024, 0.02, 0.544, 0.05, 0.006, 0.004, 0.298, 0.054], [0.01, 0.002, 0.0, 0.032, 0.008, 0.016, 0.016, 0.916], [0.172, 0.68, 0.004, 0.008, 0.07, 0.054, 0.006, 0.006], [0.05, 0.034, 0.0, 0.006, 0.88, 0.028, 0.0, 0.002], [0.002, 0.002, 0.188, 0.02, 0.0, 0.002, 0.772, 0.014], [0.01, 0.014, 0.24, 0.088, 0.014, 0.01, 0.04, 0.584], [0.444, 0.048, 0.0, 0.0, 0.42, 0.072, 0.002, 0.014], [0.108, 0.08, 0.016, 0.002, 0.536, 0.24, 0.006, 0.012], [0.004, 0.0, 0.052, 0.852, 0.0, 0.0, 0.074, 0.018], [0.226, 0.116, 0.002, 0.006, 0.41, 0.188, 0.004, 0.048], [0.012, 0.012, 0.042, 0.016, 0.006, 0.008, 0.048, 0.856], [0.068, 0.04, 0.014, 0.01, 0.23, 0.612, 0.01, 0.016], [0.004, 0.0, 0.124, 0.238, 0.006, 0.002, 0.606, 0.02], [0.042, 0.062, 0.002, 0.004, 0.224, 0.654, 0.002, 0.01], [0.788, 0.12, 0.004, 0.006, 0.032, 0.024, 0.01, 0.016], [0.754, 0.07, 0.012, 0.008, 0.078, 0.056, 0.004, 0.018], [0.002, 0.004, 0.194, 0.072, 0.002, 0.002, 0.682, 0.042], [0.0, 0.006, 0.594, 0.104, 0.002, 0.0, 0.154, 0.14], [0.198, 0.092, 0.046, 0.098, 0.03, 0.102, 0.054, 0.38], [0.002, 0.0, 0.23, 0.044, 0.002, 0.004, 0.702, 0.016], [0.004, 0.002, 0.192, 0.02, 0.0, 0.004, 0.77, 0.008], [0.088, 0.322, 0.0, 0.002, 0.366, 0.212, 0.002, 0.008], [0.172, 0.116, 0.008, 0.002, 0.256, 0.418, 0.01, 0.018], [0.006, 0.01, 0.584, 0.036, 0.008, 0.006, 0.112, 0.238], [0.0, 0.0, 0.932, 0.022, 0.0, 0.0, 0.046, 0.0], [0.002, 0.002, 0.008, 0.056, 0.0, 0.008, 0.044, 0.88], [0.002, 0.002, 0.01, 0.018, 0.0, 0.002, 0.924, 0.042], [0.006, 0.004, 0.036, 0.7, 0.002, 0.0, 0.242, 0.01], [0.39, 0.354, 0.008, 0.0, 0.176, 0.066, 0.002, 0.004], [0.016, 0.006, 0.02, 0.058, 0.008, 0.01, 0.028, 0.854], [0.016, 0.016, 0.042, 0.712, 0.002, 0.0, 0.188, 0.024], [0.088, 0.072, 0.0, 0.002, 0.07, 0.728, 0.006, 0.034], [0.002, 0.006, 0.862, 0.034, 0.006, 0.0, 0.06, 0.03], [0.006, 0.002, 0.182, 0.63, 0.0, 0.002, 0.142, 0.036], [0.112, 0.662, 0.006, 0.006, 0.084, 0.076, 0.006, 0.048], [0.004, 0.002, 0.016, 0.036, 0.0, 0.002, 0.848, 0.092], [0.934, 0.018, 0.0, 0.002, 0.01, 0.028, 0.006, 0.002], [0.168, 0.074, 0.026, 0.016, 0.586, 0.112, 0.002, 0.016], [0.038, 0.628, 0.008, 0.018, 0.246, 0.058, 0.0, 0.004], [0.004, 0.006, 0.058, 0.064, 0.002, 0.0, 0.792, 0.074], [0.008, 0.006, 0.754, 0.07, 0.002, 0.004, 0.106, 0.05], [0.004, 0.0, 0.034, 0.894, 0.0, 0.002, 0.034, 0.032], [0.002, 0.002, 0.844, 0.058, 0.0, 0.0, 0.076, 0.018], [0.004, 0.006, 0.048, 0.068, 0.0, 0.01, 0.728, 0.136], [0.194, 0.632, 0.0, 0.0, 0.096, 0.07, 0.006, 0.002], [0.428, 0.348, 0.0, 0.008, 0.066, 