{"auroc": 0.9656334935021389, "aupr": 0.8014643451571097}