{"auroc": 0.9996980424939617, "aupr": 0.99807922939252, "y": [0, 3, 4, 0, 1, 7, 0, 6, 1, 3, 6, 3, 6, 5, 5, 1, 2, 1, 5, 6, 7, 1, 4, 2, 7, 2, 3, 2, 4, 0, 6, 5, 0, 5, 4, 4, 0, 7, 1, 4, 4, 1, 2, 6, 5, 6, 3, 6, 1, 2, 7, 3, 3, 5, 5, 5, 5, 2, 3, 3, 1, 7, 0, 4, 7, 6, 1, 0, 2, 3, 7, 1, 3, 2, 2, 7, 4, 0, 2, 6, 4, 2, 7, 1, 4, 6, 7, 0, 4, 3, 4, 7, 5, 6, 5, 0, 0, 6, 2, 7, 6, 6, 1, 5, 2, 2, 7, 6, 3, 0, 7, 3, 5, 2, 3, 1, 6, 0, 4, 1, 6, 2, 3, 2, 6, 1, 0, 7, 0, 4, 4, 5, 4, 2, 7, 0, 4, 2, 7, 4, 0, 2, 6, 4, 3, 1, 5, 7, 3, 3, 7, 6, 4, 4, 3, 6, 7, 7, 4, 2, 0, 3, 0, 3, 1, 1, 6, 7, 3, 4, 4, 7, 7, 3, 6, 6, 0, 0, 2, 1, 7, 0, 4, 2, 0, 3, 4, 1, 2, 3, 6, 0, 2, 0, 1, 7, 3, 6, 1, 0, 3, 1, 2, 3, 1, 0, 0, 4, 0, 2, 7, 6, 1, 5, 2, 7, 4, 1, 2, 4, 2, 5, 1, 6, 5, 4, 1, 6, 0, 1, 7, 2, 4, 1, 0, 2, 7, 7, 1, 6, 5, 5, 0, 2, 3, 3, 4, 2, 5, 7, 1, 7, 2, 6, 1, 3, 2, 4, 6, 6, 1, 3, 3, 3, 4, 5, 2, 6, 3, 1, 6, 2, 0, 6, 4, 2, 7, 0, 0, 7, 4, 6, 0, 7, 0, 0, 6, 7, 5, 6, 2, 5, 0, 2, 4, 1, 7, 2, 2, 2, 6, 2, 3, 4, 6, 3, 7, 4, 5, 6, 0, 3, 4, 4, 5, 0, 2, 5, 3, 4, 4, 4, 4, 4], "y-hat": [[0.566, 0.262, 0.002, 0.006, 0.064, 0.084, 0.002, 0.014], [0.008, 0.002, 0.052, 0.892, 0.0, 0.006, 0.032, 0.008], [0.046, 0.078, 0.006, 0.008, 0.658, 0.086, 0.002, 0.116], [0.962, 0.012, 0.002, 0.002, 0.004, 0.004, 0.004, 0.01], [0.052, 0.692, 0.0, 0.0, 0.136, 0.114, 0.0, 0.006], [0.022, 0.01, 0.028, 0.024, 0.016, 0.016, 0.078, 0.806], [0.688, 0.23, 0.0, 0.002, 0.024, 0.056, 0.0, 0.0], [0.0, 0.0, 0.004, 0.006, 0.0, 0.0, 0.982, 0.008], [0.09, 0.422, 0.088, 0.036, 0.062, 0.068, 0.108, 0.126], [0.002, 0.0, 0.07, 0.832, 0.002, 0.0, 0.086, 0.008], [0.002, 0.0, 0.11, 0.02, 0.0, 0.002, 0.818, 0.048], [0.028, 0.014, 0.144, 0.686, 0.002, 0.006, 0.016, 0.104], [0.026, 0.024, 0.084, 0.11, 0.004, 0.018, 0.656, 0.078], [0.086, 0.044, 0.008, 0.006, 0.202, 0.568, 0.0, 0.086], [0.124, 0.152, 0.0, 0.002, 0.088, 0.614, 0.0, 0.02], [0.054, 0.754, 0.0, 0.0, 0.166, 0.022, 0.0, 0.004], [0.006, 0.002, 0.594, 0.02, 0.0, 0.002, 0.36, 0.016], [0.256, 0.668, 0.0, 0.01, 0.032, 0.03, 0.0, 0.004], [0.03, 0.034, 0.002, 0.0, 0.04, 0.882, 0.0, 0.012], [0.022, 0.01, 0.09, 0.086, 0.002, 0.01, 0.734, 0.046], [0.108, 0.056, 0.074, 0.032, 0.134, 0.06, 0.008, 0.528], [0.116, 0.682, 0.002, 0.004, 0.122, 0.038, 0.004, 0.032], [0.08, 0.172, 0.004, 0.006, 0.6, 0.118, 0.002, 0.018], [0.068, 0.052, 0.662, 0.034, 0.042, 0.07, 0.034, 0.038], [0.024, 0.012, 0.086, 0.04, 0.036, 0.016, 0.028, 0.758], [0.006, 0.0, 0.882, 0.09, 0.0, 0.0, 0.012, 0.01], [0.01, 0.002, 0.026, 0.908, 0.002, 0.0, 0.048, 0.004], [0.008, 0.012, 0.786, 0.064, 0.006, 0.018, 0.056, 0.05], [0.146, 0.082, 0.004, 0.002, 0.66, 0.088, 0.0, 0.018], [0.7, 0.104, 0.006, 0.012, 0.03, 0.106, 0.026, 0.016], [0.0, 0.0, 0.048, 0.018, 0.0, 0.0, 0.916, 0.018], [0.078, 0.104, 0.018, 0.008, 0.218, 0.556, 0.004, 0.014], [0.75, 0.072, 0.0, 0.004, 0.052, 0.09, 0.002, 0.03], [0.028, 0.076, 0.0, 0.0, 0.078, 0.804, 0.0, 0.014], [0.178, 0.114, 0.0, 0.002, 0.64, 0.058, 0.0, 0.008], [0.144, 0.078, 0.0, 0.0, 0.694, 0.084, 0.0, 0.0], [0.446, 0.222, 0.002, 0.002, 0.202, 0.106, 0.002, 0.018], [0.022, 0.016, 0.06, 0.062, 0.022, 0.01, 0.03, 0.778], [0.056, 0.868, 0.0, 0.0, 0.014, 0.038, 0.004, 0.02], [0.138, 0.152, 0.004, 0.014, 0.356, 0.282, 0.006, 0.048], [0.012, 0.018, 0.002, 0.002, 0.914, 0.048, 0.0, 0.004], [0.108, 0.432, 0.0, 0.0, 0.352, 0.102, 0.002, 0.004], [0.006, 0.004, 0.804, 0.1, 0.004, 0.004, 0.044, 0.034], [0.008, 0.002, 0.056, 0.014, 0.002, 0.008, 0.886, 0.024], [0.024, 0.058, 0.0, 0.0, 0.134, 0.778, 0.0, 0.006], [0.008, 0.0, 0.326, 0.07, 0.004, 0.006, 0.57, 0.016], [0.026, 0.012, 0.032, 0.808, 0.004, 0.002, 0.032, 0.084], [0.02, 0.006, 0.056, 0.312, 0.006, 0.016, 0.502, 0.082], [0.152, 0.486, 0.004, 0.012, 0.164, 0.112, 0.0, 0.07], [0.022, 0.018, 0.806, 0.062, 0.008, 0.02, 0.034, 0.03], [0.066, 0.028, 0.014, 0.012, 0.032, 0.042, 0.022, 0.784], [0.014, 0.0, 0.184, 0.538, 0.0, 0.006, 0.238, 0.02], [0.032, 0.004, 0.152, 0.66, 0.016, 0.016, 0.06, 0.06], [0.108, 0.156, 0.032, 0.016, 0.06, 0.572, 0.028, 0.028], [0.068, 0.102, 0.002, 0.006, 0.122, 0.688, 0.0, 0.012], [0.254, 0.064, 0.03, 0.036, 0.04, 0.506, 0.036, 0.034], [0.21, 0.128, 0.022, 0.018, 0.026, 0.52, 0.044, 0.032], [0.004, 0.0, 0.912, 0.026, 0.002, 0.002, 0.032, 0.022], [0.018, 0.002, 0.01, 0.882, 0.002, 0.0, 0.082, 0.004], [0.01, 0.0, 0.068, 0.806, 0.002, 0.006, 0.064, 0.044], [0.146, 0.608, 0.0, 0.004, 0.106, 0.116, 0.0, 0.02], [0.008, 0.002, 0.024, 0.078, 0.004, 0.002, 0.02, 0.862], [0.756, 0.154, 0.004, 0.0, 0.046, 0.018, 0.004, 0.018], [0.27, 0.102, 0.0, 0.004, 0.496, 0.102, 0.002, 0.024], [0.03, 0.04, 0.072, 0.044, 0.032, 0.016, 0.102, 0.664], [0.022, 0.004, 0.164, 0.084, 0.012, 0.01, 0.628, 0.076], [0.134, 0.668, 0.0, 0.004, 0.076, 0.106, 0.0, 0.012], [0.48, 0.282, 0.012, 0.008, 0.114, 0.088, 0.002, 0.014], [0.002, 0.016, 0.74, 0.054, 0.0, 0.016, 0.018, 0.154], [0.004, 0.002, 0.106, 0.862, 0.006, 0.006, 0.006, 0.008], [0.01, 0.004, 0.042, 0.09, 0.016, 0.01, 0.014, 0.814], [0.118, 0.476, 0.05, 0.022, 0.064, 0.15, 0.042, 0.078], [0.04, 0.008, 0.278, 0.2, 0.0, 0.022, 0.298, 0.154], [0.01, 0.008, 0.654, 0.188, 0.042, 0.012, 0.012, 0.074], [0.0, 0.0, 0.934, 0.03, 0.0, 0.0, 0.036, 0.0], [0.032, 0.024, 0.028, 0.034, 0.042, 0.038, 0.018, 0.784], [0.032, 0.008, 0.0, 0.002, 0.932, 0.024, 0.0, 0.002], [0.802, 0.08, 0.012, 0.024, 0.02, 0.044, 0.014, 0.004], [0.002, 0.002, 0.9, 0.03, 0.0, 0.0, 0.054, 0.012], [0.03, 0.002, 0.046, 0.136, 0.002, 0.008, 0.738, 0.038], [0.134, 0.406, 0.0, 0.002, 0.382, 0.062, 0.002, 0.012], [0.022, 0.008, 0.736, 0.054, 0.014, 0.012, 0.118, 0.036], [0.028, 0.022, 0.02, 0.052, 0.03, 0.026, 0.01, 0.812], [0.146, 0.646, 0.006, 0.016, 0.026, 0.134, 0.012, 0.014], [0.014, 0.02, 0.002, 0.002, 0.828, 0.13, 0.0, 0.004], [0.002, 0.002, 0.252, 0.074, 0.002, 0.008, 0.652, 0.008], [0.028, 0.028, 0.08, 0.094, 0.018, 0.016, 0.04, 0.696], [0.46, 0.04, 0.0, 0.002, 0.366, 0.094, 0.002, 0.036], [0.09, 0.084, 0.05, 0.0, 0.49, 0.252, 0.01, 0.024], [0.01, 0.0, 0.046, 0.87, 0.0, 0.0, 0.062, 0.012], [0.28, 0.136, 0.0, 0.002, 0.344, 0.168, 0.006, 0.064], [0.018, 0.006, 0.038, 0.022, 0.01, 0.002, 0.038, 0.866], [0.094, 0.046, 0.014, 0.002, 0.196, 0.618, 0.0, 0.03], [0.016, 0.01, 0.092, 0.112, 0.004, 0.004, 0.73, 0.032], [0.074, 0.074, 0.008, 0.004, 0.194, 0.618, 0.016, 0.012], [0.892, 0.066, 0.0, 0.0, 0.018, 0.02, 0.002, 0.002], [0.792, 0.038, 0.012, 0.012, 0.06, 0.048, 0.012, 0.026], [0.006, 0.0, 0.252, 0.054, 0.0, 0.004, 0.664, 0.02], [0.006, 0.006, 0.728, 0.092, 0.0, 0.004, 0.11, 0.054], [0.162, 0.102, 0.012, 0.042, 0.064, 0.1, 0.012, 0.506], [0.012, 0.0, 0.238, 0.086, 0.0, 0.004, 0.65, 0.01], [0.004, 0.0, 0.196, 0.036, 0.006, 0.006, 0.748, 0.004], [0.092, 0.308, 0.0, 0.008, 0.364, 0.226, 0.0, 0.002], [0.16, 0.128, 0.002, 0.002, 0.296, 0.366, 0.002, 0.044], [0.01, 0.008, 0.604, 0.014, 0.002, 0.028, 0.142, 0.192], [0.0, 0.0, 0.95, 0.008, 0.0, 0.0, 0.042, 0.0], [0.022, 0.008, 0.028, 0.052, 0.014, 0.012, 0.056, 0.808], [0.014, 0.004, 0.028, 0.024, 0.002, 0.004, 0.772, 0.152], [0.014, 0.004, 0.02, 0.668, 0.008, 0.0, 0.276, 0.01], [0.254, 0.344, 0.002, 0.002, 0.268, 0.122, 0.004, 0.004], [0.02, 0.016, 0.016, 0.048, 0.024, 0.01, 0.024, 0.842], [0.018, 0.008, 0.02, 0.708, 0.0, 0.0, 0.23, 0.016], [0.088, 0.112, 0.002, 0.002, 0.074, 0.694, 0.002, 0.026], [0.0, 0.002, 0.824, 0.04, 0.0, 0.008, 0.074, 0.052], [0.016, 0.0, 0.174, 0.574, 0.002, 0.0, 0.214, 0.02], [0.082, 0.57, 0.004, 0.006, 0.128, 0.092, 0.008, 0.11], [0.016, 0.002, 0.024, 0.02, 0.002, 0.01, 0.862, 0.064], [0.916, 0.03, 0.002, 0.006, 0.006, 0.012, 0.014, 0.014], [0.196, 0.042, 0.034, 0.034, 0.562, 0.084, 0.012, 0.036], [0.05, 0.638, 0.01, 0.02, 0.228, 0.034, 0.0, 0.02], [0.026, 0.006, 0.042, 0.042, 0.0, 0.0, 0.708, 0.176], [0.016, 0.002, 0.758, 0.07, 0.006, 0.008, 0.092, 0.048], [0.004, 0.002, 0.046, 0.934, 0.004, 0.002, 0.008, 0.0], [0.0, 0.0, 0.854, 0.038, 0.0, 0.0, 0.088, 0.02], [0.002, 0.002, 0.038, 0.07, 0.0, 0.0, 0.858, 0.03], [0.146, 0.622, 0.0, 0.0, 0.102, 0.128, 0.0, 0.002], [0.58, 0.246, 0.0, 0.004, 