{"auroc": 0.99974258850333, "aupr": 0.9982627954280785, "y": [0, 3, 4, 0, 1, 7, 0, 6, 1, 3, 6, 3, 6, 5, 5, 1, 2, 1, 5, 6, 7, 1, 4, 2, 7, 2, 3, 2, 4, 0, 6, 5, 0, 5, 4, 4, 0, 7, 1, 4, 4, 1, 2, 6, 5, 6, 3, 6, 1, 2, 7, 3, 3, 5, 5, 5, 5, 2, 3, 3, 1, 7, 0, 4, 7, 6, 1, 0, 2, 3, 7, 1, 3, 2, 2, 7, 4, 0, 2, 6, 4, 2, 7, 1, 4, 6, 7, 0, 4, 3, 4, 7, 5, 6, 5, 0, 0, 6, 2, 7, 6, 6, 1, 5, 2, 2, 7, 6, 3, 0, 7, 3, 5, 2, 3, 1, 6, 0, 4, 1, 6, 2, 3, 2, 6, 1, 0, 7, 0, 4, 4, 5, 4, 2, 7, 0, 4, 2, 7, 4, 0, 2, 6, 4, 3, 1, 5, 7, 3, 3, 7, 6, 4, 4, 3, 6, 7, 7, 4, 2, 0, 3, 0, 3, 1, 1, 6, 7, 3, 4, 4, 7, 7, 3, 6, 6, 0, 0, 2, 1, 7, 0, 4, 2, 0, 3, 4, 1, 2, 3, 6, 0, 2, 0, 1, 7, 3, 6, 1, 0, 3, 1, 2, 3, 1, 0, 0, 4, 0, 2, 7, 6, 1, 5, 2, 7, 4, 1, 2, 4, 2, 5, 1, 6, 5, 4, 1, 6, 0, 1, 7, 2, 4, 1, 0, 2, 7, 7, 1, 6, 5, 5, 0, 2, 3, 3, 4, 2, 5, 7, 1, 7, 2, 6, 1, 3, 2, 4, 6, 6, 1, 3, 3, 3, 4, 5, 2, 6, 3, 1, 6, 2, 0, 6, 4, 2, 7, 0, 0, 7, 4, 6, 0, 7, 0, 0, 6, 7, 5, 6, 2, 5, 0, 2, 4, 1, 7, 2, 2, 2, 6, 2, 3, 4, 6, 3, 7, 4, 5, 6, 0, 3, 4, 4, 5, 0, 2, 5, 3, 4, 4, 4, 4, 4], "y-hat": [[0.554, 0.268, 0.008, 0.01, 0.054, 0.06, 0.006, 0.04], [0.008, 0.006, 0.076, 0.842, 0.002, 0.0, 0.04, 0.026], [0.07, 0.14, 0.014, 0.018, 0.512, 0.116, 0.0, 0.13], [0.966, 0.014, 0.0, 0.004, 0.002, 0.004, 0.004, 0.006], [0.072, 0.7, 0.0, 0.0, 0.068, 0.146, 0.004, 0.01], [0.016, 0.022, 0.066, 0.048, 0.01, 0.002, 0.228, 0.608], [0.644, 0.282, 0.0, 0.0, 0.04, 0.026, 0.004, 0.004], [0.0, 0.002, 0.008, 0.012, 0.0, 0.0, 0.964, 0.014], [0.13, 0.434, 0.03, 0.014, 0.08, 0.1, 0.04, 0.172], [0.002, 0.002, 0.042, 0.876, 0.0, 0.0, 0.072, 0.006], [0.01, 0.006, 0.136, 0.034, 0.002, 0.002, 0.694, 0.116], [0.018, 0.008, 0.186, 0.676, 0.002, 0.0, 0.028, 0.082], [0.014, 0.018, 0.114, 0.14, 0.002, 0.004, 0.62, 0.088], [0.12, 0.07, 0.012, 0.012, 0.15, 0.574, 0.004, 0.058], [0.1, 0.192, 0.0, 0.0, 0.13, 0.57, 0.0, 0.008], [0.066, 0.736, 0.0, 0.0, 0.158, 0.04, 0.0, 0.0], [0.002, 0.0, 0.572, 0.028, 0.0, 0.002, 0.356, 0.04], [0.236, 0.602, 0.002, 0.036, 0.022, 0.04, 0.01, 0.052], [0.048, 0.016, 0.0, 0.0, 0.128, 0.806, 0.0, 0.002], [0.006, 0.002, 0.044, 0.094, 0.0, 0.002, 0.738, 0.114], [0.152, 0.022, 0.046, 0.058, 0.06, 0.046, 0.016, 0.6], [0.228, 0.64, 0.002, 0.0, 0.1, 0.022, 0.0, 0.008], [0.11, 0.16, 0.0, 0.0, 0.542, 0.166, 0.0, 0.022], [0.1, 0.074, 0.654, 0.044, 0.01, 0.03, 0.044, 0.044], [0.048, 0.006, 0.108, 0.07, 0.01, 0.006, 0.022, 0.73], [0.0, 0.002, 0.836, 0.118, 0.0, 0.0, 0.03, 0.014], [0.002, 0.0, 0.058, 0.88, 0.0, 0.0, 0.054, 0.006], [0.01, 0.006, 0.806, 0.05, 0.0, 0.004, 0.05, 0.074], [0.102, 0.154, 0.002, 0.004, 0.626, 0.098, 0.006, 0.008], [0.774, 0.076, 0.004, 0.002, 0.046, 0.07, 0.004, 0.024], [0.002, 0.0, 0.082, 0.044, 0.0, 0.0, 0.85, 0.022], [0.102, 0.094, 0.004, 0.0, 0.188, 0.606, 0.004, 0.002], [0.826, 0.046, 0.0, 0.0, 0.048, 0.048, 0.004, 0.028], [0.048, 0.132, 0.0, 0.008, 0.072, 0.656, 0.01, 0.074], [0.102, 0.104, 0.0, 0.0, 0.716, 0.076, 0.0, 0.002], [0.14, 0.132, 0.0, 0.0, 0.65, 0.072, 0.0, 0.006], [0.586, 0.19, 0.002, 0.01, 0.114, 0.06, 0.002, 0.036], [0.026, 0.02, 0.064, 0.04, 0.002, 0.002, 0.044, 0.802], [0.116, 0.79, 0.002, 0.004, 0.046, 0.03, 0.006, 0.006], [0.1, 0.132, 0.0, 0.002, 0.338, 0.402, 0.0, 0.026], [0.02, 0.02, 0.002, 0.0, 0.886, 0.07, 0.0, 0.002], [0.08, 0.522, 0.0, 0.0, 0.296, 0.1, 0.0, 0.002], [0.004, 0.0, 0.784, 0.136, 0.0, 0.0, 0.046, 0.03], [0.01, 0.002, 0.048, 0.022, 0.0, 0.004, 0.856, 0.058], [0.026, 0.024, 0.0, 0.0, 0.124, 0.826, 0.0, 0.0], [0.008, 0.0, 0.324, 0.08, 0.0, 0.0, 0.578, 0.01], [0.012, 0.014, 0.064, 0.778, 0.004, 0.006, 0.05, 0.072], [0.01, 0.0, 0.038, 0.376, 0.002, 0.0, 0.404, 0.17], [0.268, 0.514, 0.006, 0.004, 0.112, 0.062, 0.004, 0.03], [0.018, 0.012, 0.79, 0.064, 0.004, 0.004, 0.02, 0.088], [0.06, 0.042, 0.02, 0.034, 0.008, 0.044, 0.034, 0.758], [0.002, 0.0, 0.102, 0.566, 0.0, 0.002, 0.304, 0.024], [0.016, 0.004, 0.154, 0.72, 0.0, 0.002, 0.042, 0.062], [0.13, 0.1, 0.008, 0.004, 0.06, 0.628, 0.004, 0.066], [0.108, 0.036, 0.0, 0.0, 0.16, 0.692, 0.0, 0.004], [0.09, 0.08, 0.014, 0.004, 0.086, 0.676, 0.006, 0.044], [0.204, 0.134, 0.0, 0.004, 0.026, 0.606, 0.008, 0.018], [0.008, 0.002, 0.902, 0.03, 0.0, 0.002, 0.022, 0.034], [0.02, 0.002, 0.016, 0.84, 0.0, 0.0, 0.098, 0.024], [0.018, 0.0, 0.194, 0.562, 0.0, 0.002, 0.14, 0.084], [0.222, 0.53, 0.0, 0.0, 0.108, 0.112, 0.002, 0.026], [0.0, 0.0, 0.014, 0.094, 0.002, 0.008, 0.024, 0.858], [0.63, 0.222, 0.02, 0.02, 0.03, 0.014, 0.012, 0.052], [0.242, 0.136, 0.0, 0.002, 0.504, 0.112, 0.0, 0.004], [0.006, 0.028, 0.062, 0.028, 0.002, 0.004, 0.124, 0.746], [0.012, 0.008, 0.15, 0.09, 0.0, 0.004, 0.654, 0.082], [0.116, 0.702, 0.008, 0.004, 0.042, 0.1, 0.0, 0.028], [0.634, 0.212, 0.012, 0.006, 0.034, 0.064, 0.002, 0.036], [0.002, 0.002, 0.716, 0.06, 0.0, 0.002, 0.032, 0.186], [0.006, 0.0, 0.048, 0.878, 0.002, 0.002, 0.012, 0.052], [0.014, 0.008, 0.06, 0.116, 0.012, 0.022, 0.044, 0.724], [0.196, 0.424, 0.036, 0.02, 0.044, 0.142, 0.03, 0.108], [0.028, 0.004, 0.326, 0.282, 0.0, 0.0, 0.262, 0.098], [0.02, 0.012, 0.684, 0.166, 0.01, 0.006, 0.016, 0.086], [0.0, 0.0, 0.904, 0.032, 0.0, 0.0, 0.06, 0.004], [0.018, 0.032, 0.02, 0.032, 0.01, 0.028, 0.044, 0.816], [0.052, 0.018, 0.0, 0.0, 0.798, 0.128, 0.002, 0.002], [0.862, 0.084, 0.0, 0.006, 0.018, 0.024, 0.006, 0.0], [0.004, 0.002, 0.846, 0.034, 0.0, 0.002, 0.1, 0.012], [0.006, 0.002, 0.052, 0.136, 0.0, 0.0, 0.758, 0.046], [0.19, 0.396, 0.0, 0.0, 0.362, 0.046, 0.0, 0.006], [0.02, 0.008, 0.616, 0.046, 0.002, 0.004, 0.222, 0.082], [0.024, 0.014, 0.042, 0.04, 0.002, 0.016, 0.014, 0.848], [0.152, 0.714, 0.0, 0.008, 0.03, 0.078, 0.006, 0.012], [0.028, 0.03, 0.0, 0.0, 0.894, 0.046, 0.0, 0.002], [0.006, 0.002, 0.208, 0.042, 0.004, 0.002, 0.726, 0.01], [0.018, 0.012, 0.102, 0.056, 0.0, 0.004, 0.058, 0.75], [0.406, 0.074, 0.002, 0.004, 0.348, 0.114, 0.0, 0.052], [0.134, 0.07, 0.014, 0.004, 0.638, 0.12, 0.01, 0.01], [0.002, 0.002, 0.048, 0.856, 0.0, 0.0, 0.062, 0.03], [0.202, 0.14, 0.0, 0.004, 0.414, 0.202, 0.004, 0.034], [0.002, 0.016, 0.018, 0.008, 0.002, 0.012, 0.028, 0.914], [0.09, 0.076, 0.008, 0.004, 0.184, 0.616, 0.0, 0.022], [0.01, 0.002, 0.058, 0.208, 0.0, 0.0, 0.666, 0.056], [0.07, 0.098, 0.0, 0.002, 0.184, 0.628, 0.002, 0.016], [0.872, 0.056, 0.0, 0.002, 0.02, 0.03, 0.008, 0.012], [0.752, 0.102, 0.018, 0.006, 0.044, 0.044, 0.008, 0.026], [0.004, 0.0, 0.268, 0.058, 0.0, 0.0, 0.624, 0.046], [0.004, 0.0, 0.772, 0.062, 0.004, 0.004, 0.108, 0.046], [0.212, 0.112, 0.024, 0.042, 0.042, 0.052, 0.046, 0.47], [0.01, 0.0, 0.21, 0.082, 0.0, 0.0, 0.69, 0.008], [0.006, 0.0, 0.152, 0.03, 0.004, 0.002, 0.8, 0.006], [0.082, 0.344, 0.0, 0.0, 0.372, 0.202, 0.0, 0.0], [0.114, 0.09, 0.002, 0.0, 0.22, 0.55, 0.004, 0.02], [0.002, 0.006, 0.61, 0.048, 0.0, 0.004, 0.144, 0.186], [0.002, 0.0, 0.948, 0.02, 0.0, 0.0, 0.03, 0.0], [0.022, 0.01, 0.016, 0.06, 0.004, 0.012, 0.12, 0.756], [0.0, 0.002, 0.026, 0.024, 0.002, 0.002, 0.84, 0.104], [0.01, 0.004, 0.028, 0.646, 0.0, 0.002, 0.29, 0.02], [0.304, 0.374, 0.002, 0.004, 0.194, 0.116, 0.0, 0.006], [0.018, 0.02, 0.054, 0.066, 0.004, 0.012, 0.022, 0.804], [0.008, 0.0, 0.024, 0.7, 0.0, 0.0, 0.23, 0.038], [0.06, 0.054, 0.0, 0.0, 0.036, 0.84, 0.002, 0.008], [0.002, 0.004, 0.804, 0.054, 0.0, 0.0, 0.046, 0.09], [0.006, 0.0, 0.21, 0.644, 0.0, 0.0, 0.132, 0.008], [0.122, 0.704, 0.002, 0.004, 0.076, 0.048, 0.01, 0.034], [0.004, 0.002, 0.01, 0.03, 0.0, 0.002, 0.894, 0.058], [0.938, 0.026, 0.002, 0.0, 0.002, 0.01, 0.012, 0.01], [0.242, 0.056, 0.016, 0.004, 0.536, 0.102, 0.006, 0.038], [0.048, 0.64, 0.006, 0.012, 0.198, 0.074, 0.0, 0.022], [0.01, 0.016, 0.036, 0.052, 0.002, 0.004, 0.756, 0.124], [0.008, 0.0, 0.878, 0.038, 0.0, 0.004, 0.046, 0.026], [0.0, 0.0, 0.032, 0.902, 0.0, 0.0, 0.018, 0.048], [0.01, 0.002, 0.896, 0.024, 0.0, 0.0, 0.06, 0.008], [0.002, 0.006, 0.046, 0.138, 0.0, 0.008, 0.668, 0.132], [0.19, 0.602, 0.0, 0.0, 0.074, 0.12, 0.0, 0.014], [0.526, 0.254, 0.0, 0.004, 0.044, 0.142, 0.004, 0.026], [0.024, 0.02, 0.076, 0.078, 0.008, 0.004, 0.098, 0.692], [0.604, 0.09, 0.0, 0.0, 0.23, 0.068, 0.0, 