{"auroc": 0.9999075717083457, "aupr": 0.9994224070034009}