{"auroc": 0.9999462992457789, "aupr": 0.999526608771851, "y": [2, 6, 2, 2, 3, 5, 4, 6, 6, 3, 6, 0, 3, 2, 2, 0, 6, 3, 6, 0, 5, 0, 5, 0, 6, 4, 3, 4, 6, 5, 6, 7, 5, 1, 6, 4, 7, 1, 5, 3, 4, 1, 5, 2, 7, 0, 6, 4, 1, 3, 2, 5, 0, 3, 7, 0, 5, 5, 0, 4, 7, 5, 5, 1, 0, 0, 5, 7, 2, 4, 3, 4, 5, 6, 4, 0, 7, 6, 7, 0, 7, 4, 2, 3, 7, 3, 7, 2, 5, 5, 4, 1, 0, 2, 1, 2, 3, 4, 7, 2, 5, 6, 2, 2, 2, 0, 6, 3, 6, 1, 7, 4, 0, 4, 7, 0, 5, 3, 1, 0, 3, 1, 2, 3, 7, 3, 3, 4, 7, 5, 2, 1, 3, 5, 7, 4, 6, 0, 6, 3, 7, 5, 1, 7, 2, 6, 4, 6, 7, 0, 3, 1, 0, 7, 4, 5, 4, 3, 6, 3, 3, 6, 5, 1, 4, 0, 2, 0, 3, 2, 4, 6, 2, 1, 4, 4, 6, 0, 3, 0, 1, 4, 7, 1, 6, 3, 7, 6, 4, 0, 4, 2, 2, 3, 4, 2, 6, 1, 0, 2, 6, 2, 4, 2, 1, 7, 3, 3, 6, 6, 7, 6, 3, 4, 4, 3, 6, 2, 3, 1, 6, 4, 0, 7, 7, 6, 2, 6, 0, 0, 6, 1, 0, 7, 5, 4, 2, 5, 7, 3, 6, 3, 3, 4, 5, 7, 2, 2, 4, 7, 3, 3, 6, 7, 1, 0, 1, 7, 1, 3, 5, 7, 0, 2, 1, 5, 6, 1, 7, 7, 2, 2, 0, 6, 2, 7, 3, 0, 3, 0, 1, 5, 2, 4, 6, 7, 1, 7, 7, 0, 7, 5, 6, 4, 1, 4, 5, 3, 1, 4, 1, 2, 6, 7, 2, 0, 4, 4, 7, 5, 6, 0, 5, 3, 4, 2, 4, 3, 7, 5, 1, 0, 1, 4], "y-hat": [[0.008, 0.002, 0.484, 0.056, 0.0, 0.002, 0.414, 0.034], [0.002, 0.0, 0.018, 0.034, 0.0, 0.0, 0.896, 0.05], [0.002, 0.0, 0.746, 0.058, 0.0, 0.0, 0.19, 0.004], [0.006, 0.002, 0.938, 0.028, 0.0, 0.0, 0.02, 0.006], [0.008, 0.004, 0.112, 0.636, 0.002, 0.006, 0.05, 0.182], [0.32, 0.094, 0.03, 0.046, 0.044, 0.356, 0.056, 0.054], [0.116, 0.12, 0.0, 0.0, 0.714, 0.044, 0.002, 0.004], [0.016, 0.004, 0.372, 0.048, 0.0, 0.0, 0.554, 0.006], [0.002, 0.002, 0.092, 0.01, 0.0, 0.0, 0.89, 0.004], [0.004, 0.0, 0.038, 0.916, 0.0, 0.0, 0.036, 0.006], [0.004, 0.014, 0.138, 0.128, 0.002, 0.004, 0.67, 0.04], [0.844, 0.028, 0.008, 0.022, 0.014, 0.066, 0.014, 0.004], [0.02, 0.02, 0.042, 0.862, 0.014, 0.0, 0.016, 0.026], [0.002, 0.0, 0.922, 0.024, 0.0, 0.0, 0.05, 0.002], [0.002, 0.0, 0.784, 0.096, 0.0, 0.002, 0.104, 0.012], [0.966, 0.014, 0.0, 0.0, 0.006, 0.008, 0.0, 0.006], [0.004, 0.008, 0.124, 0.222, 0.0, 0.004, 0.528, 0.11], [0.004, 0.0, 0.06, 0.842, 0.0, 0.002, 0.088, 0.004], [0.004, 0.006, 0.064, 0.14, 0.0, 0.006, 0.714, 0.066], [0.838, 0.068, 0.002, 0.0, 0.032, 0.048, 0.0, 0.012], [0.308, 0.112, 0.004, 0.01, 0.112, 0.414, 0.008, 0.032], [0.426, 0.22, 0.0, 0.004, 0.228, 0.104, 0.006, 0.012], [0.088, 0.092, 0.0, 0.0, 0.146, 0.672, 0.0, 0.002], [0.626, 0.332, 0.006, 0.006, 0.016, 0.008, 0.002, 0.004], [0.008, 0.004, 0.194, 0.164, 0.004, 0.006, 0.602, 0.018], [0.084, 0.084, 0.0, 0.002, 0.714, 0.086, 0.002, 0.028], [0.0, 0.002, 0.058, 0.846, 0.0, 0.0, 0.094, 0.0], [0.03, 0.054, 0.002, 0.004, 0.794, 0.112, 0.002, 0.002], [0.006, 0.006, 0.062, 0.204, 0.0, 0.0, 0.712, 0.01], [0.052, 0.062, 0.002, 0.004, 0.046, 0.794, 0.004, 0.036], [0.008, 0.002, 0.036, 0.166, 0.0, 0.0, 0.772, 0.016], [0.016, 0.018, 0.092, 0.062, 0.004, 0.002, 0.116, 0.69], [0.05, 0.05, 0.002, 0.0, 0.118, 0.768, 0.002, 0.01], [0.078, 0.742, 0.006, 0.016, 0.06, 0.034, 0.006, 0.058], [0.0, 0.0, 0.004, 0.012, 0.0, 0.006, 0.95, 0.028], [0.16, 0.188, 0.0, 0.004, 0.516, 0.086, 0.002, 0.044], [0.004, 0.0, 0.024, 0.062, 0.0, 0.006, 0.028, 0.876], [0.056, 0.868, 0.0, 0.0, 0.046, 0.018, 0.002, 0.01], [0.14, 0.196, 0.002, 0.002, 0.182, 0.408, 0.002, 0.068], [0.0, 0.0, 0.15, 0.762, 0.0, 0.002, 0.068, 0.018], [0.132, 0.154, 0.0, 0.0, 0.624, 0.056, 0.006, 0.028], [0.1, 0.586, 0.002, 0.0, 0.122, 0.186, 0.0, 0.004], [0.008, 0.018, 0.0, 0.0, 0.302, 0.672, 0.0, 0.0], [0.002, 0.0, 0.916, 0.008, 0.0, 0.0, 0.072, 0.002], [0.036, 0.046, 0.002, 0.002, 0.014, 0.046, 0.01, 0.844], [0.486, 0.23, 0.004, 0.008, 0.212, 0.036, 0.01, 0.014], [0.004, 0.002, 0.132, 0.02, 0.0, 0.004, 0.822, 0.016], [0.244, 0.252, 0.002, 0.0, 0.438, 0.06, 0.0, 0.004], [0.1, 0.81, 0.014, 0.0, 0.034, 0.028, 0.002, 0.012], [0.026, 0.006, 0.092, 0.788, 0.002, 0.004, 0.056, 0.026], [0.0, 0.0, 0.88, 0.008, 0.0, 0.0, 0.106, 0.006], [0.138, 0.236, 0.002, 0.002, 0.198, 0.42, 0.002, 0.002], [0.516, 0.302, 0.004, 0.004, 0.104, 0.066, 0.002, 0.002], [0.002, 0.0, 0.112, 0.798, 0.0, 0.002, 0.048, 0.038], [0.064, 0.08, 0.028, 0.022, 0.06, 0.046, 0.046, 0.654], [0.702, 0.146, 0.0, 0.002, 0.106, 0.04, 0.002, 0.002], [0.004, 0.014, 0.0, 0.0, 0.2, 0.78, 0.0, 0.002], [0.174, 0.124, 0.02, 0.01, 0.024, 0.542, 0.028, 0.078], [0.334, 0.202, 0.006, 0.004, 0.15, 0.246, 0.004, 0.054], [0.01, 0.018, 0.0, 0.0, 0.934, 0.036, 0.0, 0.002], [0.012, 0.004, 0.034, 0.028, 0.002, 0.012, 0.008, 0.9], [0.088, 0.134, 0.0, 0.002, 0.28, 0.432, 0.004, 0.06], [0.022, 0.04, 0.0, 0.0, 0.088, 0.836, 0.0, 0.014], [0.048, 0.808, 0.0, 0.0, 0.136, 0.006, 0.0, 0.002], [0.556, 0.132, 0.0, 0.004, 0.184, 0.088, 0.0, 0.036], [0.472, 0.326, 0.004, 0.0, 0.142, 0.044, 0.004, 0.008], [0.058, 0.164, 0.006, 0.006, 0.14, 0.57, 0.004, 0.052], [0.008, 0.006, 0.006, 0.004, 0.006, 0.004, 0.014, 0.952], [0.0, 0.002, 0.942, 0.04, 0.0, 0.0, 0.016, 0.0], [0.068, 0.058, 0.01, 0.004, 0.814, 0.042, 0.0, 0.004], [0.0, 0.0, 0.056, 0.926, 0.0, 0.0, 0.014, 0.004], [0.062, 0.03, 0.002, 0.0, 0.778, 0.122, 0.0, 0.006], [0.038, 0.086, 0.002, 0.0, 0.228, 0.622, 0.0, 0.024], [0.002, 0.004, 0.076, 0.106, 0.0, 0.006, 0.762, 0.044], [0.126, 0.04, 0.0, 0.0, 0.788, 0.04, 0.002, 0.004], [0.912, 0.022, 0.008, 0.01, 0.016, 0.012, 0.014, 0.006], [0.048, 0.032, 0.188, 0.068, 0.002, 0.002, 0.198, 0.462], [0.008, 0.004, 0.116, 0.034, 0.0, 0.0, 0.832, 0.006], [0.062, 0.108, 0.004, 0.01, 0.038, 0.08, 0.002, 0.696], [0.754, 0.068, 0.0, 0.0, 0.066, 0.086, 0.002, 0.024], [0.004, 0.012, 0.012, 0.012, 0.0, 0.0, 0.058, 0.902], [0.12, 0.022, 0.002, 0.0, 0.776, 0.072, 0.002, 0.006], [0.0, 0.0, 0.88, 0.038, 0.0, 0.0, 0.078, 0.004], [0.006, 0.006, 0.148, 0.584, 0.002, 0.0, 0.128, 0.126], [0.022, 0.026, 0.016, 0.008, 0.03, 0.028, 0.024, 0.846], [0.006, 0.0, 0.136, 0.77, 0.0, 0.0, 0.056, 0.032], [0.018, 0.014, 0.034, 0.024, 0.018, 0.008, 0.016, 0.868], [0.002, 0.0, 0.882, 0.098, 0.0, 0.002, 0.014, 0.002], [0.078, 0.06, 0.002, 0.002, 0.092, 0.748, 0.002, 0.016], [0.088, 0.062, 0.002, 0.01, 0.064, 0.742, 0.006, 0.026], [0.062, 0.014, 0.0, 0.0, 0.862, 0.056, 0.0, 0.006], [0.186, 0.672, 0.004, 0.018, 0.054, 0.062, 0.002, 0.002], [0.674, 0.22, 0.018, 0.02, 0.018, 0.022, 0.022, 0.006], [0.0, 0.0, 0.926, 0.008, 0.0, 0.0, 0.066, 0.0], [0.038, 0.914, 0.018, 0.012, 0.01, 0.004, 0.002, 0.002], [0.0, 0.002, 0.924, 0.042, 0.0, 0.0, 0.028, 0.004], [0.008, 0.008, 0.148, 0.644, 0.0, 0.002, 0.056, 0.134], [0.186, 0.164, 0.0, 0.0, 0.462, 0.174, 0.004, 0.01], [0.042, 0.052, 0.038, 0.018, 0.038, 0.052, 0.036, 0.724], [0.0, 0.0, 0.968, 0.008, 0.0, 0.0, 0.024, 0.0], [0.014, 0.032, 0.002, 0.0, 0.108, 0.842, 0.0, 0.002], [0.01, 0.002, 0.072, 0.1, 0.0, 0.002, 0.81, 0.004], [0.018, 0.02, 0.406, 0.192, 0.004, 0.002, 0.218, 0.14], [0.006, 0.002, 0.8, 0.046, 0.0, 0.0, 0.106, 0.04], [0.014, 0.006, 0.782, 0.066, 0.004, 0.0, 0.082, 0.046], [0.482, 0.408, 0.004, 0.002, 0.042, 0.054, 0.004, 0.004], [0.006, 0.002, 0.082, 0.054, 0.002, 0.002, 0.832, 0.02], [0.004, 0.0, 0.03, 0.934, 0.0, 0.0, 0.03, 0.002], [0.0, 0.0, 0.106, 0.026, 0.0, 0.0, 0.862, 0.006], [0.164, 0.54, 0.024, 0.036, 0.038, 0.068, 0.016, 0.114], [0.006, 0.002, 0.028, 0.114, 0.0, 0.008, 0.036, 0.806], [0.014, 0.022, 0.0, 0.0, 0.948, 0.016, 0.0, 0.0], [0.72, 0.132, 0.01, 0.004, 0.07, 0.03, 0.004, 0.03], [0.084, 0.19, 0.0, 0.0, 0.684, 0.032, 0.002, 0.008], [0.012, 0.02, 0.046, 0.052, 0.004, 0.01, 0.118, 0.738], [0.498, 0.112, 0.002, 0.002, 0.292, 0.086, 0.004, 0.004], [0.058, 0.05, 0.0, 0.004, 0.066, 0.782, 0.006, 0.034], [0.004, 0.002, 0.054, 0.906, 0.0, 0.002, 0.022, 0.01], [0.118, 0.736, 0.008, 0.006, 0.052, 0.052, 0.002, 0.026], [0.766, 0.066, 0.006, 0.004, 0.07, 0.08, 0.002, 0.006], [0.002, 0.0, 0.034, 0.91, 0.0, 0.0, 0.026, 0.028], [0.136, 0.658, 0.0, 0.0, 0.142, 0.062, 0.0, 0.002], [0.004, 0.014, 0.676, 0.036, 0.006, 0.008, 0.102, 0.154], [0.01, 0.008, 0.022, 0.822, 0.002, 0.0, 0.124, 0.012], [0.016, 0.042, 0.038, 0.028, 0.012, 0.012, 0.094, 0.758], [0.006, 0.002, 0.032, 0.656, 0.0, 0.008, 0.27, 0.026], [0.004, 0.006, 0.028, 0.938, 0.002, 0.0, 0.02, 0.002], [0.104, 0.148, 0.0, 0.0, 0.696, 0.05, 0.0, 0.002], 