{"auroc": 0.9994407840733749, "aupr": 0.9965020094794852, "y": [0, 3, 4, 0, 1, 7, 0, 6, 1, 3, 6, 3, 6, 5, 5, 1, 2, 1, 5, 6, 7, 1, 4, 2, 7, 2, 3, 2, 4, 0, 6, 5, 0, 5, 4, 4, 0, 7, 1, 4, 4, 1, 2, 6, 5, 6, 3, 6, 1, 2, 7, 3, 3, 5, 5, 5, 5, 2, 3, 3, 1, 7, 0, 4, 7, 6, 1, 0, 2, 3, 7, 1, 3, 2, 2, 7, 4, 0, 2, 6, 4, 2, 7, 1, 4, 6, 7, 0, 4, 3, 4, 7, 5, 6, 5, 0, 0, 6, 2, 7, 6, 6, 1, 5, 2, 2, 7, 6, 3, 0, 7, 3, 5, 2, 3, 1, 6, 0, 4, 1, 6, 2, 3, 2, 6, 1, 0, 7, 0, 4, 4, 5, 4, 2, 7, 0, 4, 2, 7, 4, 0, 2, 6, 4, 3, 1, 5, 7, 3, 3, 7, 6, 4, 4, 3, 6, 7, 7, 4, 2, 0, 3, 0, 3, 1, 1, 6, 7, 3, 4, 4, 7, 7, 3, 6, 6, 0, 0, 2, 1, 7, 0, 4, 2, 0, 3, 4, 1, 2, 3, 6, 0, 2, 0, 1, 7, 3, 6, 1, 0, 3, 1, 2, 3, 1, 0, 0, 4, 0, 2, 7, 6, 1, 5, 2, 7, 4, 1, 2, 4, 2, 5, 1, 6, 5, 4, 1, 6, 0, 1, 7, 2, 4, 1, 0, 2, 7, 7, 1, 6, 5, 5, 0, 2, 3, 3, 4, 2, 5, 7, 1, 7, 2, 6, 1, 3, 2, 4, 6, 6, 1, 3, 3, 3, 4, 5, 2, 6, 3, 1, 6, 2, 0, 6, 4, 2, 7, 0, 0, 7, 4, 6, 0, 7, 0, 0, 6, 7, 5, 6, 2, 5, 0, 2, 4, 1, 7, 2, 2, 2, 6, 2, 3, 4, 6, 3, 7, 4, 5, 6, 0, 3, 4, 4, 5, 0, 2, 5, 3, 4, 4, 4, 4, 4], "y-hat": [[0.424, 0.398, 0.006, 0.01, 0.034, 0.074, 0.002, 0.052], [0.01, 0.002, 0.038, 0.856, 0.0, 0.004, 0.074, 0.016], [0.064, 0.126, 0.006, 0.014, 0.546, 0.146, 0.0, 0.098], [0.944, 0.03, 0.0, 0.01, 0.002, 0.006, 0.008, 0.0], [0.06, 0.832, 0.004, 0.002, 0.052, 0.05, 0.0, 0.0], [0.024, 0.012, 0.09, 0.038, 0.006, 0.024, 0.148, 0.658], [0.714, 0.192, 0.004, 0.004, 0.036, 0.042, 0.004, 0.004], [0.002, 0.002, 0.048, 0.022, 0.0, 0.0, 0.904, 0.022], [0.15, 0.424, 0.056, 0.028, 0.13, 0.07, 0.036, 0.106], [0.002, 0.0, 0.036, 0.864, 0.0, 0.002, 0.09, 0.006], [0.016, 0.01, 0.266, 0.058, 0.002, 0.01, 0.47, 0.168], [0.014, 0.012, 0.224, 0.594, 0.002, 0.006, 0.058, 0.09], [0.014, 0.006, 0.046, 0.09, 0.0, 0.004, 0.662, 0.178], [0.068, 0.048, 0.012, 0.016, 0.114, 0.644, 0.004, 0.094], [0.154, 0.142, 0.0, 0.0, 0.124, 0.554, 0.0, 0.026], [0.034, 0.832, 0.0, 0.0, 0.12, 0.014, 0.0, 0.0], [0.002, 0.002, 0.5, 0.052, 0.0, 0.0, 0.322, 0.122], [0.156, 0.696, 0.008, 0.044, 0.01, 0.024, 0.016, 0.046], [0.042, 0.046, 0.0, 0.006, 0.076, 0.818, 0.004, 0.008], [0.008, 0.002, 0.122, 0.172, 0.0, 0.002, 0.626, 0.068], [0.11, 0.034, 0.064, 0.018, 0.074, 0.07, 0.0, 0.63], [0.26, 0.436, 0.006, 0.002, 0.138, 0.116, 0.004, 0.038], [0.152, 0.172, 0.0, 0.0, 0.566, 0.096, 0.002, 0.012], [0.092, 0.054, 0.68, 0.018, 0.016, 0.052, 0.032, 0.056], [0.066, 0.018, 0.062, 0.04, 0.016, 0.014, 0.01, 0.774], [0.008, 0.002, 0.732, 0.158, 0.0, 0.002, 0.058, 0.04], [0.0, 0.002, 0.056, 0.898, 0.0, 0.0, 0.044, 0.0], [0.01, 0.012, 0.822, 0.044, 0.006, 0.01, 0.046, 0.05], [0.126, 0.172, 0.0, 0.0, 0.616, 0.084, 0.0, 0.002], [0.668, 0.134, 0.0, 0.006, 0.05, 0.12, 0.012, 0.01], [0.004, 0.0, 0.106, 0.052, 0.0, 0.0, 0.808, 0.03], [0.072, 0.102, 0.004, 0.002, 0.238, 0.572, 0.002, 0.008], [0.836, 0.04, 0.0, 0.008, 0.044, 0.046, 0.002, 0.024], [0.054, 0.11, 0.008, 0.004, 0.03, 0.758, 0.004, 0.032], [0.132, 0.152, 0.0, 0.0, 0.656, 0.05, 0.0, 0.01], [0.116, 0.07, 0.002, 0.0, 0.744, 0.068, 0.0, 0.0], [0.394, 0.264, 0.01, 0.004, 0.212, 0.102, 0.0, 0.014], [0.028, 0.01, 0.068, 0.054, 0.02, 0.024, 0.036, 0.76], [0.082, 0.814, 0.008, 0.002, 0.046, 0.042, 0.002, 0.004], [0.15, 0.058, 0.008, 0.0, 0.39, 0.376, 0.004, 0.014], [0.006, 0.004, 0.0, 0.0, 0.958, 0.03, 0.0, 0.002], [0.132, 0.436, 0.0, 0.0, 0.326, 0.104, 0.0, 0.002], [0.002, 0.0, 0.69, 0.192, 0.0, 0.0, 0.096, 0.02], [0.006, 0.002, 0.088, 0.018, 0.0, 0.002, 0.868, 0.016], [0.016, 0.022, 0.0, 0.002, 0.172, 0.788, 0.0, 0.0], [0.004, 0.002, 0.33, 0.086, 0.0, 0.002, 0.548, 0.028], [0.018, 0.012, 0.048, 0.686, 0.0, 0.004, 0.086, 0.146], [0.008, 0.004, 0.074, 0.306, 0.0, 0.004, 0.402, 0.202], [0.27, 0.416, 0.008, 0.004, 0.128, 0.128, 0.006, 0.04], [0.012, 0.022, 0.826, 0.026, 0.0, 0.006, 0.028, 0.08], [0.054, 0.066, 0.042, 0.032, 0.02, 0.074, 0.036, 0.676], [0.002, 0.0, 0.11, 0.56, 0.0, 0.0, 0.3, 0.028], [0.016, 0.004, 0.14, 0.682, 0.002, 0.012, 0.066, 0.078], [0.138, 0.1, 0.014, 0.008, 0.074, 0.642, 0.008, 0.016], [0.096, 0.058, 0.0, 0.0, 0.118, 0.72, 0.0, 0.008], [0.244, 0.066, 0.02, 0.016, 0.062, 0.552, 0.018, 0.022], [0.274, 0.088, 0.002, 0.008, 0.024, 0.572, 0.016, 0.016], [0.0, 0.0, 0.942, 0.012, 0.0, 0.006, 0.018, 0.022], [0.016, 0.008, 0.014, 0.934, 0.0, 0.0, 0.026, 0.002], [0.018, 0.004, 0.19, 0.55, 0.002, 0.008, 0.146, 0.082], [0.256, 0.514, 0.0, 0.002, 0.12, 0.096, 0.002, 0.01], [0.002, 0.002, 0.034, 0.112, 0.006, 0.0, 0.008, 0.836], [0.61, 0.236, 0.02, 0.018, 0.028, 0.032, 0.008, 0.048], [0.226, 0.15, 0.002, 0.0, 0.496, 0.11, 0.004, 0.012], [0.01, 0.006, 0.032, 0.018, 0.004, 0.002, 0.078, 0.85], [0.01, 0.002, 0.1, 0.12, 0.002, 0.0, 0.62, 0.146], [0.204, 0.472, 0.002, 0.006, 0.134, 0.152, 0.002, 0.028], [0.442, 0.38, 0.006, 0.012, 0.042, 0.074, 0.002, 0.042], [0.008, 0.0, 0.618, 0.05, 0.004, 0.018, 0.02, 0.282], [0.004, 0.002, 0.044, 0.842, 0.0, 0.0, 0.026, 0.082], [0.004, 0.008, 0.07, 0.158, 0.03, 0.012, 0.036, 0.682], [0.18, 0.442, 0.022, 0.01, 0.122, 0.182, 0.012, 0.03], [0.04, 0.014, 0.292, 0.306, 0.002, 0.008, 0.186, 0.152], [0.028, 0.024, 0.616, 0.13, 0.008, 0.014, 0.008, 0.172], [0.002, 0.002, 0.878, 0.056, 0.0, 0.0, 0.056, 0.006], [0.028, 0.016, 0.03, 0.024, 0.012, 0.052, 0.02, 0.818], [0.032, 0.03, 0.0, 0.002, 0.882, 0.05, 0.0, 0.004], [0.86, 0.07, 0.008, 0.016, 0.004, 0.03, 0.012, 0.0], [0.002, 0.0, 0.85, 0.026, 0.0, 0.004, 0.106, 0.012], [0.002, 0.004, 0.054, 0.138, 0.0, 0.0, 0.746, 0.056], [0.306, 0.182, 0.002, 0.0, 0.43, 0.07, 0.002, 0.008], [0.008, 0.01, 0.564, 0.09, 0.0, 0.006, 0.25, 0.072], [0.008, 0.012, 0.006, 0.036, 0.012, 0.02, 0.014, 0.892], [0.214, 0.626, 0.016, 0.03, 0.022, 0.074, 0.008, 0.01], [0.044, 0.026, 0.0, 0.002, 0.878, 0.05, 0.0, 0.0], [0.008, 0.002, 0.284, 0.074, 0.0, 0.002, 0.59, 0.04], [0.01, 0.01, 0.194, 0.044, 0.004, 0.022, 0.062, 0.654], [0.3, 0.104, 0.002, 0.0, 0.52, 0.052, 0.002, 0.02], [0.104, 0.082, 0.008, 0.002, 0.518, 0.278, 0.002, 0.006], [0.0, 0.0, 0.044, 0.85, 0.0, 0.002, 0.066, 0.038], [0.23, 0.154, 0.0, 0.0, 0.386, 0.18, 0.002, 0.048], [0.004, 0.004, 0.048, 0.012, 0.002, 0.006, 0.07, 0.854], [0.07, 0.054, 0.012, 0.004, 0.116, 0.702, 0.002, 0.04], [0.012, 0.0, 0.078, 0.24, 0.0, 0.0, 0.648, 0.022], [0.072, 0.084, 0.008, 0.004, 0.208, 0.606, 0.004, 0.014], [0.834, 0.11, 0.0, 0.008, 0.01, 0.034, 0.002, 0.002], [0.722, 0.082, 0.008, 0.008, 0.042, 0.118, 0.004, 0.016], [0.004, 0.0, 0.318, 0.08, 0.0, 0.0, 0.532, 0.066], [0.002, 0.002, 0.682, 0.062, 0.0, 0.014, 0.148, 0.09], [0.188, 0.114, 0.042, 0.056, 0.024, 0.058, 0.03, 0.488], [0.004, 0.0, 0.144, 0.064, 0.0, 0.004, 0.772, 0.012], [0.006, 0.0, 0.236, 0.06, 0.002, 0.002, 0.662, 0.032], [0.102, 0.266, 0.002, 0.0, 0.456, 0.174, 0.0, 0.0], [0.194, 0.09, 0.004, 0.004, 0.156, 0.498, 0.002, 0.052], [0.008, 0.014, 0.516, 0.024, 0.002, 0.016, 0.156, 0.264], [0.002, 0.0, 0.908, 0.022, 0.0, 0.0, 0.066, 0.002], [0.004, 0.006, 0.02, 0.106, 0.0, 0.0, 0.12, 0.744], [0.0, 0.0, 0.016, 0.006, 0.0, 0.0, 0.926, 0.052], [0.014, 0.002, 0.042, 0.676, 0.002, 0.0, 0.258, 0.006], [0.234, 0.418, 0.002, 0.0, 0.218, 0.122, 0.002, 0.004], [0.016, 0.01, 0.042, 0.03, 0.01, 0.018, 0.024, 0.85], [0.004, 0.01, 0.044, 0.64, 0.0, 0.0, 0.26, 0.042], [0.102, 0.064, 0.0, 0.014, 0.096, 0.692, 0.008, 0.024], [0.006, 0.004, 0.852, 0.022, 0.0, 0.004, 0.086, 0.026], [0.01, 0.004, 0.21, 0.592, 0.002, 0.002, 0.176, 0.004], [0.126, 0.624, 0.008, 0.006, 0.108, 0.076, 0.01, 0.042], [0.0, 0.004, 0.04, 0.04, 0.002, 0.002, 0.834, 0.078], [0.896, 0.04, 0.0, 0.002, 0.004, 0.038, 0.018, 0.002], [0.136, 0.05, 0.02, 0.014, 0.56, 0.18, 0.012, 0.028], [0.026, 0.674, 0.014, 0.008, 0.172, 0.088, 0.002, 0.016], [0.004, 0.008, 0.054, 0.038, 0.0, 0.0, 0.832, 0.064], [0.0, 0.002, 0.868, 0.04, 0.0, 0.002, 0.064, 0.024], [0.002, 0.0, 0.026, 0.928, 0.0, 0.002, 0.014, 0.028], [0.0, 0.0, 0.82, 0.034, 0.0, 0.006, 0.132, 0.008], [0.002, 0.006, 0.056, 0.088, 0.0, 0.0, 0.69, 0.158], [0.288, 0.576, 0.0, 0.0, 0.06, 0.074, 0.0, 0.002], [0.454, 0.316, 0.004, 0.008, 0.032, 0.168, 0.004, 0.014], [0.004, 0.024, 0.044, 0.074, 