{"auroc": 0.971497632142712, "aupr": 0.8742916610338354}