{"auroc": 0.9693873593947613, "aupr": 0.8408568685586528}