{"auroc": 0.9998252057771164, "aupr": 0.9987739909888917, "y": [0, 3, 4, 0, 1, 7, 0, 6, 1, 3, 6, 3, 6, 5, 5, 1, 2, 1, 5, 6, 7, 1, 4, 2, 7, 2, 3, 2, 4, 0, 6, 5, 0, 5, 4, 4, 0, 7, 1, 4, 4, 1, 2, 6, 5, 6, 3, 6, 1, 2, 7, 3, 3, 5, 5, 5, 5, 2, 3, 3, 1, 7, 0, 4, 7, 6, 1, 0, 2, 3, 7, 1, 3, 2, 2, 7, 4, 0, 2, 6, 4, 2, 7, 1, 4, 6, 7, 0, 4, 3, 4, 7, 5, 6, 5, 0, 0, 6, 2, 7, 6, 6, 1, 5, 2, 2, 7, 6, 3, 0, 7, 3, 5, 2, 3, 1, 6, 0, 4, 1, 6, 2, 3, 2, 6, 1, 0, 7, 0, 4, 4, 5, 4, 2, 7, 0, 4, 2, 7, 4, 0, 2, 6, 4, 3, 1, 5, 7, 3, 3, 7, 6, 4, 4, 3, 6, 7, 7, 4, 2, 0, 3, 0, 3, 1, 1, 6, 7, 3, 4, 4, 7, 7, 3, 6, 6, 0, 0, 2, 1, 7, 0, 4, 2, 0, 3, 4, 1, 2, 3, 6, 0, 2, 0, 1, 7, 3, 6, 1, 0, 3, 1, 2, 3, 1, 0, 0, 4, 0, 2, 7, 6, 1, 5, 2, 7, 4, 1, 2, 4, 2, 5, 1, 6, 5, 4, 1, 6, 0, 1, 7, 2, 4, 1, 0, 2, 7, 7, 1, 6, 5, 5, 0, 2, 3, 3, 4, 2, 5, 7, 1, 7, 2, 6, 1, 3, 2, 4, 6, 6, 1, 3, 3, 3, 4, 5, 2, 6, 3, 1, 6, 2, 0, 6, 4, 2, 7, 0, 0, 7, 4, 6, 0, 7, 0, 0, 6, 7, 5, 6, 2, 5, 0, 2, 4, 1, 7, 2, 2, 2, 6, 2, 3, 4, 6, 3, 7, 4, 5, 6, 0, 3, 4, 4, 5, 0, 2, 5, 3, 4, 4, 4, 4, 4], "y-hat": [[0.472, 0.382, 0.004, 0.01, 0.05, 0.016, 0.0, 0.066], [0.012, 0.008, 0.09, 0.824, 0.002, 0.004, 0.038, 0.022], [0.082, 0.136, 0.018, 0.02, 0.454, 0.174, 0.0, 0.116], [0.968, 0.018, 0.0, 0.002, 0.004, 0.004, 0.002, 0.002], [0.088, 0.74, 0.0, 0.0, 0.082, 0.082, 0.0, 0.008], [0.028, 0.026, 0.082, 0.064, 0.01, 0.014, 0.104, 0.672], [0.684, 0.266, 0.006, 0.004, 0.022, 0.018, 0.0, 0.0], [0.0, 0.0, 0.024, 0.008, 0.0, 0.0, 0.93, 0.038], [0.132, 0.49, 0.038, 0.02, 0.076, 0.09, 0.068, 0.086], [0.002, 0.0, 0.036, 0.912, 0.0, 0.0, 0.048, 0.002], [0.014, 0.006, 0.28, 0.046, 0.002, 0.004, 0.524, 0.124], [0.02, 0.01, 0.084, 0.704, 0.0, 0.002, 0.026, 0.154], [0.016, 0.014, 0.094, 0.056, 0.004, 0.012, 0.672, 0.132], [0.062, 0.096, 0.01, 0.014, 0.128, 0.616, 0.0, 0.074], [0.072, 0.146, 0.0, 0.002, 0.09, 0.682, 0.0, 0.008], [0.082, 0.694, 0.0, 0.0, 0.182, 0.032, 0.0, 0.01], [0.008, 0.004, 0.584, 0.046, 0.0, 0.004, 0.322, 0.032], [0.198, 0.652, 0.01, 0.038, 0.028, 0.018, 0.016, 0.04], [0.02, 0.022, 0.002, 0.002, 0.068, 0.886, 0.0, 0.0], [0.01, 0.0, 0.084, 0.064, 0.0, 0.002, 0.822, 0.018], [0.132, 0.026, 0.07, 0.074, 0.088, 0.04, 0.016, 0.554], [0.118, 0.718, 0.004, 0.002, 0.118, 0.016, 0.002, 0.022], [0.09, 0.214, 0.0, 0.002, 0.568, 0.106, 0.002, 0.018], [0.106, 0.042, 0.636, 0.024, 0.046, 0.02, 0.056, 0.07], [0.042, 0.012, 0.064, 0.064, 0.008, 0.004, 0.016, 0.79], [0.002, 0.0, 0.892, 0.064, 0.0, 0.0, 0.03, 0.012], [0.0, 0.0, 0.038, 0.916, 0.0, 0.0, 0.038, 0.008], [0.006, 0.004, 0.84, 0.056, 0.0, 0.006, 0.062, 0.026], [0.132, 0.066, 0.0, 0.0, 0.736, 0.064, 0.002, 0.0], [0.704, 0.124, 0.0, 0.002, 0.03, 0.116, 0.014, 0.01], [0.0, 0.002, 0.13, 0.078, 0.0, 0.0, 0.77, 0.02], [0.066, 0.154, 0.01, 0.004, 0.206, 0.546, 0.008, 0.006], [0.846, 0.042, 0.002, 0.002, 0.03, 0.046, 0.004, 0.028], [0.044, 0.182, 0.0, 0.004, 0.072, 0.656, 0.004, 0.038], [0.158, 0.092, 0.0, 0.0, 0.712, 0.036, 0.0, 0.002], [0.152, 0.184, 0.002, 0.0, 0.63, 0.032, 0.0, 0.0], [0.596, 0.184, 0.006, 0.01, 0.112, 0.05, 0.006, 0.036], [0.026, 0.036, 0.084, 0.062, 0.016, 0.006, 0.044, 0.726], [0.114, 0.778, 0.004, 0.01, 0.058, 0.02, 0.002, 0.014], [0.092, 0.126, 0.002, 0.008, 0.456, 0.292, 0.004, 0.02], [0.012, 0.01, 0.002, 0.006, 0.942, 0.028, 0.0, 0.0], [0.082, 0.52, 0.0, 0.002, 0.272, 0.122, 0.0, 0.002], [0.0, 0.0, 0.712, 0.19, 0.0, 0.0, 0.084, 0.014], [0.004, 0.0, 0.158, 0.012, 0.0, 0.0, 0.79, 0.036], [0.016, 0.022, 0.0, 0.0, 0.144, 0.814, 0.0, 0.004], [0.014, 0.002, 0.322, 0.066, 0.0, 0.006, 0.58, 0.01], [0.006, 0.004, 0.02, 0.74, 0.0, 0.006, 0.074, 0.15], [0.01, 0.012, 0.084, 0.4, 0.0, 0.002, 0.418, 0.074], [0.178, 0.718, 0.006, 0.002, 0.062, 0.012, 0.0, 0.022], [0.024, 0.01, 0.856, 0.028, 0.008, 0.002, 0.01, 0.062], [0.052, 0.02, 0.02, 0.02, 0.018, 0.028, 0.042, 0.8], [0.008, 0.004, 0.168, 0.4, 0.0, 0.002, 0.37, 0.048], [0.016, 0.008, 0.152, 0.772, 0.002, 0.0, 0.04, 0.01], [0.086, 0.102, 0.008, 0.006, 0.108, 0.672, 0.002, 0.016], [0.054, 0.052, 0.0, 0.0, 0.11, 0.776, 0.0, 0.008], [0.146, 0.082, 0.018, 0.008, 0.082, 0.644, 0.016, 0.004], [0.112, 0.148, 0.002, 0.002, 0.032, 0.682, 0.016, 0.006], [0.002, 0.002, 0.928, 0.024, 0.0, 0.0, 0.034, 0.01], [0.004, 0.006, 0.032, 0.89, 0.0, 0.0, 0.046, 0.022], [0.016, 0.004, 0.166, 0.682, 0.004, 0.006, 0.11, 0.012], [0.224, 0.596, 0.0, 0.0, 0.102, 0.06, 0.002, 0.016], [0.0, 0.004, 0.012, 0.048, 0.0, 0.002, 0.02, 0.914], [0.654, 0.196, 0.014, 0.01, 0.028, 0.014, 0.02, 0.064], [0.144, 0.168, 0.004, 0.002, 0.594, 0.076, 0.006, 0.006], [0.024, 0.034, 0.046, 0.014, 0.006, 0.006, 0.072, 0.798], [0.006, 0.006, 0.134, 0.098, 0.0, 0.0, 0.696, 0.06], [0.146, 0.596, 0.008, 0.01, 0.126, 0.096, 0.0, 0.018], [0.51, 0.336, 0.002, 0.008, 0.048, 0.04, 0.0, 0.056], [0.004, 0.002, 0.732, 0.068, 0.0, 0.002, 0.04, 0.152], [0.004, 0.0, 0.038, 0.884, 0.002, 0.006, 0.036, 0.03], [0.002, 0.016, 0.006, 0.09, 0.002, 0.01, 0.038, 0.836], [0.172, 0.49, 0.03, 0.014, 0.07, 0.144, 0.042, 0.038], [0.008, 0.014, 0.374, 0.318, 0.0, 0.004, 0.226, 0.056], [0.034, 0.016, 0.698, 0.188, 0.014, 0.002, 0.01, 0.038], [0.0, 0.0, 0.914, 0.05, 0.0, 0.0, 0.036, 0.0], [0.024, 0.012, 0.024, 0.014, 0.01, 0.046, 0.03, 0.84], [0.048, 0.052, 0.002, 0.002, 0.796, 0.092, 0.002, 0.006], [0.768, 0.132, 0.004, 0.004, 0.018, 0.06, 0.008, 0.006], [0.0, 0.0, 0.902, 0.022, 0.0, 0.0, 0.07, 0.006], [0.002, 0.002, 0.056, 0.094, 0.0, 0.002, 0.842, 0.002], [0.11, 0.244, 0.004, 0.004, 0.582, 0.04, 0.004, 0.012], [0.006, 0.002, 0.682, 0.034, 0.006, 0.0, 0.244, 0.026], [0.014, 0.014, 0.01, 0.03, 0.006, 0.014, 0.004, 0.908], [0.12, 0.726, 0.002, 0.006, 0.072, 0.06, 0.006, 0.008], [0.056, 0.026, 0.002, 0.004, 0.864, 0.046, 0.0, 0.002], [0.01, 0.002, 0.202, 0.082, 0.004, 0.002, 0.678, 0.02], [0.048, 0.056, 0.154, 0.08, 0.006, 0.006, 0.036, 0.614], [0.51, 0.07, 0.0, 0.004, 0.286, 0.088, 0.004, 0.038], [0.142, 0.116, 0.024, 0.006, 0.566, 0.112, 0.02, 0.014], [0.0, 0.002, 0.036, 0.878, 0.0, 0.0, 0.072, 0.012], [0.348, 0.116, 0.0, 0.0, 0.38, 0.114, 0.008, 0.034], [0.01, 0.018, 0.024, 0.022, 0.004, 0.004, 0.026, 0.892], [0.076, 0.068, 0.006, 0.012, 0.204, 0.608, 0.0, 0.026], [0.002, 0.0, 0.092, 0.138, 0.002, 0.0, 0.754, 0.012], [0.05, 0.09, 0.004, 0.0, 0.16, 0.684, 0.01, 0.002], [0.884, 0.052, 0.0, 0.004, 0.022, 0.026, 0.008, 0.004], [0.77, 0.048, 0.022, 0.016, 0.034, 0.05, 0.026, 0.034], [0.004, 0.0, 0.274, 0.03, 0.0, 0.002, 0.672, 0.018], [0.004, 0.002, 0.714, 0.088, 0.002, 0.0, 0.13, 0.06], [0.118, 0.088, 0.024, 0.046, 0.018, 0.064, 0.042, 0.6], [0.004, 0.002, 0.254, 0.112, 0.0, 0.0, 0.592, 0.036], [0.002, 0.002, 0.216, 0.042, 0.0, 0.006, 0.714, 0.018], [0.084, 0.3, 0.002, 0.0, 0.338, 0.272, 0.0, 0.004], [0.168, 0.102, 0.002, 0.004, 0.204, 0.488, 0.0, 0.032], [0.012, 0.012, 0.628, 0.026, 0.0, 0.006, 0.19, 0.126], [0.0, 0.0, 0.934, 0.014, 0.0, 0.0, 0.046, 0.006], [0.008, 0.008, 0.016, 0.036, 0.0, 0.004, 0.054, 0.874], [0.002, 0.002, 0.03, 0.03, 0.0, 0.002, 0.874, 0.06], [0.008, 0.002, 0.026, 0.746, 0.002, 0.002, 0.192, 0.022], [0.396, 0.354, 0.014, 0.004, 0.172, 0.052, 0.002, 0.006], [0.016, 0.01, 0.018, 0.052, 0.008, 0.006, 0.028, 0.862], [0.0, 0.002, 0.044, 0.648, 0.0, 0.0, 0.294, 0.012], [0.058, 0.042, 0.0, 0.002, 0.086, 0.804, 0.002, 0.006], [0.014, 0.006, 0.814, 0.044, 0.0, 0.006, 0.06, 0.056], [0.0, 0.0, 0.204, 0.596, 0.0, 0.0, 0.194, 0.006], [0.098, 0.712, 0.0, 0.006, 0.088, 0.048, 0.002, 0.046], [0.0, 0.0, 0.034, 0.036, 0.0, 0.0, 0.92, 0.01], [0.946, 0.012, 0.0, 0.008, 0.01, 0.016, 0.006, 0.002], [0.25, 0.064, 0.018, 0.022, 0.512, 0.104, 0.006, 0.024], [0.048, 0.696, 0.012, 0.04, 0.13, 0.06, 0.0, 0.014], [0.002, 0.012, 0.038, 0.064, 0.0, 0.0, 0.794, 0.09], [0.004, 0.002, 0.868, 0.042, 0.0, 0.002, 0.06, 0.022], [0.002, 0.0, 0.04, 0.886, 0.0, 0.0, 0.04, 0.032], [0.0, 0.0, 0.788, 0.028, 0.0, 0.002, 0.166, 0.016], [0.01, 0.008, 0.058, 0.114, 0.0, 0.006, 0.718, 0.086], [0.136, 0.65, 0.0, 0.0, 0.08, 0.124, 0.002, 0.008], [0.778, 0.084, 0.0, 0.004, 0.05, 0.056, 0.004, 0.024], [0.004, 0.004, 0.102, 0.072, 0.002, 