{"auroc": 0.999896430162869, "aupr": 0.9993631568377598, "y": [5, 6, 4, 7, 4, 1, 1, 4, 4, 4, 2, 5, 3, 0, 6, 7, 3, 0, 5, 2, 3, 0, 3, 4, 7, 7, 5, 6, 4, 7, 7, 0, 2, 2, 3, 2, 7, 2, 5, 6, 3, 6, 4, 7, 6, 7, 6, 3, 4, 0, 4, 4, 1, 0, 3, 2, 2, 2, 3, 0, 0, 4, 7, 4, 2, 7, 3, 2, 7, 0, 1, 6, 7, 1, 1, 0, 3, 1, 4, 7, 0, 7, 6, 2, 2, 2, 0, 0, 2, 5, 0, 7, 0, 2, 1, 4, 1, 7, 2, 7, 6, 3, 1, 0, 5, 3, 1, 7, 1, 3, 6, 7, 3, 2, 4, 0, 4, 7, 1, 2, 7, 2, 0, 2, 2, 6, 6, 3, 7, 1, 1, 4, 5, 6, 1, 2, 6, 7, 3, 3, 5, 6, 2, 0, 0, 5, 5, 0, 7, 6, 2, 1, 1, 1, 7, 0, 5, 7, 1, 1, 4, 4, 1, 0, 5, 6, 4, 7, 1, 4, 7, 6, 0, 0, 2, 6, 5, 0, 6, 4, 6, 1, 0, 3, 5, 6, 6, 2, 3, 3, 3, 0, 4, 0, 7, 5, 0, 2, 4, 0, 2, 6, 2, 3, 1, 6, 7, 3, 3, 7, 0, 3, 0, 0, 3, 0, 2, 7, 1, 2, 3, 0, 1, 0, 3, 2, 5, 7, 7, 6, 4, 1, 5, 5, 2, 6, 7, 0, 2, 5, 3, 5, 5, 3, 4, 3, 7, 5, 5, 6, 1, 7, 5, 4, 7, 3, 1, 5, 0, 5, 1, 0, 7, 1, 3, 6, 1, 0, 4, 4, 5, 3, 6, 6, 3, 7, 7, 6, 6, 3, 1, 3, 3, 5, 0, 6, 0, 2, 4, 3, 4, 6, 4, 0, 7, 3, 7, 2, 1, 7, 5, 3, 6, 6, 0, 4, 1, 3, 1, 3, 6, 2, 1, 3, 0, 4, 6, 1, 1, 2, 2, 2, 4, 3], "y-hat": [[0.066, 0.18, 0.012, 0.01, 0.13, 0.53, 0.01, 0.062], [0.018, 0.014, 0.15, 0.02, 0.014, 0.006, 0.764, 0.014], [0.052, 0.026, 0.002, 0.0, 0.794, 0.126, 0.0, 0.0], [0.012, 0.004, 0.056, 0.092, 0.026, 0.016, 0.022, 0.772], [0.064, 0.032, 0.006, 0.002, 0.864, 0.02, 0.008, 0.004], [0.108, 0.756, 0.0, 0.014, 0.048, 0.064, 0.002, 0.008], [0.152, 0.6, 0.004, 0.004, 0.144, 0.09, 0.002, 0.004], [0.04, 0.224, 0.0, 0.002, 0.626, 0.064, 0.002, 0.042], [0.068, 0.008, 0.002, 0.0, 0.854, 0.06, 0.0, 0.008], [0.15, 0.122, 0.0, 0.004, 0.612, 0.094, 0.002, 0.016], [0.012, 0.002, 0.8, 0.08, 0.004, 0.006, 0.08, 0.016], [0.114, 0.068, 0.0, 0.016, 0.086, 0.668, 0.008, 0.04], [0.0, 0.0, 0.014, 0.926, 0.002, 0.004, 0.048, 0.006], [0.618, 0.144, 0.036, 0.03, 0.102, 0.05, 0.014, 0.006], [0.002, 0.0, 0.124, 0.02, 0.002, 0.0, 0.844, 0.008], [0.006, 0.014, 0.048, 0.05, 0.012, 0.006, 0.06, 0.804], [0.002, 0.004, 0.032, 0.884, 0.002, 0.002, 0.024, 0.05], [0.452, 0.088, 0.002, 0.006, 0.242, 0.184, 0.0, 0.026], [0.12, 0.078, 0.0, 0.012, 0.23, 0.532, 0.004, 0.024], [0.02, 0.026, 0.548, 0.158, 0.014, 0.004, 0.162, 0.068], [0.016, 0.006, 0.186, 0.456, 0.008, 0.008, 0.282, 0.038], [0.66, 0.138, 0.006, 0.016, 0.106, 0.046, 0.004, 0.024], [0.016, 0.014, 0.04, 0.578, 0.012, 0.006, 0.032, 0.302], [0.05, 0.098, 0.01, 0.014, 0.708, 0.092, 0.0, 0.028], [0.0, 0.0, 0.026, 0.03, 0.002, 0.004, 0.038, 0.9], [0.006, 0.008, 0.018, 0.024, 0.012, 0.008, 0.03, 0.894], [0.074, 0.04, 0.002, 0.014, 0.258, 0.6, 0.004, 0.008], [0.004, 0.0, 0.094, 0.116, 0.008, 0.006, 0.68, 0.092], [0.102, 0.074, 0.022, 0.01, 0.686, 0.09, 0.012, 0.004], [0.024, 0.014, 0.036, 0.126, 0.052, 0.04, 0.014, 0.694], [0.008, 0.002, 0.018, 0.048, 0.01, 0.014, 0.062, 0.838], [0.784, 0.04, 0.0, 0.0, 0.084, 0.084, 0.008, 0.0], [0.002, 0.0, 0.836, 0.028, 0.0, 0.0, 0.102, 0.032], [0.016, 0.012, 0.728, 0.11, 0.03, 0.002, 0.094, 0.008], [0.0, 0.004, 0.04, 0.882, 0.008, 0.006, 0.018, 0.042], [0.004, 0.0, 0.912, 0.012, 0.002, 0.0, 0.06, 0.01], [0.008, 0.01, 0.018, 0.124, 0.006, 0.014, 0.034, 0.786], [0.002, 0.002, 0.86, 0.052, 0.004, 0.004, 0.06, 0.016], [0.128, 0.078, 0.026, 0.014, 0.048, 0.684, 0.014, 0.008], [0.004, 0.012, 0.054, 0.244, 0.004, 0.004, 0.604, 0.074], [0.002, 0.004, 0.134, 0.672, 0.004, 0.0, 0.168, 0.016], [0.006, 0.006, 0.022, 0.014, 0.002, 0.0, 0.89, 0.06], [0.202, 0.146, 0.008, 0.006, 0.522, 0.11, 0.004, 0.002], [0.014, 0.016, 0.018, 0.052, 0.012, 0.002, 0.036, 0.85], [0.002, 0.006, 0.342, 0.062, 0.006, 0.002, 0.57, 0.01], [0.018, 0.012, 0.02, 0.062, 0.01, 0.014, 0.026, 0.838], [0.0, 0.002, 0.052, 0.036, 0.002, 0.004, 0.884, 0.02], [0.006, 0.01, 0.038, 0.91, 0.014, 0.004, 0.012, 0.006], [0.092, 0.072, 0.01, 0.004, 0.764, 0.046, 0.004, 0.008], [0.926, 0.036, 0.0, 0.0, 0.008, 0.028, 0.0, 0.002], [0.192, 0.134, 0.002, 0.008, 0.518, 0.138, 0.006, 0.002], [0.144, 0.088, 0.0, 0.0, 0.57, 0.188, 0.0, 0.01], [0.16, 0.696, 0.004, 0.006, 0.082, 0.036, 0.002, 0.014], [0.78, 0.048, 0.006, 0.004, 0.122, 0.032, 0.0, 0.008], [0.002, 0.0, 0.034, 0.926, 0.0, 0.0, 0.036, 0.002], [0.006, 0.004, 0.784, 0.042, 0.002, 0.0, 0.118, 0.044], [0.002, 0.004, 0.824, 0.08, 0.006, 0.0, 0.076, 0.008], [0.0, 0.0, 0.914, 0.026, 0.0, 0.0, 0.05, 0.01], [0.006, 0.0, 0.166, 0.66, 0.012, 0.0, 0.128, 0.028], [0.684, 0.1, 0.04, 0.024, 0.056, 0.056, 0.032, 0.008], [0.674, 0.068, 0.0, 0.002, 0.162, 0.074, 0.002, 0.018], [0.046, 0.032, 0.01, 0.012, 0.858, 0.022, 0.0, 0.02], [0.014, 0.0, 0.038, 0.086, 0.01, 0.014, 0.024, 0.814], [0.088, 0.08, 0.006, 0.004, 0.748, 0.07, 0.0, 0.004], [0.02, 0.02, 0.498, 0.3, 0.006, 0.008, 0.11, 0.038], [0.022, 0.028, 0.284, 0.102, 0.012, 0.008, 0.12, 0.424], [0.0, 0.004, 0.154, 0.746, 0.0, 0.002, 0.08, 0.014], [0.002, 0.004, 0.866, 0.05, 0.002, 0.002, 0.06, 0.014], [0.002, 0.002, 0.01, 0.012, 0.004, 0.004, 0.016, 0.95], [0.722, 0.066, 0.004, 0.0, 0.098, 0.09, 0.004, 0.016], [0.046, 0.78, 0.008, 0.002, 0.06, 0.04, 0.006, 0.058], [0.01, 0.0, 0.048, 0.112, 0.0, 0.008, 0.738, 0.084], [0.002, 0.004, 0.008, 0.004, 0.006, 0.006, 0.032, 0.938], [0.194, 0.452, 0.01, 0.038, 0.078, 0.16, 0.042, 0.026], [0.078, 0.82, 0.0, 0.006, 0.05, 0.044, 0.002, 0.0], [0.742, 0.07, 0.0, 0.008, 0.13, 0.048, 0.0, 0.002], [0.008, 0.01, 0.206, 0.57, 0.0, 0.0, 0.186, 0.02], [0.116, 0.806, 0.0, 0.002, 0.042, 0.028, 0.002, 0.004], [0.196, 0.12, 0.0, 0.0, 0.564, 0.11, 0.008, 0.002], [0.012, 0.02, 0.016, 0.01, 0.004, 0.006, 0.026, 0.906], [0.918, 0.028, 0.008, 0.008, 0.024, 0.006, 0.006, 0.002], [0.016, 0.02, 0.124, 0.05, 0.008, 0.006, 0.126, 0.65], [0.002, 0.0, 0.106, 0.024, 0.004, 0.0, 0.846, 0.018], [0.002, 0.0, 0.888, 0.056, 0.002, 0.002, 0.042, 0.008], [0.006, 0.008, 0.448, 0.036, 0.002, 0.002, 0.344, 0.154], [0.012, 0.012, 0.77, 0.09, 0.006, 0.01, 0.092, 0.008], [0.94, 0.024, 0.0, 0.0, 0.01, 0.018, 0.0, 0.008], [0.774, 0.052, 0.014, 0.008, 0.044, 0.098, 0.008, 0.002], [0.006, 0.002, 0.892, 0.018, 0.002, 0.004, 0.072, 0.004], [0.154, 0.094, 0.006, 0.016, 0.15, 0.532, 0.012, 0.036], [0.672, 0.056, 0.0, 0.002, 0.176, 0.074, 0.004, 0.016], [0.02, 0.006, 0.036, 0.11, 0.026, 0.022, 0.016, 0.764], [0.526, 0.294, 0.0, 0.004, 0.138, 0.03, 0.006, 0.002], [0.012, 0.008, 0.566, 0.056, 0.002, 0.0, 0.254, 0.102], [0.176, 0.586, 0.002, 0.004, 0.08, 0.124, 0.01, 0.018], [0.188, 0.128, 0.004, 0.012, 0.604, 0.04, 0.01, 0.014], [0.1, 0.808, 0.028, 0.01, 0.028, 0.01, 0.016, 0.0], [0.026, 0.002, 0.0, 0.008, 0.03, 0.038, 0.016, 0.88], [0.016, 0.002, 0.748, 0.096, 0.004, 0.0, 0.104, 0.03], [0.0, 0.0, 0.024, 0.078, 0.006, 0.004, 0.036, 0.852], [0.016, 0.012, 0.1, 0.2, 0.008, 0.004, 0.614, 0.046], [0.0, 0.0, 0.024, 0.968, 0.0, 0.0, 0.002, 0.006], [0.082, 0.614, 0.032, 0.032, 0.068, 0.096, 0.038, 0.038], [0.646, 0.054, 0.0, 0.0, 0.172, 0.114, 0.0, 0.014], [0.028, 0.03, 0.002, 0.0, 0.198, 0.742, 0.0, 0.0], [0.0, 0.004, 0.038, 0.876, 0.002, 0.006, 0.03, 0.044], [0.172, 0.682, 0.014, 0.01, 0.042, 0.064, 0.0, 0.016], [0.016, 0.012, 0.01, 0.028, 0.01, 0.02, 0.042, 0.862], [0.07, 0.706, 0.006, 0.0, 0.082, 0.108, 0.022, 0.006], [0.008, 0.01, 0.018, 0.588, 0.016, 0.028, 0.032, 0.3], [0.0, 0.0, 0.014, 0.038, 0.0, 0.0, 0.944, 0.004], [0.014, 0.012, 0.172, 0.1, 0.0, 0.008, 0.142, 0.552], [0.004, 0.0, 0.008, 0.96, 0.002, 0.004, 0.018, 0.004], [0.0, 0.002, 0.902, 0.044, 0.0, 0.002, 0.03, 0.02], [0.134, 0.16, 0.0, 0.012, 0.616, 0.052, 0.002, 0.024], [0.262, 0.056, 0.002, 0.008, 0.35, 0.27, 0.004, 0.048], [0.104, 0.122, 0.012, 0.022, 0.482, 0.192, 0.004, 0.062], [0.054, 0.08, 0.35, 0.13, 0.032, 0.046, 0.172, 0.136], [0.092, 0.7, 0.002, 0.006, 0.1, 0.048, 0.018, 0.034], [0.008, 0.002, 0.752, 0.152, 0.01, 0.006, 0.062, 0.008], [0.0, 0.006, 0.014, 0.024, 0.004, 0.0, 0.028, 0.924], [0.0, 0.0, 0.928, 0.03, 0.0, 0.002, 0.034, 0.006], [0.546, 0.254, 0.028, 0.01, 0.056, 0.048, 0.028, 0.03], [0.0, 0.0, 0.92, 0.046, 0.0, 0.0, 0.034, 0.0], [0.0, 0.0, 0.882, 0.036, 0.0, 0.002, 0.08, 0.0], [0.006, 0.0, 0.14, 0.064, 0.002, 0.004, 0.774, 0.01], [0.0, 0.006, 0.054, 0.018, 0.0, 0.006, 0.866, 0.05],