{"auroc": 0.9998527045702608, "aupr": 0.9989925102234356, "y": [0, 3, 4, 0, 1, 7, 0, 6, 1, 3, 6, 3, 6, 5, 5, 1, 2, 1, 5, 6, 7, 1, 4, 2, 7, 2, 3, 2, 4, 0, 6, 5, 0, 5, 4, 4, 0, 7, 1, 4, 4, 1, 2, 6, 5, 6, 3, 6, 1, 2, 7, 3, 3, 5, 5, 5, 5, 2, 3, 3, 1, 7, 0, 4, 7, 6, 1, 0, 2, 3, 7, 1, 3, 2, 2, 7, 4, 0, 2, 6, 4, 2, 7, 1, 4, 6, 7, 0, 4, 3, 4, 7, 5, 6, 5, 0, 0, 6, 2, 7, 6, 6, 1, 5, 2, 2, 7, 6, 3, 0, 7, 3, 5, 2, 3, 1, 6, 0, 4, 1, 6, 2, 3, 2, 6, 1, 0, 7, 0, 4, 4, 5, 4, 2, 7, 0, 4, 2, 7, 4, 0, 2, 6, 4, 3, 1, 5, 7, 3, 3, 7, 6, 4, 4, 3, 6, 7, 7, 4, 2, 0, 3, 0, 3, 1, 1, 6, 7, 3, 4, 4, 7, 7, 3, 6, 6, 0, 0, 2, 1, 7, 0, 4, 2, 0, 3, 4, 1, 2, 3, 6, 0, 2, 0, 1, 7, 3, 6, 1, 0, 3, 1, 2, 3, 1, 0, 0, 4, 0, 2, 7, 6, 1, 5, 2, 7, 4, 1, 2, 4, 2, 5, 1, 6, 5, 4, 1, 6, 0, 1, 7, 2, 4, 1, 0, 2, 7, 7, 1, 6, 5, 5, 0, 2, 3, 3, 4, 2, 5, 7, 1, 7, 2, 6, 1, 3, 2, 4, 6, 6, 1, 3, 3, 3, 4, 5, 2, 6, 3, 1, 6, 2, 0, 6, 4, 2, 7, 0, 0, 7, 4, 6, 0, 7, 0, 0, 6, 7, 5, 6, 2, 5, 0, 2, 4, 1, 7, 2, 2, 2, 6, 2, 3, 4, 6, 3, 7, 4, 5, 6, 0, 3, 4, 4, 5, 0, 2, 5, 3, 4, 4, 4, 4, 4], "y-hat": [[0.582, 0.282, 0.006, 0.008, 0.044, 0.03, 0.004, 0.044], [0.008, 0.01, 0.056, 0.864, 0.0, 0.002, 0.054, 0.006], [0.082, 0.138, 0.038, 0.048, 0.52, 0.078, 0.0, 0.096], [0.966, 0.01, 0.0, 0.004, 0.006, 0.006, 0.004, 0.004], [0.028, 0.83, 0.008, 0.004, 0.092, 0.03, 0.006, 0.002], [0.016, 0.006, 0.052, 0.024, 0.004, 0.012, 0.116, 0.77], [0.69, 0.218, 0.006, 0.0, 0.032, 0.052, 0.002, 0.0], [0.0, 0.002, 0.016, 0.014, 0.0, 0.0, 0.942, 0.026], [0.13, 0.476, 0.056, 0.044, 0.1, 0.066, 0.048, 0.08], [0.006, 0.0, 0.056, 0.886, 0.0, 0.0, 0.052, 0.0], [0.006, 0.012, 0.18, 0.052, 0.002, 0.004, 0.6, 0.144], [0.018, 0.008, 0.174, 0.62, 0.002, 0.004, 0.03, 0.144], [0.016, 0.012, 0.044, 0.068, 0.0, 0.008, 0.72, 0.132], [0.068, 0.03, 0.018, 0.018, 0.12, 0.616, 0.008, 0.122], [0.136, 0.152, 0.0, 0.004, 0.064, 0.62, 0.004, 0.02], [0.062, 0.8, 0.0, 0.0, 0.098, 0.028, 0.0, 0.012], [0.002, 0.0, 0.512, 0.024, 0.0, 0.002, 0.368, 0.092], [0.156, 0.688, 0.002, 0.038, 0.032, 0.034, 0.006, 0.044], [0.024, 0.026, 0.0, 0.0, 0.048, 0.896, 0.0, 0.006], [0.012, 0.012, 0.09, 0.176, 0.002, 0.006, 0.678, 0.024], [0.122, 0.034, 0.064, 0.028, 0.08, 0.054, 0.01, 0.608], [0.182, 0.6, 0.012, 0.006, 0.104, 0.066, 0.006, 0.024], [0.1, 0.206, 0.002, 0.002, 0.544, 0.128, 0.0, 0.018], [0.064, 0.048, 0.67, 0.026, 0.02, 0.07, 0.046, 0.056], [0.042, 0.006, 0.064, 0.046, 0.012, 0.008, 0.018, 0.804], [0.0, 0.0, 0.816, 0.126, 0.0, 0.0, 0.044, 0.014], [0.004, 0.0, 0.036, 0.88, 0.0, 0.0, 0.07, 0.01], [0.014, 0.012, 0.808, 0.026, 0.002, 0.014, 0.084, 0.04], [0.134, 0.138, 0.002, 0.0, 0.644, 0.066, 0.006, 0.01], [0.726, 0.088, 0.002, 0.004, 0.058, 0.11, 0.006, 0.006], [0.0, 0.002, 0.066, 0.03, 0.0, 0.002, 0.884, 0.016], [0.084, 0.132, 0.004, 0.004, 0.146, 0.622, 0.002, 0.006], [0.794, 0.06, 0.0, 0.006, 0.054, 0.056, 0.008, 0.022], [0.05, 0.176, 0.01, 0.012, 0.056, 0.612, 0.018, 0.066], [0.126, 0.108, 0.0, 0.0, 0.708, 0.05, 0.0, 0.008], [0.166, 0.156, 0.002, 0.0, 0.6, 0.074, 0.002, 0.0], [0.53, 0.27, 0.01, 0.012, 0.106, 0.046, 0.002, 0.024], [0.012, 0.026, 0.116, 0.076, 0.014, 0.014, 0.024, 0.718], [0.148, 0.756, 0.006, 0.01, 0.026, 0.028, 0.004, 0.022], [0.12, 0.076, 0.01, 0.01, 0.396, 0.354, 0.004, 0.03], [0.006, 0.016, 0.0, 0.0, 0.964, 0.014, 0.0, 0.0], [0.104, 0.45, 0.0, 0.002, 0.286, 0.15, 0.0, 0.008], [0.002, 0.0, 0.648, 0.242, 0.0, 0.0, 0.078, 0.03], [0.004, 0.008, 0.068, 0.02, 0.0, 0.0, 0.882, 0.018], [0.02, 0.04, 0.0, 0.0, 0.13, 0.806, 0.002, 0.002], [0.008, 0.002, 0.3, 0.084, 0.0, 0.002, 0.58, 0.024], [0.004, 0.006, 0.044, 0.766, 0.0, 0.002, 0.064, 0.114], [0.016, 0.002, 0.086, 0.37, 0.002, 0.006, 0.404, 0.114], [0.2, 0.532, 0.004, 0.004, 0.154, 0.084, 0.006, 0.016], [0.03, 0.016, 0.77, 0.054, 0.01, 0.016, 0.04, 0.064], [0.032, 0.06, 0.026, 0.018, 0.012, 0.074, 0.034, 0.744], [0.002, 0.006, 0.132, 0.54, 0.002, 0.0, 0.294, 0.024], [0.024, 0.014, 0.16, 0.716, 0.004, 0.004, 0.026, 0.052], [0.114, 0.134, 0.028, 0.008, 0.062, 0.618, 0.012, 0.024], [0.068, 0.064, 0.0, 0.0, 0.116, 0.748, 0.0, 0.004], [0.128, 0.066, 0.014, 0.012, 0.058, 0.678, 0.018, 0.026], [0.242, 0.07, 0.002, 0.01, 0.042, 0.614, 0.004, 0.016], [0.008, 0.004, 0.902, 0.026, 0.004, 0.0, 0.034, 0.022], [0.004, 0.002, 0.022, 0.866, 0.0, 0.006, 0.084, 0.016], [0.016, 0.008, 0.132, 0.67, 0.004, 0.006, 0.098, 0.066], [0.214, 0.606, 0.0, 0.0, 0.09, 0.08, 0.0, 0.01], [0.0, 0.0, 0.03, 0.094, 0.0, 0.002, 0.018, 0.856], [0.73, 0.124, 0.028, 0.018, 0.04, 0.018, 0.012, 0.03], [0.26, 0.154, 0.0, 0.004, 0.54, 0.034, 0.002, 0.006], [0.01, 0.026, 0.044, 0.028, 0.006, 0.01, 0.132, 0.744], [0.01, 0.006, 0.106, 0.098, 0.002, 0.0, 0.588, 0.19], [0.124, 0.676, 0.012, 0.004, 0.09, 0.058, 0.004, 0.032], [0.508, 0.31, 0.014, 0.01, 0.082, 0.048, 0.0, 0.028], [0.004, 0.006, 0.744, 0.062, 0.004, 0.01, 0.042, 0.128], [0.002, 0.006, 0.048, 0.878, 0.0, 0.004, 0.036, 0.026], [0.008, 0.004, 0.024, 0.074, 0.01, 0.02, 0.032, 0.828], [0.15, 0.558, 0.02, 0.012, 0.078, 0.126, 0.016, 0.04], [0.044, 0.026, 0.3, 0.318, 0.006, 0.004, 0.146, 0.156], [0.024, 0.038, 0.694, 0.174, 0.016, 0.01, 0.004, 0.04], [0.002, 0.002, 0.834, 0.074, 0.0, 0.002, 0.076, 0.01], [0.044, 0.026, 0.032, 0.038, 0.016, 0.028, 0.024, 0.792], [0.062, 0.066, 0.0, 0.004, 0.832, 0.036, 0.0, 0.0], [0.766, 0.076, 0.008, 0.01, 0.022, 0.104, 0.008, 0.006], [0.0, 0.0, 0.918, 0.016, 0.0, 0.0, 0.054, 0.012], [0.006, 0.0, 0.088, 0.15, 0.0, 0.004, 0.696, 0.056], [0.244, 0.37, 0.002, 0.0, 0.326, 0.052, 0.0, 0.006], [0.014, 0.02, 0.594, 0.05, 0.008, 0.006, 0.26, 0.048], [0.006, 0.016, 0.006, 0.03, 0.012, 0.02, 0.016, 0.894], [0.17, 0.67, 0.008, 0.004, 0.074, 0.06, 0.006, 0.008], [0.058, 0.036, 0.002, 0.0, 0.846, 0.054, 0.0, 0.004], [0.004, 0.0, 0.172, 0.04, 0.0, 0.006, 0.758, 0.02], [0.02, 0.024, 0.212, 0.074, 0.016, 0.0, 0.046, 0.608], [0.422, 0.036, 0.002, 0.0, 0.43, 0.092, 0.0, 0.018], [0.118, 0.072, 0.028, 0.002, 0.472, 0.292, 0.01, 0.006], [0.008, 0.0, 0.048, 0.854, 0.0, 0.0, 0.064, 0.026], [0.224, 0.136, 0.0, 0.0, 0.424, 0.184, 0.002, 0.03], [0.006, 0.01, 0.05, 0.024, 0.004, 0.004, 0.052, 0.85], [0.082, 0.026, 0.02, 0.006, 0.21, 0.63, 0.002, 0.024], [0.008, 0.008, 0.114, 0.226, 0.0, 0.0, 0.624, 0.02], [0.062, 0.074, 0.006, 0.0, 0.202, 0.648, 0.002, 0.006], [0.788, 0.11, 0.0, 0.004, 0.026, 0.05, 0.01, 0.012], [0.768, 0.066, 0.008, 0.004, 0.064, 0.07, 0.006, 0.014], [0.0, 0.0, 0.214, 0.064, 0.0, 0.0, 0.662, 0.06], [0.002, 0.002, 0.596, 0.084, 0.0, 0.002, 0.134, 0.18], [0.166, 0.086, 0.046, 0.084, 0.032, 0.088, 0.082, 0.416], [0.006, 0.0, 0.23, 0.042, 0.0, 0.004, 0.702, 0.016], [0.004, 0.002, 0.188, 0.02, 0.0, 0.002, 0.772, 0.012], [0.056, 0.368, 0.0, 0.002, 0.358, 0.21, 0.0, 0.006], [0.182, 0.102, 0.008, 0.002, 0.23, 0.454, 0.006, 0.016], [0.006, 0.012, 0.6, 0.04, 0.002, 0.008, 0.124, 0.208], [0.006, 0.002, 0.914, 0.022, 0.0, 0.0, 0.052, 0.004], [0.006, 0.008, 0.012, 0.036, 0.0, 0.004, 0.048, 0.886], [0.002, 0.0, 0.012, 0.006, 0.0, 0.002, 0.942, 0.036], [0.01, 0.008, 0.04, 0.694, 0.002, 0.002, 0.232, 0.012], [0.384, 0.326, 0.006, 0.0, 0.206, 0.072, 0.002, 0.004], [0.01, 0.01, 0.026, 0.086, 0.006, 0.014, 0.018, 0.83], [0.012, 0.004, 0.042, 0.674, 0.002, 0.002, 0.226, 0.038], [0.092, 0.056, 0.0, 0.0, 0.09, 0.742, 0.006, 0.014], [0.002, 0.002, 0.886, 0.016, 0.002, 0.008, 0.052, 0.032], [0.006, 0.008, 0.174, 0.67, 0.0, 0.0, 0.116, 0.026], [0.102, 0.644, 0.004, 0.002, 0.094, 0.088, 0.016, 0.05], [0.002, 0.002, 0.008, 0.022, 0.0, 0.004, 0.856, 0.106], [0.922, 0.028, 0.002, 0.004, 0.01, 0.024, 0.008, 0.002], [0.164, 0.074, 0.018, 0.012, 0.592, 0.126, 0.002, 0.012], [0.056, 0.604, 0.008, 0.014, 0.266, 0.04, 0.0, 0.012], [0.008, 0.002, 0.046, 0.054, 0.0, 0.0, 0.822, 0.068], [0.01, 0.002, 0.74, 0.084, 0.0, 0.004, 0.104, 0.056], [0.0, 0.0, 0.038, 0.928, 0.0, 0.0, 0.014, 0.02], [0.002, 0.0, 0.846, 0.038, 0.0, 0.002, 0.076, 0.036], [0.0, 0.008, 0.046, 0.072, 0.0, 0.0, 0.756, 0.118], [0.188, 0.64, 0.002, 0.002, 0.11, 0.054, 0.002, 0.002], [0.462, 0.314, 0.0, 0.008, 0.058, 0.126, 0.014, 0.018], [0.02, 