{"auroc": 0.9566141460098849, "aupr": 0.7713135664428101}