{"auroc": 0.972287109526686, "aupr": 0.851588614216426}