{"auroc": 0.9998028248284814, "aupr": 0.9986384733424769, "y": [0, 3, 4, 0, 1, 7, 0, 6, 1, 3, 6, 3, 6, 5, 5, 1, 2, 1, 5, 6, 7, 1, 4, 2, 7, 2, 3, 2, 4, 0, 6, 5, 0, 5, 4, 4, 0, 7, 1, 4, 4, 1, 2, 6, 5, 6, 3, 6, 1, 2, 7, 3, 3, 5, 5, 5, 5, 2, 3, 3, 1, 7, 0, 4, 7, 6, 1, 0, 2, 3, 7, 1, 3, 2, 2, 7, 4, 0, 2, 6, 4, 2, 7, 1, 4, 6, 7, 0, 4, 3, 4, 7, 5, 6, 5, 0, 0, 6, 2, 7, 6, 6, 1, 5, 2, 2, 7, 6, 3, 0, 7, 3, 5, 2, 3, 1, 6, 0, 4, 1, 6, 2, 3, 2, 6, 1, 0, 7, 0, 4, 4, 5, 4, 2, 7, 0, 4, 2, 7, 4, 0, 2, 6, 4, 3, 1, 5, 7, 3, 3, 7, 6, 4, 4, 3, 6, 7, 7, 4, 2, 0, 3, 0, 3, 1, 1, 6, 7, 3, 4, 4, 7, 7, 3, 6, 6, 0, 0, 2, 1, 7, 0, 4, 2, 0, 3, 4, 1, 2, 3, 6, 0, 2, 0, 1, 7, 3, 6, 1, 0, 3, 1, 2, 3, 1, 0, 0, 4, 0, 2, 7, 6, 1, 5, 2, 7, 4, 1, 2, 4, 2, 5, 1, 6, 5, 4, 1, 6, 0, 1, 7, 2, 4, 1, 0, 2, 7, 7, 1, 6, 5, 5, 0, 2, 3, 3, 4, 2, 5, 7, 1, 7, 2, 6, 1, 3, 2, 4, 6, 6, 1, 3, 3, 3, 4, 5, 2, 6, 3, 1, 6, 2, 0, 6, 4, 2, 7, 0, 0, 7, 4, 6, 0, 7, 0, 0, 6, 7, 5, 6, 2, 5, 0, 2, 4, 1, 7, 2, 2, 2, 6, 2, 3, 4, 6, 3, 7, 4, 5, 6, 0, 3, 4, 4, 5, 0, 2, 5, 3, 4, 4, 4, 4, 4], "y-hat": [[0.574, 0.264, 0.004, 0.004, 0.054, 0.03, 0.002, 0.068], [0.002, 0.006, 0.064, 0.844, 0.004, 0.0, 0.06, 0.02], [0.084, 0.15, 0.01, 0.018, 0.514, 0.132, 0.004, 0.088], [0.98, 0.004, 0.0, 0.008, 0.0, 0.004, 0.002, 0.002], [0.06, 0.76, 0.004, 0.002, 0.102, 0.064, 0.002, 0.006], [0.024, 0.036, 0.036, 0.036, 0.016, 0.016, 0.078, 0.758], [0.73, 0.19, 0.0, 0.0, 0.048, 0.03, 0.002, 0.0], [0.0, 0.0, 0.008, 0.018, 0.0, 0.0, 0.956, 0.018], [0.192, 0.444, 0.044, 0.04, 0.066, 0.084, 0.044, 0.086], [0.0, 0.002, 0.064, 0.878, 0.0, 0.0, 0.054, 0.002], [0.012, 0.014, 0.138, 0.06, 0.002, 0.002, 0.686, 0.086], [0.014, 0.008, 0.104, 0.662, 0.0, 0.004, 0.034, 0.174], [0.016, 0.018, 0.1, 0.09, 0.0, 0.004, 0.682, 0.09], [0.106, 0.056, 0.008, 0.006, 0.142, 0.59, 0.002, 0.09], [0.11, 0.092, 0.0, 0.0, 0.078, 0.712, 0.002, 0.006], [0.078, 0.748, 0.0, 0.0, 0.138, 0.03, 0.0, 0.006], [0.002, 0.002, 0.592, 0.038, 0.0, 0.002, 0.338, 0.026], [0.124, 0.738, 0.006, 0.03, 0.018, 0.016, 0.014, 0.054], [0.026, 0.008, 0.0, 0.0, 0.046, 0.918, 0.002, 0.0], [0.012, 0.006, 0.094, 0.15, 0.0, 0.0, 0.716, 0.022], [0.11, 0.024, 0.062, 0.062, 0.084, 0.036, 0.012, 0.61], [0.106, 0.68, 0.0, 0.004, 0.164, 0.018, 0.0, 0.028], [0.078, 0.248, 0.0, 0.0, 0.486, 0.182, 0.002, 0.004], [0.076, 0.03, 0.712, 0.032, 0.018, 0.02, 0.05, 0.062], [0.034, 0.0, 0.04, 0.042, 0.004, 0.0, 0.016, 0.864], [0.0, 0.0, 0.908, 0.076, 0.0, 0.0, 0.012, 0.004], [0.0, 0.0, 0.024, 0.924, 0.0, 0.0, 0.052, 0.0], [0.002, 0.004, 0.828, 0.092, 0.0, 0.006, 0.054, 0.014], [0.12, 0.12, 0.0, 0.0, 0.696, 0.06, 0.004, 0.0], [0.724, 0.086, 0.008, 0.006, 0.03, 0.136, 0.006, 0.004], [0.004, 0.0, 0.114, 0.05, 0.0, 0.0, 0.814, 0.018], [0.066, 0.166, 0.008, 0.002, 0.216, 0.538, 0.0, 0.004], [0.866, 0.028, 0.002, 0.002, 0.028, 0.054, 0.002, 0.018], [0.05, 0.166, 0.002, 0.006, 0.068, 0.666, 0.006, 0.036], [0.108, 0.174, 0.0, 0.0, 0.67, 0.048, 0.0, 0.0], [0.152, 0.126, 0.0, 0.002, 0.638, 0.08, 0.002, 0.0], [0.512, 0.246, 0.016, 0.006, 0.12, 0.07, 0.002, 0.028], [0.03, 0.014, 0.042, 0.042, 0.006, 0.014, 0.008, 0.844], [0.1, 0.808, 0.004, 0.01, 0.042, 0.02, 0.008, 0.008], [0.092, 0.092, 0.0, 0.002, 0.416, 0.38, 0.002, 0.016], [0.002, 0.016, 0.006, 0.002, 0.93, 0.044, 0.0, 0.0], [0.062, 0.51, 0.0, 0.0, 0.3, 0.128, 0.0, 0.0], [0.004, 0.0, 0.728, 0.166, 0.0, 0.0, 0.066, 0.036], [0.012, 0.002, 0.054, 0.052, 0.0, 0.0, 0.844, 0.036], [0.016, 0.026, 0.0, 0.0, 0.112, 0.844, 0.0, 0.002], [0.006, 0.004, 0.288, 0.076, 0.0, 0.0, 0.606, 0.02], [0.012, 0.008, 0.042, 0.79, 0.002, 0.0, 0.048, 0.098], [0.016, 0.008, 0.06, 0.384, 0.0, 0.006, 0.476, 0.05], [0.14, 0.582, 0.006, 0.004, 0.184, 0.044, 0.006, 0.034], [0.02, 0.014, 0.868, 0.022, 0.0, 0.002, 0.018, 0.056], [0.066, 0.048, 0.01, 0.01, 0.008, 0.022, 0.024, 0.812], [0.006, 0.002, 0.158, 0.53, 0.0, 0.0, 0.29, 0.014], [0.008, 0.006, 0.164, 0.73, 0.004, 0.0, 0.056, 0.032], [0.094, 0.144, 0.006, 0.006, 0.08, 0.652, 0.008, 0.01], [0.042, 0.082, 0.002, 0.0, 0.104, 0.766, 0.004, 0.0], [0.168, 0.07, 0.006, 0.006, 0.07, 0.65, 0.018, 0.012], [0.216, 0.082, 0.0, 0.008, 0.038, 0.63, 0.01, 0.016], [0.0, 0.002, 0.896, 0.02, 0.0, 0.004, 0.052, 0.026], [0.014, 0.002, 0.026, 0.842, 0.0, 0.0, 0.112, 0.004], [0.014, 0.004, 0.138, 0.676, 0.0, 0.004, 0.124, 0.04], [0.216, 0.538, 0.0, 0.0, 0.154, 0.08, 0.0, 0.012], [0.002, 0.004, 0.022, 0.058, 0.002, 0.004, 0.022, 0.886], [0.658, 0.184, 0.026, 0.016, 0.028, 0.016, 0.006, 0.066], [0.178, 0.172, 0.0, 0.002, 0.578, 0.066, 0.0, 0.004], [0.02, 0.024, 0.066, 0.028, 0.004, 0.014, 0.108, 0.736], [0.008, 0.002, 0.114, 0.068, 0.004, 0.0, 0.742, 0.062], [0.146, 0.702, 0.004, 0.006, 0.062, 0.062, 0.0, 0.018], [0.636, 0.208, 0.004, 0.006, 0.058, 0.042, 0.002, 0.044], [0.01, 0.014, 0.688, 0.066, 0.002, 0.004, 0.034, 0.182], [0.004, 0.004, 0.056, 0.888, 0.0, 0.0, 0.024, 0.024], [0.002, 0.004, 0.032, 0.068, 0.01, 0.016, 0.024, 0.844], [0.264, 0.486, 0.04, 0.024, 0.048, 0.07, 0.024, 0.044], [0.028, 0.012, 0.354, 0.288, 0.0, 0.002, 0.212, 0.104], [0.018, 0.01, 0.726, 0.198, 0.006, 0.004, 0.014, 0.024], [0.0, 0.0, 0.914, 0.05, 0.0, 0.0, 0.036, 0.0], [0.018, 0.022, 0.014, 0.022, 0.01, 0.036, 0.014, 0.864], [0.064, 0.07, 0.0, 0.0, 0.82, 0.044, 0.0, 0.002], [0.858, 0.044, 0.002, 0.02, 0.02, 0.048, 0.004, 0.004], [0.004, 0.0, 0.838, 0.038, 0.0, 0.0, 0.102, 0.018], [0.01, 0.006, 0.068, 0.16, 0.0, 0.0, 0.75, 0.006], [0.11, 0.436, 0.0, 0.0, 0.408, 0.032, 0.0, 0.014], [0.016, 0.012, 0.704, 0.04, 0.002, 0.004, 0.202, 0.02], [0.022, 0.01, 0.008, 0.022, 0.006, 0.008, 0.006, 0.918], [0.17, 0.688, 0.004, 0.01, 0.05, 0.064, 0.004, 0.01], [0.048, 0.02, 0.004, 0.004, 0.874, 0.05, 0.0, 0.0], [0.002, 0.006, 0.204, 0.046, 0.0, 0.004, 0.726, 0.012], [0.026, 0.024, 0.092, 0.072, 0.008, 0.014, 0.018, 0.746], [0.442, 0.064, 0.002, 0.0, 0.358, 0.084, 0.002, 0.048], [0.152, 0.116, 0.014, 0.002, 0.604, 0.094, 0.006, 0.012], [0.006, 0.0, 0.066, 0.878, 0.0, 0.0, 0.04, 0.01], [0.29, 0.112, 0.0, 0.0, 0.4, 0.172, 0.004, 0.022], [0.006, 0.01, 0.018, 0.008, 0.004, 0.002, 0.022, 0.93], [0.062, 0.036, 0.004, 0.004, 0.22, 0.642, 0.002, 0.03], [0.008, 0.004, 0.06, 0.192, 0.0, 0.0, 0.724, 0.012], [0.066, 0.09, 0.0, 0.004, 0.194, 0.63, 0.008, 0.008], [0.918, 0.044, 0.0, 0.002, 0.004, 0.022, 0.004, 0.006], [0.778, 0.072, 0.02, 0.018, 0.048, 0.04, 0.006, 0.018], [0.0, 0.002, 0.29, 0.05, 0.0, 0.004, 0.638, 0.016], [0.002, 0.002, 0.696, 0.106, 0.0, 0.004, 0.108, 0.082], [0.146, 0.092, 0.038, 0.048, 0.02, 0.06, 0.054, 0.542], [0.002, 0.002, 0.27, 0.086, 0.0, 0.004, 0.618, 0.018], [0.006, 0.008, 0.148, 0.044, 0.004, 0.0, 0.788, 0.002], [0.042, 0.272, 0.0, 0.0, 0.406, 0.278, 0.0, 0.002], [0.13, 0.136, 0.002, 0.0, 0.21, 0.482, 0.004, 0.036], [0.002, 0.006, 0.588, 0.04, 0.0, 0.014, 0.118, 0.232], [0.0, 0.0, 0.966, 0.008, 0.0, 0.0, 0.026, 0.0], [0.008, 0.006, 0.012, 0.052, 0.0, 0.012, 0.036, 0.874], [0.002, 0.002, 0.014, 0.032, 0.0, 0.002, 0.884, 0.064], [0.008, 0.002, 0.02, 0.728, 0.0, 0.002, 0.238, 0.002], [0.336, 0.338, 0.004, 0.006, 0.18, 0.132, 0.002, 0.002], [0.026, 0.008, 0.016, 0.03, 0.004, 0.008, 0.012, 0.896], [0.006, 0.004, 0.04, 0.7, 0.0, 0.002, 0.228, 0.02], [0.04, 0.03, 0.0, 0.002, 0.05, 0.864, 0.002, 0.012], [0.004, 0.002, 0.842, 0.03, 0.0, 0.006, 0.074, 0.042], [0.004, 0.0, 0.186, 0.61, 0.0, 0.0, 0.192, 0.008], [0.122, 0.68, 0.01, 0.006, 0.098, 0.026, 0.01, 0.048], [0.002, 0.006, 0.008, 0.034, 0.0, 0.002, 0.928, 0.02], [0.96, 0.012, 0.0, 0.0, 0.004, 0.012, 0.008, 0.004], [0.204, 0.094, 0.014, 0.026, 0.516, 0.12, 0.008, 0.018], [0.028, 0.776, 0.022, 0.008, 0.108, 0.05, 0.0, 0.008], [0.006, 0.004, 0.036, 0.04, 0.0, 0.002, 0.798, 0.114], [0.01, 0.004, 0.776, 0.07, 0.0, 0.004, 0.1, 0.036], [0.002, 0.0, 0.02, 0.952, 0.0, 0.0, 0.012, 0.014], [0.002, 0.0, 0.832, 0.05, 0.0, 0.0, 0.098, 0.018], [0.0, 0.002, 0.044, 0.082, 0.0, 0.004, 0.802, 0.066], [0.158, 0.596, 0.0, 0.0, 0.086, 0.152, 0.0, 0.008], [0.692, 0.16, 0.0, 0.002, 0.042, 0.07, 0.006, 0.028], [0.02, 0.028, 0.078, 0.046, 0.008, 0.002, 0.06, 0.758], [0.77, 