{"auroc": 0.9914099738535294, "aupr": 0.9496976532338146, "y": [0, 3, 4, 0, 1, 7, 0, 6, 1, 3, 6, 3, 6, 5, 5, 1, 2, 1, 5, 6, 7, 1, 4, 2, 7, 2, 3, 2, 4, 0, 6, 5, 0, 5, 4, 4, 0, 7, 1, 4, 4, 1, 2, 6, 5, 6, 3, 6, 1, 2, 7, 3, 3, 5, 5, 5, 5, 2, 3, 3, 1, 7, 0, 4, 7, 6, 1, 0, 2, 3, 7, 1, 3, 2, 2, 7, 4, 0, 2, 6, 4, 2, 7, 1, 4, 6, 7, 0, 4, 3, 4, 7, 5, 6, 5, 0, 0, 6, 2, 7, 6, 6, 1, 5, 2, 2, 7, 6, 3, 0, 7, 3, 5, 2, 3, 1, 6, 0, 4, 1, 6, 2, 3, 2, 6, 1, 0, 7, 0, 4, 4, 5, 4, 2, 7, 0, 4, 2, 7, 4, 0, 2, 6, 4, 3, 1, 5, 7, 3, 3, 7, 6, 4, 4, 3, 6, 7, 7, 4, 2, 0, 3, 0, 3, 1, 1, 6, 7, 3, 4, 4, 7, 7, 3, 6, 6, 0, 0, 2, 1, 7, 0, 4, 2, 0, 3, 4, 1, 2, 3, 6, 0, 2, 0, 1, 7, 3, 6, 1, 0, 3, 1, 2, 3, 1, 0, 0, 4, 0, 2, 7, 6, 1, 5, 2, 7, 4, 1, 2, 4, 2, 5, 1, 6, 5, 4, 1, 6, 0, 1, 7, 2, 4, 1, 0, 2, 7, 7, 1, 6, 5, 5, 0, 2, 3, 3, 4, 2, 5, 7, 1, 7, 2, 6, 1, 3, 2, 4, 6, 6, 1, 3, 3, 3, 4, 5, 2, 6, 3, 1, 6, 2, 0, 6, 4, 2, 7, 0, 0, 7, 4, 6, 0, 7, 0, 0, 6, 7, 5, 6, 2, 5, 0, 2, 4, 1, 7, 2, 2, 2, 6, 2, 3, 4, 6, 3, 7, 4, 5, 6, 0, 3, 4, 4, 5, 0, 2, 5, 3, 4, 4, 4, 4, 4], "y-hat": [[0.312, 0.292, 0.034, 0.198, 0.0, 0.0, 0.02, 0.144], [0.094, 0.16, 0.05, 0.306, 0.004, 0.004, 0.188, 0.194], [0.048, 0.156, 0.03, 0.002, 0.606, 0.082, 0.004, 0.072], [0.498, 0.4, 0.0, 0.02, 0.022, 0.006, 0.02, 0.034], [0.04, 0.388, 0.006, 0.006, 0.106, 0.396, 0.014, 0.044], [0.0, 0.014, 0.074, 0.01, 0.004, 0.0, 0.546, 0.352], [0.65, 0.092, 0.0, 0.0, 0.16, 0.094, 0.004, 0.0], [0.046, 0.046, 0.012, 0.006, 0.046, 0.008, 0.65, 0.186], [0.102, 0.394, 0.056, 0.056, 0.068, 0.046, 0.108, 0.17], [0.004, 0.01, 0.094, 0.604, 0.0, 0.0, 0.28, 0.008], [0.034, 0.252, 0.05, 0.016, 0.092, 0.012, 0.212, 0.332], [0.0, 0.0, 0.124, 0.848, 0.006, 0.0, 0.016, 0.006], [0.16, 0.152, 0.054, 0.4, 0.022, 0.052, 0.07, 0.09], [0.02, 0.042, 0.006, 0.002, 0.348, 0.528, 0.012, 0.042], [0.222, 0.062, 0.0, 0.0, 0.08, 0.636, 0.0, 0.0], [0.038, 0.922, 0.0, 0.0, 0.022, 0.018, 0.0, 0.0], [0.008, 0.008, 0.364, 0.05, 0.002, 0.0, 0.346, 0.222], [0.202, 0.59, 0.002, 0.056, 0.038, 0.01, 0.032, 0.07], [0.12, 0.046, 0.0, 0.0, 0.4, 0.428, 0.0, 0.006], [0.032, 0.028, 0.026, 0.174, 0.0, 0.0, 0.538, 0.202], [0.044, 0.028, 0.016, 0.028, 0.016, 0.0, 0.004, 0.864], [0.072, 0.36, 0.004, 0.014, 0.112, 0.054, 0.21, 0.174], [0.116, 0.09, 0.012, 0.0, 0.224, 0.044, 0.07, 0.444], [0.02, 0.014, 0.612, 0.164, 0.0, 0.012, 0.03, 0.148], [0.082, 0.17, 0.026, 0.03, 0.052, 0.014, 0.002, 0.624], [0.0, 0.002, 0.762, 0.036, 0.0, 0.004, 0.058, 0.138], [0.002, 0.04, 0.026, 0.864, 0.002, 0.0, 0.036, 0.03], [0.014, 0.016, 0.496, 0.006, 0.002, 0.024, 0.256, 0.186], [0.114, 0.08, 0.0, 0.0, 0.66, 0.146, 0.0, 0.0], [0.738, 0.046, 0.002, 0.082, 0.026, 0.042, 0.048, 0.016], [0.004, 0.02, 0.184, 0.07, 0.004, 0.0, 0.638, 0.08], [0.02, 0.05, 0.0, 0.0, 0.308, 0.618, 0.002, 0.002], [0.702, 0.078, 0.0, 0.002, 0.094, 0.062, 0.014, 0.048], [0.052, 0.34, 0.018, 0.002, 0.066, 0.478, 0.01, 0.034], [0.162, 0.052, 0.0, 0.002, 0.68, 0.1, 0.0, 0.004], [0.222, 0.05, 0.0, 0.008, 0.602, 0.106, 0.006, 0.006], [0.65, 0.186, 0.016, 0.02, 0.032, 0.02, 0.028, 0.048], [0.102, 0.058, 0.382, 0.022, 0.004, 0.028, 0.082, 0.322], [0.058, 0.792, 0.002, 0.002, 0.056, 0.08, 0.004, 0.006], [0.176, 0.016, 0.036, 0.0, 0.194, 0.208, 0.242, 0.128], [0.05, 0.012, 0.0, 0.0, 0.66, 0.278, 0.0, 0.0], [0.078, 0.652, 0.002, 0.002, 0.19, 0.066, 0.002, 0.008], [0.004, 0.0, 0.838, 0.076, 0.0, 0.006, 0.034, 0.042], [0.078, 0.138, 0.086, 0.018, 0.024, 0.05, 0.37, 0.236], [0.126, 0.082, 0.002, 0.002, 0.172, 0.592, 0.004, 0.02], [0.012, 0.034, 0.14, 0.034, 0.004, 0.004, 0.534, 0.238], [0.014, 0.0, 0.256, 0.598, 0.002, 0.0, 0.086, 0.044], [0.07, 0.102, 0.054, 0.2, 0.012, 0.018, 0.286, 0.258], [0.098, 0.528, 0.002, 0.004, 0.052, 0.086, 0.078, 0.152], [0.012, 0.004, 0.75, 0.102, 0.006, 0.002, 0.02, 0.104], [0.096, 0.04, 0.036, 0.016, 0.028, 0.336, 0.074, 0.374], [0.02, 0.008, 0.274, 0.544, 0.0, 0.002, 0.086, 0.066], [0.05, 0.016, 0.078, 0.444, 0.006, 0.002, 0.116, 0.288], [0.234, 0.084, 0.056, 0.016, 0.076, 0.442, 0.034, 0.058], [0.208, 0.124, 0.0, 0.004, 0.152, 0.496, 0.002, 0.014], [0.134, 0.038, 0.006, 0.002, 0.058, 0.666, 0.066, 0.03], [0.448, 0.116, 0.0, 0.0, 0.138, 0.258, 0.024, 0.016], [0.004, 0.006, 0.944, 0.014, 0.0, 0.0, 0.01, 0.022], [0.29, 0.156, 0.026, 0.254, 0.032, 0.004, 0.036, 0.202], [0.016, 0.022, 0.046, 0.512, 0.0, 0.004, 0.22, 0.18], [0.272, 0.572, 0.0, 0.0, 0.042, 0.112, 0.002, 0.0], [0.06, 0.004, 0.004, 0.09, 0.018, 0.0, 0.0, 0.824], [0.694, 0.182, 0.004, 0.02, 0.024, 0.014, 0.018, 0.044], [0.22, 0.162, 0.004, 0.04, 0.296, 0.024, 0.076, 0.178], [0.008, 0.006, 0.238, 0.03, 0.012, 0.002, 0.118, 0.586], [0.082, 0.028, 0.08, 0.088, 0.004, 0.004, 0.584, 0.13], [0.316, 0.364, 0.086, 0.044, 0.01, 0.026, 0.038, 0.116], [0.3, 0.29, 0.036, 0.226, 0.0, 0.0, 0.02, 0.128], [0.002, 0.002, 0.926, 0.028, 0.0, 0.0, 0.006, 0.036], [0.056, 0.012, 0.128, 0.77, 0.0, 0.0, 0.002, 0.032], [0.02, 0.02, 0.136, 0.192, 0.012, 0.006, 0.04, 0.574], [0.232, 0.408, 0.072, 0.07, 0.01, 0.018, 0.06, 0.13], [0.026, 0.03, 0.114, 0.316, 0.0, 0.004, 0.248, 0.262], [0.052, 0.026, 0.55, 0.302, 0.0, 0.002, 0.004, 0.064], [0.01, 0.0, 0.648, 0.15, 0.0, 0.0, 0.044, 0.148], [0.018, 0.004, 0.118, 0.226, 0.0, 0.006, 0.224, 0.404], [0.19, 0.11, 0.0, 0.01, 0.58, 0.09, 0.006, 0.014], [0.494, 0.246, 0.008, 0.088, 0.07, 0.022, 0.024, 0.048], [0.01, 0.002, 0.73, 0.044, 0.0, 0.0, 0.03, 0.184], [0.04, 0.05, 0.026, 0.166, 0.008, 0.002, 0.462, 0.246], [0.1, 0.146, 0.006, 0.024, 0.484, 0.002, 0.062, 0.176], [0.142, 0.054, 0.22, 0.002, 0.032, 0.132, 0.266, 0.152], [0.03, 0.018, 0.112, 0.134, 0.0, 0.0, 0.118, 0.588], [0.228, 0.506, 0.002, 0.042, 0.018, 0.046, 0.008, 0.15], [0.102, 0.014, 0.0, 0.0, 0.772, 0.108, 0.002, 0.002], [0.098, 0.046, 0.056, 0.0, 0.024, 0.16, 0.582, 0.034], [0.024, 0.024, 0.552, 0.028, 0.0, 0.016, 0.076, 0.28], [0.58, 0.082, 0.0, 0.018, 0.166, 0.088, 0.022, 0.044], [0.044, 0.008, 0.0, 0.002, 0.812, 0.132, 0.0, 0.002], [0.004, 0.01, 0.058, 0.716, 0.0, 0.0, 0.208, 0.004], [0.228, 0.066, 0.004, 0.008, 0.53, 0.022, 0.034, 0.108], [0.008, 0.016, 0.038, 0.004, 0.018, 0.002, 0.192, 0.722], [0.004, 0.002, 0.0, 0.002, 0.348, 0.636, 0.0, 0.008], [0.134, 0.042, 0.056, 0.114, 0.0, 0.0, 0.498, 0.156], [0.014, 0.008, 0.0, 0.0, 0.188, 0.788, 0.0, 0.002], [0.714, 0.188, 0.0, 0.0, 0.07, 0.022, 0.0, 0.006], [0.368, 0.422, 0.022, 0.034, 0.014, 0.0, 0.054, 0.086], [0.002, 0.002, 0.368, 0.038, 0.002, 0.0, 0.412, 0.176], [0.006, 0.0, 0.698, 0.022, 0.0, 0.002, 0.072, 0.2], [0.304, 0.114, 0.01, 0.036, 0.072, 0.008, 0.034, 0.422], [0.0, 0.0, 0.608, 0.024, 0.002, 0.002, 0.304, 0.06], [0.072, 0.042, 0.03, 0.0, 0.014, 0.114, 0.682, 0.046], [0.056, 0.236, 0.0, 0.0, 0.538, 0.16, 0.004, 0.006], [0.102, 0.042, 0.016, 0.0, 0.076, 0.604, 0.072, 0.088], [0.002, 0.0, 0.886, 0.006, 0.0, 0.0, 0.094, 0.012], [0.016, 0.006, 0.782, 0.098, 0.0, 0.0, 0.06, 0.038], [0.164, 0.1, 0.01, 0.086, 0.018, 0.006, 0.042, 0.574], [0.002, 0.008, 0.038, 0.044, 0.002, 0.0, 0.888, 0.018], [0.194, 0.218, 0.012, 0.372, 0.056, 0.006, 0.074, 0.068], [0.524, 0.288, 0.006, 0.01, 0.054, 0.066, 0.02, 0.032], [0.002, 0.018, 0.126, 0.186, 0.0, 0.01, 0.152, 0.506], [0.004, 0.01, 0.032, 0.628, 0.0, 0.002, 0.308, 0.016], [0.042, 0.21, 0.0, 0.004, 0.124, 0.604, 0.0, 0.016], [0.012, 0.006, 0.88, 0.008, 0.0, 0.0, 0.03, 0.064], [0.048, 0.028, 0.054, 0.53, 0.0, 0.002, 0.114, 0.224], [0.098, 0.606, 0.0, 0.004, 0.048, 0.052, 0.092, 0.1], [0.014, 0.024, 0.038, 0.024, 0.008, 0.002, 0.82, 0.07], [0.532, 0.302, 0.0, 0.004, 0.016, 0.132, 0.012, 0.002], [0.188, 0.02, 0.048, 0.008, 0.576, 0.066, 0.016, 0.078], [0.122, 0.67, 0.02, 0.044, 0.012, 0.006, 0.016, 0.11], [0.002, 0.0, 0.03, 0.11, 0.0, 0.0, 0.814, 0.044], [0.002, 0.002, 0.95, 0.008, 0.0, 0.0, 0.008, 0.03], [0.082, 0.026, 0.094, 0.762, 0.0, 0.002, 0.006, 0.028], [0.002, 0.0, 0.846, 0.006, 0.002, 0.0, 0.08, 0.064], [0.048, 0.142, 0.016, 0.082, 0.016, 0.016, 0.564, 0.116], [0.316, 0.4, 0.004, 0.03, 0.052, 0.084, 0.03, 0.084], [0.44, 0.29, 0.0, 0.0, 0.102, 0.166, 0.0, 0.002], [0.012, 0.012, 0.502, 