{"auroc": 0.952603099761247, "aupr": 0.7935116387171248}