{"auroc": 0.6610063102014965, "aupr": 0.2745040148865351}