{"auroc": 0.9998474773018015, "aupr": 0.9989875752910935, "y": [0, 3, 4, 0, 1, 7, 0, 6, 1, 3, 6, 3, 6, 5, 5, 1, 2, 1, 5, 6, 7, 1, 4, 2, 7, 2, 3, 2, 4, 0, 6, 5, 0, 5, 4, 4, 0, 7, 1, 4, 4, 1, 2, 6, 5, 6, 3, 6, 1, 2, 7, 3, 3, 5, 5, 5, 5, 2, 3, 3, 1, 7, 0, 4, 7, 6, 1, 0, 2, 3, 7, 1, 3, 2, 2, 7, 4, 0, 2, 6, 4, 2, 7, 1, 4, 6, 7, 0, 4, 3, 4, 7, 5, 6, 5, 0, 0, 6, 2, 7, 6, 6, 1, 5, 2, 2, 7, 6, 3, 0, 7, 3, 5, 2, 3, 1, 6, 0, 4, 1, 6, 2, 3, 2, 6, 1, 0, 7, 0, 4, 4, 5, 4, 2, 7, 0, 4, 2, 7, 4, 0, 2, 6, 4, 3, 1, 5, 7, 3, 3, 7, 6, 4, 4, 3, 6, 7, 7, 4, 2, 0, 3, 0, 3, 1, 1, 6, 7, 3, 4, 4, 7, 7, 3, 6, 6, 0, 0, 2, 1, 7, 0, 4, 2, 0, 3, 4, 1, 2, 3, 6, 0, 2, 0, 1, 7, 3, 6, 1, 0, 3, 1, 2, 3, 1, 0, 0, 4, 0, 2, 7, 6, 1, 5, 2, 7, 4, 1, 2, 4, 2, 5, 1, 6, 5, 4, 1, 6, 0, 1, 7, 2, 4, 1, 0, 2, 7, 7, 1, 6, 5, 5, 0, 2, 3, 3, 4, 2, 5, 7, 1, 7, 2, 6, 1, 3, 2, 4, 6, 6, 1, 3, 3, 3, 4, 5, 2, 6, 3, 1, 6, 2, 0, 6, 4, 2, 7, 0, 0, 7, 4, 6, 0, 7, 0, 0, 6, 7, 5, 6, 2, 5, 0, 2, 4, 1, 7, 2, 2, 2, 6, 2, 3, 4, 6, 3, 7, 4, 5, 6, 0, 3, 4, 4, 5, 0, 2, 5, 3, 4, 4, 4, 4, 4], "y-hat": [[0.558, 0.248, 0.018, 0.02, 0.044, 0.052, 0.006, 0.054], [0.008, 0.0, 0.064, 0.846, 0.008, 0.002, 0.052, 0.02], [0.122, 0.158, 0.02, 0.014, 0.416, 0.16, 0.0, 0.11], [0.936, 0.024, 0.004, 0.012, 0.002, 0.004, 0.014, 0.004], [0.058, 0.766, 0.0, 0.0, 0.09, 0.072, 0.0, 0.014], [0.044, 0.026, 0.024, 0.024, 0.03, 0.02, 0.074, 0.758], [0.69, 0.214, 0.0, 0.0, 0.038, 0.056, 0.002, 0.0], [0.002, 0.0, 0.01, 0.01, 0.0, 0.0, 0.966, 0.012], [0.12, 0.388, 0.062, 0.05, 0.128, 0.06, 0.074, 0.118], [0.004, 0.002, 0.096, 0.802, 0.0, 0.0, 0.096, 0.0], [0.022, 0.008, 0.164, 0.054, 0.014, 0.018, 0.632, 0.088], [0.008, 0.002, 0.196, 0.596, 0.0, 0.004, 0.048, 0.146], [0.016, 0.006, 0.062, 0.11, 0.0, 0.006, 0.682, 0.118], [0.12, 0.096, 0.012, 0.004, 0.09, 0.618, 0.01, 0.05], [0.126, 0.138, 0.0, 0.002, 0.024, 0.646, 0.006, 0.058], [0.084, 0.776, 0.0, 0.0, 0.094, 0.036, 0.0, 0.01], [0.006, 0.0, 0.48, 0.06, 0.002, 0.0, 0.428, 0.024], [0.188, 0.612, 0.014, 0.054, 0.01, 0.026, 0.03, 0.066], [0.04, 0.02, 0.0, 0.002, 0.032, 0.894, 0.006, 0.006], [0.026, 0.012, 0.05, 0.138, 0.006, 0.004, 0.688, 0.076], [0.158, 0.074, 0.094, 0.046, 0.052, 0.06, 0.03, 0.486], [0.164, 0.694, 0.002, 0.0, 0.104, 0.024, 0.0, 0.012], [0.118, 0.2, 0.004, 0.002, 0.546, 0.102, 0.0, 0.028], [0.074, 0.064, 0.642, 0.054, 0.028, 0.028, 0.074, 0.036], [0.02, 0.016, 0.026, 0.052, 0.002, 0.002, 0.004, 0.878], [0.006, 0.002, 0.824, 0.138, 0.0, 0.0, 0.02, 0.01], [0.008, 0.002, 0.036, 0.872, 0.0, 0.0, 0.076, 0.006], [0.014, 0.018, 0.748, 0.04, 0.0, 0.014, 0.116, 0.05], [0.11, 0.11, 0.002, 0.002, 0.702, 0.064, 0.002, 0.008], [0.718, 0.062, 0.002, 0.01, 0.05, 0.126, 0.022, 0.01], [0.0, 0.0, 0.092, 0.034, 0.0, 0.0, 0.854, 0.02], [0.1, 0.12, 0.0, 0.002, 0.118, 0.658, 0.002, 0.0], [0.756, 0.048, 0.002, 0.0, 0.048, 0.116, 0.004, 0.026], [0.07, 0.176, 0.018, 0.008, 0.07, 0.554, 0.016, 0.088], [0.142, 0.092, 0.0, 0.0, 0.716, 0.044, 0.0, 0.006], [0.174, 0.156, 0.004, 0.0, 0.624, 0.042, 0.0, 0.0], [0.516, 0.25, 0.002, 0.012, 0.112, 0.072, 0.008, 0.028], [0.044, 0.042, 0.058, 0.062, 0.012, 0.018, 0.056, 0.708], [0.1, 0.75, 0.006, 0.004, 0.058, 0.058, 0.004, 0.02], [0.162, 0.086, 0.0, 0.008, 0.408, 0.3, 0.002, 0.034], [0.014, 0.008, 0.002, 0.0, 0.952, 0.024, 0.0, 0.0], [0.122, 0.428, 0.0, 0.0, 0.274, 0.164, 0.002, 0.01], [0.002, 0.002, 0.828, 0.078, 0.0, 0.002, 0.07, 0.018], [0.004, 0.006, 0.074, 0.046, 0.0, 0.01, 0.818, 0.042], [0.026, 0.052, 0.0, 0.0, 0.102, 0.818, 0.0, 0.002], [0.016, 0.004, 0.414, 0.092, 0.006, 0.008, 0.444, 0.016], [0.008, 0.0, 0.056, 0.794, 0.002, 0.0, 0.054, 0.086], [0.014, 0.02, 0.058, 0.216, 0.008, 0.004, 0.606, 0.074], [0.134, 0.552, 0.008, 0.0, 0.188, 0.09, 0.012, 0.016], [0.014, 0.024, 0.782, 0.096, 0.004, 0.012, 0.034, 0.034], [0.014, 0.036, 0.016, 0.012, 0.012, 0.054, 0.022, 0.834], [0.006, 0.004, 0.19, 0.65, 0.0, 0.0, 0.138, 0.012], [0.058, 0.014, 0.142, 0.704, 0.01, 0.008, 0.028, 0.036], [0.074, 0.088, 0.03, 0.032, 0.094, 0.654, 0.006, 0.022], [0.06, 0.076, 0.002, 0.004, 0.14, 0.696, 0.002, 0.02], [0.154, 0.088, 0.006, 0.008, 0.06, 0.666, 0.012, 0.006], [0.164, 0.13, 0.012, 0.006, 0.046, 0.616, 0.018, 0.008], [0.002, 0.008, 0.888, 0.044, 0.0, 0.002, 0.032, 0.024], [0.022, 0.006, 0.044, 0.766, 0.004, 0.002, 0.134, 0.022], [0.016, 0.0, 0.064, 0.832, 0.002, 0.002, 0.068, 0.016], [0.146, 0.634, 0.0, 0.002, 0.1, 0.096, 0.002, 0.02], [0.004, 0.01, 0.024, 0.068, 0.002, 0.004, 0.018, 0.87], [0.63, 0.226, 0.016, 0.008, 0.02, 0.024, 0.008, 0.068], [0.3, 0.128, 0.006, 0.004, 0.496, 0.04, 0.012, 0.014], [0.018, 0.02, 0.112, 0.014, 0.016, 0.016, 0.098, 0.706], [0.004, 0.002, 0.082, 0.212, 0.0, 0.008, 0.588, 0.104], [0.124, 0.568, 0.0, 0.014, 0.124, 0.108, 0.002, 0.06], [0.56, 0.238, 0.026, 0.016, 0.052, 0.054, 0.004, 0.05], [0.01, 0.006, 0.764, 0.056, 0.0, 0.014, 0.03, 0.12], [0.006, 0.004, 0.058, 0.862, 0.004, 0.002, 0.034, 0.03], [0.008, 0.0, 0.05, 0.068, 0.002, 0.006, 0.04, 0.826], [0.136, 0.458, 0.044, 0.044, 0.118, 0.096, 0.032, 0.072], [0.05, 0.024, 0.26, 0.404, 0.002, 0.0, 0.206, 0.054], [0.018, 0.028, 0.748, 0.118, 0.022, 0.01, 0.012, 0.044], [0.0, 0.0, 0.934, 0.028, 0.0, 0.0, 0.036, 0.002], [0.004, 0.008, 0.006, 0.026, 0.004, 0.022, 0.012, 0.918], [0.108, 0.082, 0.002, 0.0, 0.778, 0.022, 0.002, 0.006], [0.762, 0.118, 0.01, 0.006, 0.014, 0.068, 0.018, 0.004], [0.002, 0.0, 0.858, 0.05, 0.0, 0.002, 0.062, 0.026], [0.014, 0.012, 0.044, 0.208, 0.0, 0.002, 0.682, 0.038], [0.192, 0.394, 0.0, 0.004, 0.326, 0.072, 0.002, 0.01], [0.018, 0.014, 0.668, 0.08, 0.002, 0.0, 0.158, 0.06], [0.014, 0.008, 0.026, 0.056, 0.002, 0.004, 0.03, 0.86], [0.172, 0.686, 0.018, 0.024, 0.038, 0.044, 0.012, 0.006], [0.084, 0.038, 0.0, 0.0, 0.814, 0.06, 0.002, 0.002], [0.008, 0.004, 0.208, 0.04, 0.002, 0.004, 0.708, 0.026], [0.03, 0.048, 0.058, 0.072, 0.022, 0.012, 0.042, 0.716], [0.486, 0.048, 0.004, 0.008, 0.336, 0.074, 0.004, 0.04], [0.132, 0.05, 0.008, 0.002, 0.606, 0.192, 0.008, 0.002], [0.004, 0.002, 0.092, 0.786, 0.0, 0.0, 0.11, 0.006], [0.292, 0.102, 0.006, 0.002, 0.326, 0.226, 0.006, 0.04], [0.012, 0.01, 0.042, 0.016, 0.002, 0.018, 0.054, 0.846], [0.096, 0.078, 0.004, 0.0, 0.186, 0.624, 0.006, 0.006], [0.018, 0.004, 0.06, 0.188, 0.002, 0.002, 0.678, 0.048], [0.086, 0.082, 0.006, 0.002, 0.234, 0.572, 0.016, 0.002], [0.846, 0.076, 0.0, 0.004, 0.02, 0.03, 0.012, 0.012], [0.75, 0.064, 0.016, 0.034, 0.068, 0.05, 0.004, 0.014], [0.0, 0.002, 0.23, 0.064, 0.0, 0.0, 0.67, 0.034], [0.006, 0.002, 0.668, 0.108, 0.0, 0.004, 0.132, 0.08], [0.08, 0.106, 0.008, 0.08, 0.028, 0.08, 0.038, 0.58], [0.01, 0.006, 0.302, 0.09, 0.0, 0.008, 0.566, 0.018], [0.0, 0.004, 0.17, 0.024, 0.002, 0.002, 0.776, 0.022], [0.098, 0.274, 0.0, 0.002, 0.336, 0.28, 0.0, 0.01], [0.144, 0.06, 0.006, 0.002, 0.19, 0.558, 0.006, 0.034], [0.022, 0.016, 0.642, 0.044, 0.0, 0.006, 0.118, 0.152], [0.002, 0.0, 0.912, 0.04, 0.0, 0.0, 0.038, 0.008], [0.018, 0.006, 0.024, 0.06, 0.0, 0.006, 0.07, 0.816], [0.004, 0.004, 0.02, 0.026, 0.0, 0.002, 0.88, 0.064], [0.02, 0.004, 0.04, 0.61, 0.004, 0.0, 0.288, 0.034], [0.422, 0.278, 0.002, 0.004, 0.182, 0.104, 0.006, 0.002], [0.01, 0.016, 0.022, 0.02, 0.0, 0.004, 0.014, 0.914], [0.004, 0.002, 0.038, 0.698, 0.0, 0.0, 0.254, 0.004], [0.116, 0.06, 0.0, 0.0, 0.1, 0.686, 0.01, 0.028], [0.012, 0.006, 0.812, 0.066, 0.0, 0.002, 0.066, 0.036], [0.008, 0.002, 0.154, 0.724, 0.0, 0.0, 0.1, 0.012], [0.1, 0.606, 0.004, 0.004, 0.154, 0.096, 0.008, 0.028], [0.006, 0.002, 0.02, 0.028, 0.002, 0.0, 0.872, 0.07], [0.89, 0.024, 0.002, 0.008, 0.01, 0.044, 0.012, 0.01], [0.206, 0.036, 0.024, 0.026, 0.594, 0.098, 0.006, 0.01], [0.038, 0.758, 0.002, 0.006, 0.1, 0.068, 0.002, 0.026], [0.006, 0.008, 0.042, 0.046, 0.0, 0.002, 0.758, 0.138], [0.002, 0.004, 0.696, 0.132, 0.002, 0.004, 0.104, 0.056], [0.0, 0.004, 0.042, 0.908, 0.0, 0.002, 0.02, 0.024], [0.01, 0.002, 0.802, 0.052, 0.0, 0.006, 0.112, 0.016], [0.004, 0.0, 0.048, 0.058, 0.002, 0.002, 0.808, 0.078], [0.132, 0.718, 0.0, 0.002, 0.05, 0.09, 0.002, 0.006], [0.562, 0.17, 0.0, 0.008, 