{"auroc": 0.9998069259639655, "aupr": 0.9987355010937595, "y": [0, 3, 4, 0, 1, 7, 0, 6, 1, 3, 6, 3, 6, 5, 5, 1, 2, 1, 5, 6, 7, 1, 4, 2, 7, 2, 3, 2, 4, 0, 6, 5, 0, 5, 4, 4, 0, 7, 1, 4, 4, 1, 2, 6, 5, 6, 3, 6, 1, 2, 7, 3, 3, 5, 5, 5, 5, 2, 3, 3, 1, 7, 0, 4, 7, 6, 1, 0, 2, 3, 7, 1, 3, 2, 2, 7, 4, 0, 2, 6, 4, 2, 7, 1, 4, 6, 7, 0, 4, 3, 4, 7, 5, 6, 5, 0, 0, 6, 2, 7, 6, 6, 1, 5, 2, 2, 7, 6, 3, 0, 7, 3, 5, 2, 3, 1, 6, 0, 4, 1, 6, 2, 3, 2, 6, 1, 0, 7, 0, 4, 4, 5, 4, 2, 7, 0, 4, 2, 7, 4, 0, 2, 6, 4, 3, 1, 5, 7, 3, 3, 7, 6, 4, 4, 3, 6, 7, 7, 4, 2, 0, 3, 0, 3, 1, 1, 6, 7, 3, 4, 4, 7, 7, 3, 6, 6, 0, 0, 2, 1, 7, 0, 4, 2, 0, 3, 4, 1, 2, 3, 6, 0, 2, 0, 1, 7, 3, 6, 1, 0, 3, 1, 2, 3, 1, 0, 0, 4, 0, 2, 7, 6, 1, 5, 2, 7, 4, 1, 2, 4, 2, 5, 1, 6, 5, 4, 1, 6, 0, 1, 7, 2, 4, 1, 0, 2, 7, 7, 1, 6, 5, 5, 0, 2, 3, 3, 4, 2, 5, 7, 1, 7, 2, 6, 1, 3, 2, 4, 6, 6, 1, 3, 3, 3, 4, 5, 2, 6, 3, 1, 6, 2, 0, 6, 4, 2, 7, 0, 0, 7, 4, 6, 0, 7, 0, 0, 6, 7, 5, 6, 2, 5, 0, 2, 4, 1, 7, 2, 2, 2, 6, 2, 3, 4, 6, 3, 7, 4, 5, 6, 0, 3, 4, 4, 5, 0, 2, 5, 3, 4, 4, 4, 4, 4], "y-hat": [[0.548, 0.298, 0.018, 0.008, 0.038, 0.046, 0.004, 0.04], [0.004, 0.002, 0.056, 0.87, 0.0, 0.008, 0.034, 0.026], [0.064, 0.144, 0.022, 0.046, 0.526, 0.092, 0.006, 0.1], [0.972, 0.018, 0.0, 0.004, 0.0, 0.006, 0.0, 0.0], [0.024, 0.826, 0.002, 0.0, 0.086, 0.054, 0.002, 0.006], [0.02, 0.014, 0.052, 0.028, 0.006, 0.01, 0.12, 0.75], [0.68, 0.2, 0.002, 0.0, 0.034, 0.08, 0.0, 0.004], [0.0, 0.002, 0.014, 0.01, 0.0, 0.0, 0.958, 0.016], [0.16, 0.46, 0.058, 0.044, 0.068, 0.05, 0.076, 0.084], [0.002, 0.004, 0.044, 0.872, 0.0, 0.0, 0.074, 0.004], [0.006, 0.004, 0.198, 0.04, 0.0, 0.006, 0.562, 0.184], [0.012, 0.0, 0.184, 0.656, 0.004, 0.01, 0.034, 0.1], [0.01, 0.008, 0.024, 0.062, 0.0, 0.004, 0.752, 0.14], [0.058, 0.042, 0.012, 0.008, 0.122, 0.644, 0.004, 0.11], [0.114, 0.13, 0.0, 0.0, 0.064, 0.672, 0.0, 0.02], [0.074, 0.786, 0.0, 0.0, 0.068, 0.062, 0.0, 0.01], [0.01, 0.006, 0.506, 0.032, 0.0, 0.0, 0.374, 0.072], [0.166, 0.672, 0.014, 0.038, 0.006, 0.038, 0.012, 0.054], [0.034, 0.024, 0.002, 0.002, 0.076, 0.858, 0.0, 0.004], [0.008, 0.012, 0.1, 0.166, 0.0, 0.002, 0.674, 0.038], [0.096, 0.048, 0.06, 0.024, 0.096, 0.036, 0.01, 0.63], [0.146, 0.65, 0.006, 0.002, 0.128, 0.054, 0.004, 0.01], [0.088, 0.2, 0.002, 0.0, 0.564, 0.122, 0.002, 0.022], [0.086, 0.042, 0.648, 0.022, 0.032, 0.048, 0.048, 0.074], [0.04, 0.022, 0.064, 0.052, 0.012, 0.006, 0.028, 0.776], [0.002, 0.006, 0.844, 0.114, 0.0, 0.0, 0.024, 0.01], [0.0, 0.002, 0.04, 0.876, 0.0, 0.0, 0.078, 0.004], [0.004, 0.01, 0.814, 0.048, 0.008, 0.01, 0.062, 0.044], [0.15, 0.104, 0.002, 0.0, 0.668, 0.074, 0.0, 0.002], [0.756, 0.1, 0.01, 0.004, 0.028, 0.092, 0.004, 0.006], [0.0, 0.0, 0.044, 0.024, 0.002, 0.0, 0.9, 0.03], [0.076, 0.146, 0.01, 0.0, 0.132, 0.634, 0.002, 0.0], [0.812, 0.07, 0.0, 0.004, 0.044, 0.056, 0.002, 0.012], [0.042, 0.216, 0.008, 0.01, 0.058, 0.592, 0.02, 0.054], [0.164, 0.11, 0.0, 0.0, 0.664, 0.06, 0.0, 0.002], [0.174, 0.14, 0.0, 0.0, 0.628, 0.056, 0.002, 0.0], [0.548, 0.268, 0.012, 0.016, 0.08, 0.058, 0.002, 0.016], [0.028, 0.014, 0.106, 0.098, 0.014, 0.024, 0.024, 0.692], [0.16, 0.784, 0.004, 0.0, 0.022, 0.02, 0.002, 0.008], [0.122, 0.078, 0.008, 0.006, 0.362, 0.372, 0.0, 0.052], [0.014, 0.014, 0.0, 0.0, 0.962, 0.01, 0.0, 0.0], [0.09, 0.436, 0.002, 0.002, 0.296, 0.154, 0.0, 0.02], [0.0, 0.0, 0.708, 0.222, 0.002, 0.004, 0.05, 0.014], [0.0, 0.0, 0.042, 0.012, 0.0, 0.002, 0.928, 0.016], [0.022, 0.036, 0.0, 0.0, 0.134, 0.808, 0.0, 0.0], [0.002, 0.004, 0.29, 0.092, 0.0, 0.004, 0.59, 0.018], [0.008, 0.014, 0.046, 0.772, 0.0, 0.002, 0.05, 0.108], [0.008, 0.02, 0.072, 0.376, 0.008, 0.006, 0.422, 0.088], [0.192, 0.544, 0.004, 0.002, 0.138, 0.084, 0.012, 0.024], [0.024, 0.02, 0.784, 0.048, 0.008, 0.012, 0.038, 0.066], [0.052, 0.042, 0.018, 0.022, 0.012, 0.074, 0.028, 0.752], [0.0, 0.0, 0.156, 0.554, 0.002, 0.0, 0.262, 0.026], [0.024, 0.014, 0.134, 0.73, 0.01, 0.004, 0.028, 0.056], [0.114, 0.116, 0.02, 0.022, 0.1, 0.6, 0.016, 0.012], [0.058, 0.064, 0.0, 0.0, 0.144, 0.728, 0.0, 0.006], [0.13, 0.07, 0.012, 0.008, 0.09, 0.656, 0.012, 0.022], [0.25, 0.078, 0.004, 0.004, 0.046, 0.6, 0.018, 0.0], [0.006, 0.006, 0.896, 0.026, 0.002, 0.0, 0.022, 0.042], [0.004, 0.004, 0.036, 0.82, 0.004, 0.004, 0.104, 0.024], [0.018, 0.016, 0.142, 0.668, 0.006, 0.008, 0.082, 0.06], [0.206, 0.644, 0.0, 0.002, 0.09, 0.046, 0.002, 0.01], [0.004, 0.0, 0.022, 0.09, 0.002, 0.002, 0.02, 0.86], [0.716, 0.148, 0.03, 0.004, 0.034, 0.008, 0.016, 0.044], [0.266, 0.17, 0.0, 0.002, 0.51, 0.046, 0.0, 0.006], [0.016, 0.018, 0.042, 0.028, 0.008, 0.014, 0.108, 0.766], [0.006, 0.0, 0.11, 0.086, 0.0, 0.002, 0.622, 0.174], [0.14, 0.654, 0.008, 0.002, 0.072, 0.08, 0.01, 0.034], [0.51, 0.306, 0.02, 0.008, 0.064, 0.044, 0.004, 0.044], [0.01, 0.004, 0.76, 0.046, 0.006, 0.01, 0.024, 0.14], [0.004, 0.008, 0.046, 0.89, 0.002, 0.008, 0.026, 0.016], [0.006, 0.0, 0.036, 0.072, 0.004, 0.012, 0.026, 0.844], [0.188, 0.476, 0.038, 0.03, 0.062, 0.132, 0.03, 0.044], [0.044, 0.024, 0.254, 0.352, 0.006, 0.004, 0.154, 0.162], [0.024, 0.044, 0.692, 0.16, 0.03, 0.006, 0.008, 0.036], [0.004, 0.002, 0.86, 0.052, 0.0, 0.002, 0.076, 0.004], [0.024, 0.014, 0.022, 0.028, 0.002, 0.026, 0.012, 0.872], [0.05, 0.068, 0.0, 0.0, 0.85, 0.03, 0.002, 0.0], [0.8, 0.062, 0.006, 0.016, 0.012, 0.098, 0.006, 0.0], [0.0, 0.0, 0.932, 0.008, 0.0, 0.0, 0.052, 0.008], [0.008, 0.002, 0.102, 0.148, 0.002, 0.004, 0.696, 0.038], [0.218, 0.36, 0.0, 0.004, 0.354, 0.05, 0.006, 0.008], [0.018, 0.012, 0.586, 0.074, 0.004, 0.012, 0.254, 0.04], [0.016, 0.012, 0.006, 0.026, 0.002, 0.01, 0.028, 0.9], [0.186, 0.67, 0.004, 0.01, 0.052, 0.076, 0.002, 0.0], [0.068, 0.03, 0.0, 0.004, 0.858, 0.034, 0.002, 0.004], [0.008, 0.002, 0.164, 0.07, 0.002, 0.0, 0.738, 0.016], [0.014, 0.022, 0.224, 0.088, 0.016, 0.006, 0.044, 0.586], [0.424, 0.062, 0.0, 0.0, 0.42, 0.07, 0.0, 0.024], [0.12, 0.078, 0.01, 0.004, 0.546, 0.226, 0.002, 0.014], [0.004, 0.0, 0.066, 0.838, 0.0, 0.0, 0.068, 0.024], [0.266, 0.138, 0.002, 0.002, 0.368, 0.17, 0.004, 0.05], [0.008, 0.01, 0.03, 0.028, 0.006, 0.0, 0.052, 0.866], [0.068, 0.036, 0.008, 0.006, 0.184, 0.67, 0.004, 0.024], [0.01, 0.0, 0.12, 0.246, 0.0, 0.002, 0.602, 0.02], [0.048, 0.056, 0.004, 0.0, 0.222, 0.666, 0.004, 0.0], [0.802, 0.124, 0.0, 0.002, 0.034, 0.018, 0.006, 0.014], [0.774, 0.058, 0.016, 0.002, 0.082, 0.062, 0.0, 0.006], [0.01, 0.004, 0.212, 0.072, 0.004, 0.0, 0.638, 0.06], [0.01, 0.002, 0.594, 0.074, 0.004, 0.004, 0.132, 0.18], [0.204, 0.088, 0.052, 0.068, 0.028, 0.08, 0.082, 0.398], [0.002, 0.002, 0.24, 0.06, 0.0, 0.0, 0.678, 0.018], [0.002, 0.004, 0.186, 0.026, 0.0, 0.002, 0.766, 0.014], [0.06, 0.32, 0.0, 0.0, 0.38, 0.224, 0.0, 0.016], [0.198, 0.114, 0.004, 0.0, 0.208, 0.442, 0.004, 0.03], [0.012, 0.008, 0.606, 0.03, 0.0, 0.004, 0.112, 0.228], [0.0, 0.0, 0.934, 0.008, 0.0, 0.0, 0.056, 0.002], [0.004, 0.006, 0.01, 0.058, 0.0, 0.008, 0.052, 0.862], [0.0, 0.0, 0.018, 0.014, 0.0, 0.0, 0.906, 0.062], [0.004, 0.002, 0.042, 0.688, 0.004, 0.004, 0.23, 0.026], [0.4, 0.324, 0.002, 0.0, 0.186, 0.08, 0.006, 0.002], [0.006, 0.002, 0.018, 0.06, 0.004, 0.008, 0.026, 0.876], [0.0, 0.01, 0.034, 0.676, 0.002, 0.0, 0.242, 0.036], [0.08, 0.046, 0.0, 0.004, 0.078, 0.764, 0.004, 0.024], [0.008, 0.0, 0.87, 0.022, 0.002, 0.002, 0.058, 0.038], [0.006, 0.008, 0.162, 0.678, 0.0, 0.0, 0.122, 0.024], [0.104, 0.668, 0.008, 0.008, 0.086, 0.058, 0.014, 0.054], [0.002, 0.0, 0.008, 0.018, 0.0, 0.0, 0.884, 0.088], [0.924, 0.03, 0.0, 0.01, 0.002, 0.02, 0.014, 0.0], [0.164, 0.062, 0.014, 0.014, 0.61, 0.118, 0.004, 0.014], [0.054, 0.612, 0.022, 0.03, 0.24, 0.03, 0.004, 0.008], [0.004, 0.0, 0.042, 0.084, 0.0, 0.0, 0.802, 0.068], [0.002, 0.002, 0.746, 0.086, 0.0, 0.002, 0.098, 0.064], [0.0, 0.0, 0.022, 0.936, 0.002, 0.0, 0.034, 0.006], [0.004, 0.0, 0.83, 0.046, 0.0, 0.0, 0.09, 0.03], [0.002, 0.004, 0.032, 0.064, 0.002, 0.0, 0.8, 0.096], [0.202, 0.632, 0.002, 0.002, 0.096, 0.06, 0.0, 0.006], [0.446, 0.356, 0.0, 0.02, 0.076, 0.086, 0.004, 0.012], [0.01, 0.012, 0.074, 0.106, 0.006, 0.006, 0.076, 