{"auroc": 0.5452023439378848, "aupr": 0.1417308883826177}