{"auroc": 0.988963941969223, "aupr": 0.9318655621544644}