{"auroc": 0.9995546768185077, "aupr": 0.9970303627732356, "y": [5, 6, 4, 7, 4, 1, 1, 4, 4, 4, 2, 5, 3, 0, 6, 7, 3, 0, 5, 2, 3, 0, 3, 4, 7, 7, 5, 6, 4, 7, 7, 0, 2, 2, 3, 2, 7, 2, 5, 6, 3, 6, 4, 7, 6, 7, 6, 3, 4, 0, 4, 4, 1, 0, 3, 2, 2, 2, 3, 0, 0, 4, 7, 4, 2, 7, 3, 2, 7, 0, 1, 6, 7, 1, 1, 0, 3, 1, 4, 7, 0, 7, 6, 2, 2, 2, 0, 0, 2, 5, 0, 7, 0, 2, 1, 4, 1, 7, 2, 7, 6, 3, 1, 0, 5, 3, 1, 7, 1, 3, 6, 7, 3, 2, 4, 0, 4, 7, 1, 2, 7, 2, 0, 2, 2, 6, 6, 3, 7, 1, 1, 4, 5, 6, 1, 2, 6, 7, 3, 3, 5, 6, 2, 0, 0, 5, 5, 0, 7, 6, 2, 1, 1, 1, 7, 0, 5, 7, 1, 1, 4, 4, 1, 0, 5, 6, 4, 7, 1, 4, 7, 6, 0, 0, 2, 6, 5, 0, 6, 4, 6, 1, 0, 3, 5, 6, 6, 2, 3, 3, 3, 0, 4, 0, 7, 5, 0, 2, 4, 0, 2, 6, 2, 3, 1, 6, 7, 3, 3, 7, 0, 3, 0, 0, 3, 0, 2, 7, 1, 2, 3, 0, 1, 0, 3, 2, 5, 7, 7, 6, 4, 1, 5, 5, 2, 6, 7, 0, 2, 5, 3, 5, 5, 3, 4, 3, 7, 5, 5, 6, 1, 7, 5, 4, 7, 3, 1, 5, 0, 5, 1, 0, 7, 1, 3, 6, 1, 0, 4, 4, 5, 3, 6, 6, 3, 7, 7, 6, 6, 3, 1, 3, 3, 5, 0, 6, 0, 2, 4, 3, 4, 6, 4, 0, 7, 3, 7, 2, 1, 7, 5, 3, 6, 6, 0, 4, 1, 3, 1, 3, 6, 2, 1, 3, 0, 4, 6, 1, 1, 2, 2, 2, 4, 3], "y-hat": [[0.072, 0.154, 0.004, 0.002, 0.056, 0.692, 0.004, 0.016], [0.04, 0.016, 0.182, 0.048, 0.008, 0.02, 0.666, 0.02], [0.012, 0.022, 0.002, 0.0, 0.886, 0.07, 0.004, 0.004], [0.014, 0.022, 0.09, 0.118, 0.028, 0.018, 0.004, 0.706], [0.044, 0.014, 0.0, 0.0, 0.904, 0.038, 0.0, 0.0], [0.088, 0.688, 0.022, 0.018, 0.038, 0.128, 0.002, 0.016], [0.176, 0.614, 0.022, 0.024, 0.062, 0.074, 0.02, 0.008], [0.124, 0.356, 0.0, 0.0, 0.47, 0.044, 0.002, 0.004], [0.062, 0.05, 0.0, 0.0, 0.846, 0.04, 0.0, 0.002], [0.194, 0.08, 0.0, 0.0, 0.626, 0.096, 0.0, 0.004], [0.004, 0.006, 0.736, 0.118, 0.0, 0.002, 0.124, 0.01], [0.08, 0.128, 0.002, 0.006, 0.076, 0.688, 0.006, 0.014], [0.002, 0.0, 0.078, 0.75, 0.0, 0.0, 0.15, 0.02], [0.694, 0.07, 0.066, 0.014, 0.018, 0.058, 0.066, 0.014], [0.032, 0.004, 0.13, 0.07, 0.002, 0.004, 0.716, 0.042], [0.01, 0.036, 0.068, 0.022, 0.006, 0.0, 0.084, 0.774], [0.004, 0.0, 0.034, 0.836, 0.0, 0.002, 0.032, 0.092], [0.388, 0.072, 0.0, 0.0, 0.49, 0.022, 0.0, 0.028], [0.138, 0.166, 0.002, 0.008, 0.208, 0.398, 0.002, 0.078], [0.01, 0.004, 0.472, 0.13, 0.002, 0.002, 0.344, 0.036], [0.016, 0.0, 0.128, 0.526, 0.0, 0.0, 0.324, 0.006], [0.484, 0.118, 0.02, 0.02, 0.164, 0.144, 0.026, 0.024], [0.0, 0.012, 0.064, 0.704, 0.0, 0.0, 0.06, 0.16], [0.022, 0.074, 0.002, 0.006, 0.776, 0.106, 0.0, 0.014], [0.006, 0.004, 0.016, 0.122, 0.0, 0.002, 0.042, 0.808], [0.012, 0.012, 0.062, 0.024, 0.0, 0.002, 0.014, 0.874], [0.02, 0.036, 0.0, 0.0, 0.36, 0.582, 0.0, 0.002], [0.002, 0.004, 0.18, 0.158, 0.0, 0.002, 0.582, 0.072], [0.064, 0.024, 0.006, 0.0, 0.84, 0.062, 0.002, 0.002], [0.026, 0.028, 0.126, 0.204, 0.038, 0.018, 0.01, 0.55], [0.01, 0.014, 0.016, 0.084, 0.0, 0.006, 0.032, 0.838], [0.854, 0.036, 0.02, 0.008, 0.014, 0.03, 0.028, 0.01], [0.026, 0.0, 0.774, 0.04, 0.0, 0.004, 0.14, 0.016], [0.026, 0.004, 0.49, 0.194, 0.008, 0.0, 0.246, 0.032], [0.0, 0.0, 0.064, 0.774, 0.0, 0.0, 0.048, 0.114], [0.002, 0.012, 0.708, 0.108, 0.002, 0.002, 0.146, 0.02], [0.016, 0.026, 0.08, 0.044, 0.008, 0.02, 0.042, 0.764], [0.006, 0.004, 0.786, 0.114, 0.004, 0.004, 0.056, 0.026], [0.09, 0.148, 0.01, 0.002, 0.168, 0.532, 0.016, 0.034], [0.002, 0.002, 0.172, 0.238, 0.0, 0.002, 0.504, 0.08], [0.0, 0.002, 0.042, 0.676, 0.0, 0.0, 0.254, 0.026], [0.008, 0.002, 0.022, 0.074, 0.0, 0.004, 0.836, 0.054], [0.072, 0.048, 0.0, 0.0, 0.73, 0.15, 0.0, 0.0], [0.016, 0.046, 0.016, 0.05, 0.004, 0.002, 0.142, 0.724], [0.01, 0.004, 0.188, 0.084, 0.0, 0.008, 0.696, 0.01], [0.008, 0.024, 0.106, 0.038, 0.012, 0.034, 0.06, 0.718], [0.008, 0.002, 0.034, 0.174, 0.0, 0.002, 0.76, 0.02], [0.002, 0.002, 0.05, 0.904, 0.004, 0.0, 0.03, 0.008], [0.014, 0.002, 0.0, 0.002, 0.922, 0.058, 0.0, 0.002], [0.89, 0.06, 0.004, 0.01, 0.004, 0.012, 0.012, 0.008], [0.118, 0.056, 0.0, 0.0, 0.662, 0.164, 0.0, 0.0], [0.224, 0.202, 0.004, 0.0, 0.468, 0.08, 0.004, 0.018], [0.178, 0.696, 0.0, 0.004, 0.03, 0.076, 0.004, 0.012], [0.628, 0.032, 0.002, 0.0, 0.25, 0.084, 0.0, 0.004], [0.002, 0.002, 0.048, 0.814, 0.0, 0.0, 0.12, 0.014], [0.016, 0.004, 0.592, 0.104, 0.0, 0.0, 0.262, 0.022], [0.002, 0.002, 0.772, 0.114, 0.0, 0.0, 0.108, 0.002], [0.002, 0.0, 0.904, 0.022, 0.0, 0.0, 0.066, 0.006], [0.006, 0.006, 0.042, 0.8, 0.0, 0.0, 0.122, 0.024], [0.636, 0.06, 0.082, 0.052, 0.01, 0.052, 0.084, 0.024], [0.64, 0.13, 0.002, 0.002, 0.122, 0.084, 0.006, 0.014], [0.016, 0.016, 0.0, 0.0, 0.918, 0.044, 0.0, 0.006], [0.004, 0.008, 0.072, 0.174, 0.01, 0.002, 0.002, 0.728], [0.03, 0.066, 0.012, 0.01, 0.798, 0.064, 0.002, 0.018], [0.02, 0.012, 0.446, 0.2, 0.0, 0.004, 0.254, 0.064], [0.084, 0.042, 0.3, 0.078, 0.002, 0.016, 0.054, 0.424], [0.0, 0.0, 0.1, 0.724, 0.0, 0.002, 0.168, 0.006], [0.008, 0.0, 0.86, 0.06, 0.002, 0.004, 0.02, 0.046], [0.006, 0.008, 0.03, 0.096, 0.0, 0.004, 0.062, 0.794], [0.674, 0.19, 0.004, 0.002, 0.052, 0.066, 0.006, 0.006], [0.044, 0.838, 0.004, 0.0, 0.06, 0.032, 0.01, 0.012], [0.004, 0.0, 0.162, 0.126, 0.0, 0.006, 0.636, 0.066], [0.012, 0.02, 0.03, 0.03, 0.006, 0.004, 0.084, 0.814], [0.246, 0.338, 0.08, 0.04, 0.114, 0.114, 0.034, 0.034], [0.094, 0.798, 0.024, 0.014, 0.034, 0.028, 0.0, 0.008], [0.736, 0.076, 0.02, 0.012, 0.036, 0.09, 0.02, 0.01], [0.006, 0.006, 0.054, 0.63, 0.0, 0.0, 0.27, 0.034], [0.176, 0.704, 0.002, 0.002, 0.04, 0.068, 0.0, 0.008], [0.094, 0.038, 0.0, 0.0, 0.68, 0.186, 0.002, 0.0], [0.024, 0.08, 0.006, 0.01, 0.004, 0.004, 0.128, 0.744], [0.886, 0.026, 0.018, 0.018, 0.004, 0.01, 0.034, 0.004], [0.06, 0.012, 0.142, 0.112, 0.008, 0.012, 0.152, 0.502], [0.022, 0.008, 0.122, 0.116, 0.004, 0.012, 0.688, 0.028], [0.002, 0.002, 0.922, 0.026, 0.0, 0.002, 0.022, 0.024], [0.008, 0.024, 0.646, 0.07, 0.0, 0.004, 0.144, 0.104], [0.032, 0.012, 0.75, 0.092, 0.008, 0.01, 0.056, 0.04], [0.888, 0.062, 0.002, 0.008, 0.012, 0.008, 0.004, 0.016], [0.624, 0.146, 0.01, 0.004, 0.09, 0.108, 0.008, 0.01], [0.004, 0.006, 0.772, 0.074, 0.002, 0.0, 0.11, 0.032], [0.212, 0.27, 0.004, 0.006, 0.094, 0.35, 0.014, 0.05], [0.558, 0.15, 0.002, 0.0, 0.196, 0.072, 0.008, 0.014], [0.036, 0.03, 0.098, 0.102, 0.016, 0.016, 0.002, 0.7], [0.536, 0.176, 0.01, 0.002, 0.138, 0.116, 0.012, 0.01], [0.014, 0.012, 0.708, 0.064, 0.0, 0.004, 0.082, 0.116], [0.22, 0.542, 0.002, 0.01, 0.054, 0.114, 0.008, 0.05], [0.292, 0.118, 0.002, 0.002, 0.498, 0.064, 0.01, 0.014], [0.138, 0.718, 0.05, 0.026, 0.014, 0.034, 0.008, 0.012], [0.084, 0.018, 0.022, 0.01, 0.018, 0.02, 0.034, 0.794], [0.008, 0.002, 0.668, 0.152, 0.004, 0.0, 0.104, 0.062], [0.006, 0.006, 0.02, 0.212, 0.002, 0.002, 0.088, 0.664], [0.006, 0.002, 0.254, 0.156, 0.0, 0.0, 0.506, 0.076], [0.002, 0.0, 0.058, 0.884, 0.0, 0.0, 0.03, 0.026], [0.166, 0.504, 0.046, 0.038, 0.074, 0.064, 0.044, 0.064], [0.602, 0.2, 0.008, 0.014, 0.092, 0.056, 0.006, 0.022], [0.004, 0.036, 0.0, 0.0, 0.238, 0.72, 0.0, 0.002], [0.002, 0.004, 0.068, 0.794, 0.004, 0.002, 0.04, 0.086], [0.144, 0.644, 0.02, 0.012, 0.03, 0.104, 0.006, 0.04], [0.006, 0.026, 0.08, 0.092, 0.004, 0.014, 0.086, 0.692], [0.172, 0.584, 0.026, 0.006, 0.06, 0.128, 0.022, 0.002], [0.008, 0.008, 0.014, 0.892, 0.0, 0.0, 0.034, 0.044], [0.002, 0.004, 0.062, 0.182, 0.0, 0.0, 0.722, 0.028], [0.054, 0.01, 0.182, 0.11, 0.002, 0.012, 0.108, 0.522], [0.042, 0.016, 0.078, 0.586, 0.002, 0.008, 0.212, 0.056], [0.004, 0.006, 0.644, 0.066, 0.002, 0.012, 0.022, 0.244], [0.2, 0.126, 0.002, 0.0, 0.59, 0.052, 0.0, 0.03], [0.336, 0.098, 0.002, 0.0, 0.49, 0.06, 0.0, 0.014], [0.074, 0.088, 0.0, 0.0, 0.54, 0.292, 0.0, 0.006], [0.156, 0.05, 0.258, 0.084, 0.022, 0.05, 0.062, 0.318], [0.076, 0.784, 0.0, 0.002, 0.064, 0.034, 0.01, 0.03], [0.026, 0.004, 0.67, 0.154, 0.014, 0.0, 0.074, 0.058], [0.008, 0.012, 0.028, 0.046, 0.002, 0.004, 0.092, 0.808], [0.0, 0.002, 0.894, 0.038, 0.0, 0.0, 0.058, 0.008], [0.41, 0.456, 0.006, 0.006, 0.054, 0.048, 0.008, 0.012], [0.0, 0.002, 0.732, 0.196, 0.0, 0.0, 0.056, 0.014], [0.004, 0.004, 0.764, 0.132, 0.0, 0.0, 0.086, 0.01], [0.026, 0.012, 0.178, 0.046, 0.002, 0.02, 0.682, 0.034], [0.002, 0.002, 0.07, 0.094, 0.0, 0.0, 0.81, 0.022], [0.016, 