{"auroc": 0.9999049078277092, "aupr": 0.999371208388244, "y": [0, 3, 4, 0, 1, 7, 0, 6, 1, 3, 6, 3, 6, 5, 5, 1, 2, 1, 5, 6, 7, 1, 4, 2, 7, 2, 3, 2, 4, 0, 6, 5, 0, 5, 4, 4, 0, 7, 1, 4, 4, 1, 2, 6, 5, 6, 3, 6, 1, 2, 7, 3, 3, 5, 5, 5, 5, 2, 3, 3, 1, 7, 0, 4, 7, 6, 1, 0, 2, 3, 7, 1, 3, 2, 2, 7, 4, 0, 2, 6, 4, 2, 7, 1, 4, 6, 7, 0, 4, 3, 4, 7, 5, 6, 5, 0, 0, 6, 2, 7, 6, 6, 1, 5, 2, 2, 7, 6, 3, 0, 7, 3, 5, 2, 3, 1, 6, 0, 4, 1, 6, 2, 3, 2, 6, 1, 0, 7, 0, 4, 4, 5, 4, 2, 7, 0, 4, 2, 7, 4, 0, 2, 6, 4, 3, 1, 5, 7, 3, 3, 7, 6, 4, 4, 3, 6, 7, 7, 4, 2, 0, 3, 0, 3, 1, 1, 6, 7, 3, 4, 4, 7, 7, 3, 6, 6, 0, 0, 2, 1, 7, 0, 4, 2, 0, 3, 4, 1, 2, 3, 6, 0, 2, 0, 1, 7, 3, 6, 1, 0, 3, 1, 2, 3, 1, 0, 0, 4, 0, 2, 7, 6, 1, 5, 2, 7, 4, 1, 2, 4, 2, 5, 1, 6, 5, 4, 1, 6, 0, 1, 7, 2, 4, 1, 0, 2, 7, 7, 1, 6, 5, 5, 0, 2, 3, 3, 4, 2, 5, 7, 1, 7, 2, 6, 1, 3, 2, 4, 6, 6, 1, 3, 3, 3, 4, 5, 2, 6, 3, 1, 6, 2, 0, 6, 4, 2, 7, 0, 0, 7, 4, 6, 0, 7, 0, 0, 6, 7, 5, 6, 2, 5, 0, 2, 4, 1, 7, 2, 2, 2, 6, 2, 3, 4, 6, 3, 7, 4, 5, 6, 0, 3, 4, 4, 5, 0, 2, 5, 3, 4, 4, 4, 4, 4], "y-hat": [[0.584, 0.228, 0.044, 0.026, 0.034, 0.024, 0.002, 0.058], [0.014, 0.0, 0.084, 0.828, 0.004, 0.004, 0.052, 0.014], [0.084, 0.2, 0.016, 0.01, 0.416, 0.192, 0.004, 0.078], [0.944, 0.012, 0.0, 0.004, 0.004, 0.01, 0.022, 0.004], [0.058, 0.726, 0.0, 0.0, 0.114, 0.076, 0.0, 0.026], [0.03, 0.016, 0.084, 0.04, 0.018, 0.022, 0.104, 0.686], [0.648, 0.244, 0.002, 0.0, 0.052, 0.052, 0.0, 0.002], [0.002, 0.002, 0.012, 0.018, 0.002, 0.006, 0.926, 0.032], [0.124, 0.422, 0.046, 0.036, 0.14, 0.068, 0.052, 0.112], [0.01, 0.0, 0.102, 0.782, 0.0, 0.0, 0.104, 0.002], [0.02, 0.012, 0.16, 0.048, 0.016, 0.016, 0.61, 0.118], [0.004, 0.006, 0.222, 0.618, 0.0, 0.0, 0.03, 0.12], [0.022, 0.03, 0.114, 0.118, 0.002, 0.012, 0.558, 0.144], [0.1, 0.094, 0.008, 0.004, 0.102, 0.628, 0.004, 0.06], [0.166, 0.128, 0.0, 0.002, 0.04, 0.632, 0.006, 0.026], [0.066, 0.784, 0.002, 0.002, 0.094, 0.04, 0.0, 0.012], [0.016, 0.004, 0.522, 0.066, 0.0, 0.0, 0.354, 0.038], [0.242, 0.566, 0.018, 0.064, 0.01, 0.016, 0.036, 0.048], [0.042, 0.03, 0.0, 0.0, 0.078, 0.842, 0.002, 0.006], [0.028, 0.026, 0.07, 0.162, 0.002, 0.0, 0.644, 0.068], [0.16, 0.124, 0.082, 0.022, 0.064, 0.064, 0.022, 0.462], [0.192, 0.63, 0.002, 0.0, 0.122, 0.044, 0.0, 0.01], [0.092, 0.226, 0.0, 0.0, 0.578, 0.084, 0.002, 0.018], [0.076, 0.046, 0.596, 0.056, 0.032, 0.052, 0.06, 0.082], [0.02, 0.02, 0.024, 0.04, 0.002, 0.002, 0.004, 0.888], [0.0, 0.002, 0.886, 0.104, 0.0, 0.0, 0.006, 0.002], [0.006, 0.0, 0.026, 0.902, 0.0, 0.0, 0.062, 0.004], [0.012, 0.03, 0.792, 0.032, 0.002, 0.004, 0.06, 0.068], [0.094, 0.094, 0.0, 0.0, 0.73, 0.072, 0.004, 0.006], [0.69, 0.074, 0.01, 0.012, 0.042, 0.146, 0.01, 0.016], [0.002, 0.002, 0.108, 0.048, 0.0, 0.0, 0.818, 0.022], [0.09, 0.148, 0.002, 0.0, 0.104, 0.656, 0.0, 0.0], [0.766, 0.048, 0.0, 0.01, 0.044, 0.094, 0.014, 0.024], [0.066, 0.178, 0.012, 0.008, 0.076, 0.574, 0.008, 0.078], [0.196, 0.062, 0.0, 0.0, 0.69, 0.046, 0.0, 0.006], [0.174, 0.15, 0.002, 0.0, 0.638, 0.036, 0.0, 0.0], [0.526, 0.25, 0.004, 0.006, 0.108, 0.07, 0.002, 0.034], [0.038, 0.042, 0.058, 0.05, 0.008, 0.018, 0.04, 0.746], [0.098, 0.76, 0.008, 0.0, 0.06, 0.052, 0.002, 0.02], [0.104, 0.074, 0.002, 0.0, 0.424, 0.37, 0.002, 0.024], [0.03, 0.002, 0.0, 0.0, 0.936, 0.032, 0.0, 0.0], [0.126, 0.436, 0.002, 0.0, 0.266, 0.158, 0.0, 0.012], [0.0, 0.004, 0.844, 0.062, 0.0, 0.0, 0.062, 0.028], [0.026, 0.004, 0.094, 0.02, 0.002, 0.002, 0.806, 0.046], [0.02, 0.06, 0.0, 0.0, 0.108, 0.802, 0.002, 0.008], [0.012, 0.006, 0.382, 0.076, 0.008, 0.012, 0.482, 0.022], [0.006, 0.004, 0.074, 0.804, 0.0, 0.0, 0.038, 0.074], [0.022, 0.024, 0.036, 0.244, 0.0, 0.0, 0.572, 0.102], [0.146, 0.506, 0.008, 0.0, 0.212, 0.112, 0.002, 0.014], [0.032, 0.036, 0.706, 0.116, 0.006, 0.006, 0.024, 0.074], [0.024, 0.04, 0.016, 0.014, 0.016, 0.054, 0.018, 0.818], [0.004, 0.006, 0.18, 0.636, 0.0, 0.0, 0.154, 0.02], [0.036, 0.02, 0.162, 0.692, 0.004, 0.002, 0.05, 0.034], [0.092, 0.086, 0.024, 0.026, 0.102, 0.638, 0.018, 0.014], [0.08, 0.094, 0.002, 0.0, 0.13, 0.664, 0.004, 0.026], [0.154, 0.092, 0.006, 0.002, 0.058, 0.666, 0.006, 0.016], [0.144, 0.118, 0.004, 0.006, 0.042, 0.662, 0.016, 0.008], [0.008, 0.004, 0.916, 0.028, 0.0, 0.0, 0.014, 0.03], [0.056, 0.016, 0.026, 0.72, 0.002, 0.002, 0.142, 0.036], [0.01, 0.002, 0.064, 0.862, 0.0, 0.0, 0.044, 0.018], [0.17, 0.594, 0.0, 0.0, 0.098, 0.116, 0.0, 0.022], [0.002, 0.004, 0.034, 0.058, 0.004, 0.0, 0.028, 0.87], [0.682, 0.184, 0.008, 0.01, 0.008, 0.036, 0.01, 0.062], [0.324, 0.128, 0.002, 0.0, 0.484, 0.04, 0.01, 0.012], [0.018, 0.034, 0.102, 0.024, 0.02, 0.032, 0.112, 0.658], [0.006, 0.006, 0.084, 0.178, 0.0, 0.002, 0.598, 0.126], [0.09, 0.612, 0.008, 0.02, 0.088, 0.098, 0.008, 0.076], [0.592, 0.208, 0.034, 0.024, 0.048, 0.044, 0.0, 0.05], [0.008, 0.014, 0.698, 0.052, 0.0, 0.01, 0.018, 0.2], [0.004, 0.002, 0.064, 0.874, 0.002, 0.0, 0.026, 0.028], [0.002, 0.0, 0.074, 0.138, 0.002, 0.004, 0.06, 0.72], [0.13, 0.472, 0.046, 0.028, 0.104, 0.122, 0.034, 0.064], [0.068, 0.022, 0.32, 0.324, 0.0, 0.004, 0.166, 0.096], [0.04, 0.038, 0.754, 0.098, 0.008, 0.002, 0.018, 0.042], [0.002, 0.0, 0.914, 0.064, 0.0, 0.0, 0.02, 0.0], [0.014, 0.01, 0.02, 0.022, 0.002, 0.01, 0.012, 0.91], [0.096, 0.082, 0.0, 0.0, 0.794, 0.024, 0.0, 0.004], [0.822, 0.078, 0.004, 0.012, 0.018, 0.04, 0.026, 0.0], [0.01, 0.002, 0.818, 0.062, 0.0, 0.0, 0.086, 0.022], [0.008, 0.01, 0.056, 0.206, 0.0, 0.0, 0.664, 0.056], [0.202, 0.434, 0.004, 0.002, 0.282, 0.064, 0.004, 0.008], [0.024, 0.024, 0.628, 0.058, 0.006, 0.018, 0.178, 0.064], [0.01, 0.002, 0.028, 0.04, 0.0, 0.006, 0.008, 0.906], [0.194, 0.656, 0.012, 0.026, 0.038, 0.044, 0.018, 0.012], [0.072, 0.042, 0.0, 0.0, 0.84, 0.046, 0.0, 0.0], [0.014, 0.016, 0.136, 0.026, 0.006, 0.01, 0.762, 0.03], [0.02, 0.04, 0.094, 0.07, 0.008, 0.018, 0.03, 0.72], [0.482, 0.042, 0.0, 0.0, 0.348, 0.084, 0.004, 0.04], [0.106, 0.042, 0.002, 0.004, 0.692, 0.144, 0.008, 0.002], [0.004, 0.0, 0.102, 0.792, 0.0, 0.0, 0.098, 0.004], [0.28, 0.11, 0.006, 0.0, 0.326, 0.228, 0.004, 0.046], [0.01, 0.012, 0.028, 0.004, 0.012, 0.008, 0.04, 0.886], [0.104, 0.056, 0.006, 0.0, 0.178, 0.654, 0.002, 0.0], [0.016, 0.002, 0.05, 0.238, 0.006, 0.002, 0.654, 0.032], [0.08, 0.07, 0.002, 0.0, 0.246, 0.594, 0.004, 0.004], [0.888, 0.062, 0.0, 0.002, 0.01, 0.028, 0.004, 0.006], [0.718, 0.074, 0.008, 0.04, 0.054, 0.07, 0.008, 0.028], [0.0, 0.002, 0.326, 0.062, 0.0, 0.0, 0.578, 0.032], [0.004, 0.004, 0.712, 0.114, 0.0, 0.002, 0.104, 0.06], [0.13, 0.108, 0.018, 0.032, 0.018, 0.084, 0.024, 0.586], [0.008, 0.004, 0.292, 0.102, 0.0, 0.0, 0.582, 0.012], [0.018, 0.018, 0.116, 0.012, 0.0, 0.006, 0.802, 0.028], [0.078, 0.308, 0.002, 0.002, 0.356, 0.238, 0.006, 0.01], [0.166, 0.068, 0.004, 0.002, 0.198, 0.504, 0.002, 0.056], [0.012, 0.016, 0.662, 0.03, 0.0, 0.004, 0.114, 0.162], [0.0, 0.0, 0.936, 0.028, 0.0, 0.0, 0.028, 0.008], [0.004, 0.004, 0.038, 0.046, 0.004, 0.002, 0.096, 0.806], [0.002, 0.004, 0.006, 0.03, 0.0, 0.002, 0.93, 0.026], [0.04, 0.018, 0.036, 0.586, 0.002, 0.0, 0.286, 0.032], [0.452, 0.288, 0.006, 0.01, 0.144, 0.088, 0.006, 0.006], [0.012, 0.002, 0.034, 0.014, 0.002, 0.006, 0.016, 0.914], [0.002, 0.006, 0.036, 0.692, 0.0, 0.0, 0.256, 0.008], [0.128, 0.06, 0.0, 0.008, 0.102, 0.672, 0.008, 0.022], [0.02, 0.006, 0.83, 0.036, 0.0, 0.002, 0.05, 0.056], [0.016, 0.004, 0.164, 0.744, 0.0, 0.002, 0.056, 0.014], [0.102, 0.624, 0.006, 0.0, 0.148, 0.088, 0.002, 0.03], [0.002, 0.004, 0.012, 0.022, 0.0, 0.0, 0.92, 0.04], [0.944, 0.01, 0.0, 0.008, 0.002, 0.02, 0.012, 0.004], [0.232, 0.05, 0.014, 0.01, 0.526, 0.142, 0.012, 0.014], [0.056, 0.75, 0.004, 0.008, 0.108, 0.056, 0.0, 0.018], [0.004, 0.004, 0.02, 0.05, 0.002, 0.0, 0.834, 0.086], [0.012, 0.002, 0.768, 0.106, 0.0, 0.002, 0.074, 0.036], [0.002, 0.0, 0.046, 0.922, 0.0, 0.0, 0.012, 0.018], [0.014, 0.002, 0.83, 0.036, 0.0, 0.002, 0.106, 0.01], [0.008, 0.004, 0.036, 0.094, 0.002, 0.014, 0.75, 0.092], [0.146, 0.686, 0.0, 0.0, 0.07, 0.076, 0.002, 0.02], [0.578, 0.182, 0.002, 0.008, 0.07, 0.13, 0.01, 0.02], 