{"auroc": 0.9554911505198586, "aupr": 0.7678337711654842}