{"auroc": 0.969257543458243, "aupr": 0.8333084688626113}