{"auroc": 0.907100810289005, "aupr": 0.6020303614813934}