{"auroc": 0.9992525512498464, "aupr": 0.9945555480335383}